gate	KO	gene	strategy_axis	module	submodule	samples_detected_at_least_3_reads	detected_sample_ids	samples_mate_replicated	mate_replicated_sample_ids	pooled_accepted_read_count	SRR18183467_count	SRR18183468_count	SRR18183469_count	SRR18183470_count
broad	K00066	algD	surface_retention	biofilm_eps_surface	alginate	4	SRR18183467,SRR18183468,SRR18183469,SRR18183470	4	SRR18183467,SRR18183468,SRR18183469,SRR18183470	590	71	28	140	351
broad	K00130	betB, gbsA	cell_maintenance	osmotic_desiccation_salt	betaine	4	SRR18183467,SRR18183468,SRR18183469,SRR18183470	4	SRR18183467,SRR18183468,SRR18183469,SRR18183470	1891	79	1272	162	378
broad	K00383	GSR, gor	cell_maintenance	oxidative_redox	thiol_redox	4	SRR18183467,SRR18183468,SRR18183469,SRR18183470	4	SRR18183467,SRR18183468,SRR18183469,SRR18183470	437	46	66	111	214
broad	K00384	trxB, TRR	cell_maintenance	oxidative_redox	thiol_redox	4	SRR18183467,SRR18183468,SRR18183469,SRR18183470	4	SRR18183467,SRR18183468,SRR18183469,SRR18183470	4083	544	1358	734	1447
broad	K00436	hoxH	energy_acquisition	trace_gas_energy	hydrogenase	0		0		0	0	0	0	0
broad	K00437	hydB	energy_acquisition	trace_gas_energy	hydrogenase	0		0		0	0	0	0	0
broad	K00440	frhA	energy_acquisition	trace_gas_energy	hydrogenase	0		0		0	0	0	0	0
broad	K00441	frhB	energy_acquisition	trace_gas_energy	hydrogenase	4	SRR18183467,SRR18183468,SRR18183469,SRR18183470	4	SRR18183467,SRR18183468,SRR18183469,SRR18183470	1149	97	789	24	239
broad	K00694	bcsA	surface_retention	biofilm_eps_surface	cellulose	4	SRR18183467,SRR18183468,SRR18183469,SRR18183470	4	SRR18183467,SRR18183468,SRR18183469,SRR18183470	31	7	4	16	4
broad	K00697	otsA	cell_maintenance	osmotic_desiccation_salt	trehalose	4	SRR18183467,SRR18183468,SRR18183469,SRR18183470	4	SRR18183467,SRR18183468,SRR18183469,SRR18183470	2460	104	885	671	800
broad	K01087	otsB	cell_maintenance	osmotic_desiccation_salt	trehalose	4	SRR18183467,SRR18183468,SRR18183469,SRR18183470	4	SRR18183467,SRR18183468,SRR18183469,SRR18183470	1743	124	860	180	579
broad	K01139	spoT	cell_maintenance	dormancy_resuscitation	stringent_response	4	SRR18183467,SRR18183468,SRR18183469,SRR18183470	4	SRR18183467,SRR18183468,SRR18183469,SRR18183470	5562	514	2417	656	1975
broad	K01546	kdpA	cell_maintenance	osmotic_desiccation_salt	potassium_homeostasis	4	SRR18183467,SRR18183468,SRR18183469,SRR18183470	4	SRR18183467,SRR18183468,SRR18183469,SRR18183470	404	102	3	176	123
broad	K01547	kdpB	cell_maintenance	osmotic_desiccation_salt	potassium_homeostasis	4	SRR18183467,SRR18183468,SRR18183469,SRR18183470	4	SRR18183467,SRR18183468,SRR18183469,SRR18183470	369	51	16	177	125
broad	K01548	kdpC	cell_maintenance	osmotic_desiccation_salt	potassium_homeostasis	3	SRR18183467,SRR18183469,SRR18183470	3	SRR18183467,SRR18183469,SRR18183470	115	27	0	36	52
broad	K01601	rbcL, cbbL	energy_acquisition	trace_gas_energy	carbon_fixation	4	SRR18183467,SRR18183468,SRR18183469,SRR18183470	4	SRR18183467,SRR18183468,SRR18183469,SRR18183470	2208	221	992	147	848
broad	K01602	rbcS, cbbS	energy_acquisition	trace_gas_energy	carbon_fixation	4	SRR18183467,SRR18183468,SRR18183469,SRR18183470	4	SRR18183467,SRR18183468,SRR18183469,SRR18183470	581	70	286	33	192
broad	K01669	phr, PHR1	cell_maintenance	dna_repair_radiation	photorepair	4	SRR18183467,SRR18183468,SRR18183469,SRR18183470	4	SRR18183467,SRR18183468,SRR18183469,SRR18183470	1475	76	841	7	551
broad	K02000	proV	cell_maintenance	osmotic_desiccation_salt	compatible_solute_transport	4	SRR18183467,SRR18183468,SRR18183469,SRR18183470	4	SRR18183467,SRR18183468,SRR18183469,SRR18183470	1394	206	876	67	245
broad	K02001	proW	cell_maintenance	osmotic_desiccation_salt	compatible_solute_transport	4	SRR18183467,SRR18183468,SRR18183469,SRR18183470	4	SRR18183467,SRR18183468,SRR18183469,SRR18183470	631	74	298	94	165
broad	K02002	proX	cell_maintenance	osmotic_desiccation_salt	compatible_solute_transport	4	SRR18183467,SRR18183468,SRR18183469,SRR18183470	4	SRR18183467,SRR18183468,SRR18183469,SRR18183470	2626	324	1652	54	596
broad	K03386	PRDX2_4, ahpC	cell_maintenance	oxidative_redox	peroxide_detox	4	SRR18183467,SRR18183468,SRR18183469,SRR18183470	4	SRR18183467,SRR18183468,SRR18183469,SRR18183470	209	15	80	64	50
broad	K03387	ahpF	cell_maintenance	oxidative_redox	peroxide_detox	2	SRR18183468,SRR18183469	2	SRR18183468,SRR18183469	71	0	54	15	2
broad	K03518	coxS	energy_acquisition	trace_gas_energy	carbon_monoxide	4	SRR18183467,SRR18183468,SRR18183469,SRR18183470	4	SRR18183467,SRR18183468,SRR18183469,SRR18183470	3042	356	1226	203	1257
broad	K03519	coxM, cutM	energy_acquisition	trace_gas_energy	carbon_monoxide	4	SRR18183467,SRR18183468,SRR18183469,SRR18183470	4	SRR18183467,SRR18183468,SRR18183469,SRR18183470	3525	365	1321	293	1546
broad	K03520	coxL, cutL	energy_acquisition	trace_gas_energy	carbon_monoxide	4	SRR18183467,SRR18183468,SRR18183469,SRR18183470	4	SRR18183467,SRR18183468,SRR18183469,SRR18183470	7285	501	2986	638	3160
broad	K03553	recA	cell_maintenance	dna_repair_radiation	recombination	4	SRR18183467,SRR18183468,SRR18183469,SRR18183470	4	SRR18183467,SRR18183468,SRR18183469,SRR18183470	6033	713	2330	724	2266
broad	K03555	mutS	cell_maintenance	dna_repair_radiation	mismatch_repair	4	SRR18183467,SRR18183468,SRR18183469,SRR18183470	4	SRR18183467,SRR18183468,SRR18183469,SRR18183470	3889	528	1451	756	1154
broad	K03572	mutL	cell_maintenance	dna_repair_radiation	mismatch_repair	4	SRR18183467,SRR18183468,SRR18183469,SRR18183470	4	SRR18183467,SRR18183468,SRR18183469,SRR18183470	3556	405	1460	540	1151
broad	K03581	recD	cell_maintenance	dna_repair_radiation	recombination	4	SRR18183467,SRR18183468,SRR18183469,SRR18183470	4	SRR18183467,SRR18183468,SRR18183469,SRR18183470	2052	150	1019	414	469
broad	K03582	recB	cell_maintenance	dna_repair_radiation	recombination	4	SRR18183467,SRR18183468,SRR18183469,SRR18183470	4	SRR18183467,SRR18183468,SRR18183469,SRR18183470	1698	112	772	308	506
broad	K03583	recC	cell_maintenance	dna_repair_radiation	recombination	4	SRR18183467,SRR18183468,SRR18183469,SRR18183470	4	SRR18183467,SRR18183468,SRR18183469,SRR18183470	1750	114	776	323	537
broad	K03657	uvrD, pcrA	cell_maintenance	dna_repair_radiation	nucleotide_excision	4	SRR18183467,SRR18183468,SRR18183469,SRR18183470	4	SRR18183467,SRR18183468,SRR18183469,SRR18183470	14731	1639	5932	1719	5441
broad	K03671	TXN, trxA	cell_maintenance	oxidative_redox	thiol_redox	4	SRR18183467,SRR18183468,SRR18183469,SRR18183470	4	SRR18183467,SRR18183468,SRR18183469,SRR18183470	3045	251	1071	666	1057
broad	K03701	uvrA	cell_maintenance	dna_repair_radiation	nucleotide_excision	4	SRR18183467,SRR18183468,SRR18183469,SRR18183470	4	SRR18183467,SRR18183468,SRR18183469,SRR18183470	16062	1831	5356	3044	5831
broad	K03702	uvrB	cell_maintenance	dna_repair_radiation	nucleotide_excision	4	SRR18183467,SRR18183468,SRR18183469,SRR18183470	4	SRR18183467,SRR18183468,SRR18183469,SRR18183470	8300	842	3270	1496	2692
broad	K03703	uvrC	cell_maintenance	dna_repair_radiation	nucleotide_excision	4	SRR18183467,SRR18183468,SRR18183469,SRR18183470	4	SRR18183467,SRR18183468,SRR18183469,SRR18183470	7100	818	2463	1161	2658
broad	K03704	cspA	cell_maintenance	cold_protein_quality	cold_shock	4	SRR18183467,SRR18183468,SRR18183469,SRR18183470	4	SRR18183467,SRR18183468,SRR18183469,SRR18183470	3042	379	959	471	1233
broad	K03781	katE, CAT, catB, srpA	cell_maintenance	oxidative_redox	peroxide_detox	4	SRR18183467,SRR18183468,SRR18183469,SRR18183470	4	SRR18183467,SRR18183468,SRR18183469,SRR18183470	7409	825	3286	173	3125
broad	K03782	katG	cell_maintenance	oxidative_redox	peroxide_detox	4	SRR18183467,SRR18183468,SRR18183469,SRR18183470	4	SRR18183467,SRR18183468,SRR18183469,SRR18183470	1743	80	727	308	628
broad	K04047	dps	cell_maintenance	dna_repair_radiation	dna_protection	4	SRR18183467,SRR18183468,SRR18183469,SRR18183470	4	SRR18183467,SRR18183468,SRR18183469,SRR18183470	739	115	210	130	284
broad	K04564	SOD2	cell_maintenance	oxidative_redox	superoxide_detox	4	SRR18183467,SRR18183468,SRR18183469,SRR18183470	4	SRR18183467,SRR18183468,SRR18183469,SRR18183470	3368	421	1318	493	1136
broad	K04565	SOD1	cell_maintenance	oxidative_redox	superoxide_detox	4	SRR18183467,SRR18183468,SRR18183469,SRR18183470	4	SRR18183467,SRR18183468,SRR18183469,SRR18183470	1681	167	834	164	516
broad	K04641	bop	energy_acquisition	light_energy	rhodopsin	0		0		1	1	0	0	0
broad	K04642	hop	energy_acquisition	light_energy	rhodopsin	0		0		0	0	0	0	0
broad	K05343	treS	cell_maintenance	osmotic_desiccation_salt	trehalose	4	SRR18183467,SRR18183468,SRR18183469,SRR18183470	4	SRR18183467,SRR18183468,SRR18183469,SRR18183470	6790	368	3470	683	2269
broad	K05592	deaD, cshA	cell_maintenance	cold_protein_quality	rna_helicase	4	SRR18183467,SRR18183468,SRR18183469,SRR18183470	4	SRR18183467,SRR18183468,SRR18183469,SRR18183470	1977	214	768	195	800
broad	K06381	spoIID	cell_maintenance	dormancy_resuscitation	sporulation	4	SRR18183467,SRR18183468,SRR18183469,SRR18183470	4	SRR18183467,SRR18183468,SRR18183469,SRR18183470	2486	255	1535	209	487
broad	K06390	spoIIIAA	cell_maintenance	dormancy_resuscitation	sporulation	1	SRR18183468	1	SRR18183468	27	0	27	0	0
broad	K06718	ectA	cell_maintenance	osmotic_desiccation_salt	ectoine	4	SRR18183467,SRR18183468,SRR18183469,SRR18183470	4	SRR18183467,SRR18183468,SRR18183469,SRR18183470	374	6	176	5	187
broad	K06720	ectC	cell_maintenance	osmotic_desiccation_salt	ectoine	4	SRR18183467,SRR18183468,SRR18183469,SRR18183470	4	SRR18183467,SRR18183468,SRR18183469,SRR18183470	384	12	203	8	161
broad	K07646	kdpD	cell_maintenance	osmotic_desiccation_salt	potassium_homeostasis	4	SRR18183467,SRR18183468,SRR18183469,SRR18183470	4	SRR18183467,SRR18183468,SRR18183469,SRR18183470	866	148	67	365	286
broad	K07667	kdpE	cell_maintenance	osmotic_desiccation_salt	potassium_homeostasis	4	SRR18183467,SRR18183468,SRR18183469,SRR18183470	4	SRR18183467,SRR18183468,SRR18183469,SRR18183470	482	42	119	188	133
broad	K07699	spo0A	cell_maintenance	dormancy_resuscitation	sporulation	1	SRR18183468	1	SRR18183468	89	0	89	0	0
broad	K10255	FAD6, desA	cell_maintenance	cold_protein_quality	membrane_adaptation	4	SRR18183467,SRR18183468,SRR18183469,SRR18183470	4	SRR18183467,SRR18183468,SRR18183469,SRR18183470	384	21	39	168	156
broad	K10674	ectD	cell_maintenance	osmotic_desiccation_salt	ectoine	4	SRR18183467,SRR18183468,SRR18183469,SRR18183470	4	SRR18183467,SRR18183468,SRR18183469,SRR18183470	382	3	252	11	116
broad	K11180	dsrA	energy_acquisition	sulfur_chemolithotrophy	dissimilatory_sulfite	0		0		2	0	0	2	0
broad	K11181	dsrB	energy_acquisition	sulfur_chemolithotrophy	dissimilatory_sulfite	0		0		2	0	0	2	0
broad	K11935	pgaA	surface_retention	biofilm_eps_surface	pga	3	SRR18183467,SRR18183469,SRR18183470	2	SRR18183469,SRR18183470	67	3	2	56	6
broad	K17222	soxA	energy_acquisition	sulfur_chemolithotrophy	sox	4	SRR18183467,SRR18183468,SRR18183469,SRR18183470	4	SRR18183467,SRR18183468,SRR18183469,SRR18183470	83	8	12	28	35
broad	K17223	soxX	energy_acquisition	sulfur_chemolithotrophy	sox	3	SRR18183468,SRR18183469,SRR18183470	3	SRR18183468,SRR18183469,SRR18183470	55	2	7	28	18
broad	K17224	soxB	energy_acquisition	sulfur_chemolithotrophy	sox	4	SRR18183467,SRR18183468,SRR18183469,SRR18183470	4	SRR18183467,SRR18183468,SRR18183469,SRR18183470	112	21	7	30	54
broad	K17225	soxC	energy_acquisition	sulfur_chemolithotrophy	sox	4	SRR18183467,SRR18183468,SRR18183469,SRR18183470	4	SRR18183467,SRR18183468,SRR18183469,SRR18183470	202	21	40	69	72
broad	K17229	fccB	energy_acquisition	sulfur_chemolithotrophy	sox	4	SRR18183467,SRR18183468,SRR18183469,SRR18183470	4	SRR18183467,SRR18183468,SRR18183469,SRR18183470	177	8	35	64	70
broad	K20543	bcsC	surface_retention	biofilm_eps_surface	cellulose	3	SRR18183467,SRR18183469,SRR18183470	3	SRR18183467,SRR18183469,SRR18183470	9	3	0	3	3
primary	K00066	algD	surface_retention	biofilm_eps_surface	alginate	4	SRR18183467,SRR18183468,SRR18183469,SRR18183470	4	SRR18183467,SRR18183468,SRR18183469,SRR18183470	557	65	28	133	331
primary	K00130	betB, gbsA	cell_maintenance	osmotic_desiccation_salt	betaine	4	SRR18183467,SRR18183468,SRR18183469,SRR18183470	4	SRR18183467,SRR18183468,SRR18183469,SRR18183470	1804	75	1217	148	364
primary	K00383	GSR, gor	cell_maintenance	oxidative_redox	thiol_redox	4	SRR18183467,SRR18183468,SRR18183469,SRR18183470	4	SRR18183467,SRR18183468,SRR18183469,SRR18183470	411	44	61	100	206
primary	K00384	trxB, TRR	cell_maintenance	oxidative_redox	thiol_redox	4	SRR18183467,SRR18183468,SRR18183469,SRR18183470	4	SRR18183467,SRR18183468,SRR18183469,SRR18183470	3744	489	1233	682	1340
primary	K00436	hoxH	energy_acquisition	trace_gas_energy	hydrogenase	0		0		0	0	0	0	0
primary	K00437	hydB	energy_acquisition	trace_gas_energy	hydrogenase	0		0		0	0	0	0	0
primary	K00440	frhA	energy_acquisition	trace_gas_energy	hydrogenase	0		0		0	0	0	0	0
primary	K00441	frhB	energy_acquisition	trace_gas_energy	hydrogenase	4	SRR18183467,SRR18183468,SRR18183469,SRR18183470	4	SRR18183467,SRR18183468,SRR18183469,SRR18183470	1082	88	749	21	224
primary	K00694	bcsA	surface_retention	biofilm_eps_surface	cellulose	4	SRR18183467,SRR18183468,SRR18183469,SRR18183470	4	SRR18183467,SRR18183468,SRR18183469,SRR18183470	29	6	4	15	4
primary	K00697	otsA	cell_maintenance	osmotic_desiccation_salt	trehalose	4	SRR18183467,SRR18183468,SRR18183469,SRR18183470	4	SRR18183467,SRR18183468,SRR18183469,SRR18183470	2312	96	835	628	753
primary	K01087	otsB	cell_maintenance	osmotic_desiccation_salt	trehalose	4	SRR18183467,SRR18183468,SRR18183469,SRR18183470	4	SRR18183467,SRR18183468,SRR18183469,SRR18183470	1557	105	777	155	520
primary	K01139	spoT	cell_maintenance	dormancy_resuscitation	stringent_response	4	SRR18183467,SRR18183468,SRR18183469,SRR18183470	4	SRR18183467,SRR18183468,SRR18183469,SRR18183470	5381	489	2347	622	1923
primary	K01546	kdpA	cell_maintenance	osmotic_desiccation_salt	potassium_homeostasis	3	SRR18183467,SRR18183469,SRR18183470	3	SRR18183467,SRR18183469,SRR18183470	368	96	1	163	108
primary	K01547	kdpB	cell_maintenance	osmotic_desiccation_salt	potassium_homeostasis	4	SRR18183467,SRR18183468,SRR18183469,SRR18183470	4	SRR18183467,SRR18183468,SRR18183469,SRR18183470	348	47	16	167	118
primary	K01548	kdpC	cell_maintenance	osmotic_desiccation_salt	potassium_homeostasis	3	SRR18183467,SRR18183469,SRR18183470	3	SRR18183467,SRR18183469,SRR18183470	85	18	0	30	37
primary	K01601	rbcL, cbbL	energy_acquisition	trace_gas_energy	carbon_fixation	4	SRR18183467,SRR18183468,SRR18183469,SRR18183470	4	SRR18183467,SRR18183468,SRR18183469,SRR18183470	2088	207	945	131	805
primary	K01602	rbcS, cbbS	energy_acquisition	trace_gas_energy	carbon_fixation	4	SRR18183467,SRR18183468,SRR18183469,SRR18183470	4	SRR18183467,SRR18183468,SRR18183469,SRR18183470	477	58	242	30	147
primary	K01669	phr, PHR1	cell_maintenance	dna_repair_radiation	photorepair	4	SRR18183467,SRR18183468,SRR18183469,SRR18183470	4	SRR18183467,SRR18183468,SRR18183469,SRR18183470	1362	73	774	6	509
primary	K02000	proV	cell_maintenance	osmotic_desiccation_salt	compatible_solute_transport	4	SRR18183467,SRR18183468,SRR18183469,SRR18183470	4	SRR18183467,SRR18183468,SRR18183469,SRR18183470	1310	191	821	62	236
primary	K02001	proW	cell_maintenance	osmotic_desiccation_salt	compatible_solute_transport	4	SRR18183467,SRR18183468,SRR18183469,SRR18183470	4	SRR18183467,SRR18183468,SRR18183469,SRR18183470	591	67	285	91	148
primary	K02002	proX	cell_maintenance	osmotic_desiccation_salt	compatible_solute_transport	4	SRR18183467,SRR18183468,SRR18183469,SRR18183470	4	SRR18183467,SRR18183468,SRR18183469,SRR18183470	2457	298	1552	43	564
primary	K03386	PRDX2_4, ahpC	cell_maintenance	oxidative_redox	peroxide_detox	4	SRR18183467,SRR18183468,SRR18183469,SRR18183470	4	SRR18183467,SRR18183468,SRR18183469,SRR18183470	183	14	65	59	45
primary	K03387	ahpF	cell_maintenance	oxidative_redox	peroxide_detox	2	SRR18183468,SRR18183469	2	SRR18183468,SRR18183469	68	0	51	15	2
primary	K03518	coxS	energy_acquisition	trace_gas_energy	carbon_monoxide	4	SRR18183467,SRR18183468,SRR18183469,SRR18183470	4	SRR18183467,SRR18183468,SRR18183469,SRR18183470	2592	306	1038	163	1085
primary	K03519	coxM, cutM	energy_acquisition	trace_gas_energy	carbon_monoxide	4	SRR18183467,SRR18183468,SRR18183469,SRR18183470	4	SRR18183467,SRR18183468,SRR18183469,SRR18183470	3193	339	1196	274	1384
primary	K03520	coxL, cutL	energy_acquisition	trace_gas_energy	carbon_monoxide	4	SRR18183467,SRR18183468,SRR18183469,SRR18183470	4	SRR18183467,SRR18183468,SRR18183469,SRR18183470	6996	481	2897	607	3011
primary	K03553	recA	cell_maintenance	dna_repair_radiation	recombination	4	SRR18183467,SRR18183468,SRR18183469,SRR18183470	4	SRR18183467,SRR18183468,SRR18183469,SRR18183470	5693	665	2218	660	2150
primary	K03555	mutS	cell_maintenance	dna_repair_radiation	mismatch_repair	4	SRR18183467,SRR18183468,SRR18183469,SRR18183470	4	SRR18183467,SRR18183468,SRR18183469,SRR18183470	3732	495	1402	720	1115
primary	K03572	mutL	cell_maintenance	dna_repair_radiation	mismatch_repair	4	SRR18183467,SRR18183468,SRR18183469,SRR18183470	4	SRR18183467,SRR18183468,SRR18183469,SRR18183470	3367	385	1389	492	1101
primary	K03581	recD	cell_maintenance	dna_repair_radiation	recombination	4	SRR18183467,SRR18183468,SRR18183469,SRR18183470	4	SRR18183467,SRR18183468,SRR18183469,SRR18183470	1881	138	923	381	439
primary	K03582	recB	cell_maintenance	dna_repair_radiation	recombination	4	SRR18183467,SRR18183468,SRR18183469,SRR18183470	4	SRR18183467,SRR18183468,SRR18183469,SRR18183470	1521	107	679	264	471
primary	K03583	recC	cell_maintenance	dna_repair_radiation	recombination	4	SRR18183467,SRR18183468,SRR18183469,SRR18183470	4	SRR18183467,SRR18183468,SRR18183469,SRR18183470	1604	112	698	283	511
primary	K03657	uvrD, pcrA	cell_maintenance	dna_repair_radiation	nucleotide_excision	4	SRR18183467,SRR18183468,SRR18183469,SRR18183470	4	SRR18183467,SRR18183468,SRR18183469,SRR18183470	14026	1533	5694	1610	5189
primary	K03671	TXN, trxA	cell_maintenance	oxidative_redox	thiol_redox	4	SRR18183467,SRR18183468,SRR18183469,SRR18183470	4	SRR18183467,SRR18183468,SRR18183469,SRR18183470	2505	208	858	536	903
primary	K03701	uvrA	cell_maintenance	dna_repair_radiation	nucleotide_excision	4	SRR18183467,SRR18183468,SRR18183469,SRR18183470	4	SRR18183467,SRR18183468,SRR18183469,SRR18183470	15469	1743	5162	2914	5650
primary	K03702	uvrB	cell_maintenance	dna_repair_radiation	nucleotide_excision	4	SRR18183467,SRR18183468,SRR18183469,SRR18183470	4	SRR18183467,SRR18183468,SRR18183469,SRR18183470	8002	799	3166	1440	2597
primary	K03703	uvrC	cell_maintenance	dna_repair_radiation	nucleotide_excision	4	SRR18183467,SRR18183468,SRR18183469,SRR18183470	4	SRR18183467,SRR18183468,SRR18183469,SRR18183470	6778	771	2367	1090	2550
primary	K03704	cspA	cell_maintenance	cold_protein_quality	cold_shock	4	SRR18183467,SRR18183468,SRR18183469,SRR18183470	4	SRR18183467,SRR18183468,SRR18183469,SRR18183470	2052	267	643	284	858
primary	K03781	katE, CAT, catB, srpA	cell_maintenance	oxidative_redox	peroxide_detox	4	SRR18183467,SRR18183468,SRR18183469,SRR18183470	4	SRR18183467,SRR18183468,SRR18183469,SRR18183470	7059	778	3127	169	2985
primary	K03782	katG	cell_maintenance	oxidative_redox	peroxide_detox	4	SRR18183467,SRR18183468,SRR18183469,SRR18183470	4	SRR18183467,SRR18183468,SRR18183469,SRR18183470	1689	76	701	298	614
primary	K04047	dps	cell_maintenance	dna_repair_radiation	dna_protection	4	SRR18183467,SRR18183468,SRR18183469,SRR18183470	4	SRR18183467,SRR18183468,SRR18183469,SRR18183470	628	95	179	107	247
primary	K04564	SOD2	cell_maintenance	oxidative_redox	superoxide_detox	4	SRR18183467,SRR18183468,SRR18183469,SRR18183470	4	SRR18183467,SRR18183468,SRR18183469,SRR18183470	2874	350	1156	423	945
primary	K04565	SOD1	cell_maintenance	oxidative_redox	superoxide_detox	4	SRR18183467,SRR18183468,SRR18183469,SRR18183470	4	SRR18183467,SRR18183468,SRR18183469,SRR18183470	1516	150	757	137	472
primary	K04641	bop	energy_acquisition	light_energy	rhodopsin	0		0		0	0	0	0	0
primary	K04642	hop	energy_acquisition	light_energy	rhodopsin	0		0		0	0	0	0	0
primary	K05343	treS	cell_maintenance	osmotic_desiccation_salt	trehalose	4	SRR18183467,SRR18183468,SRR18183469,SRR18183470	4	SRR18183467,SRR18183468,SRR18183469,SRR18183470	6577	352	3382	654	2189
primary	K05592	deaD, cshA	cell_maintenance	cold_protein_quality	rna_helicase	4	SRR18183467,SRR18183468,SRR18183469,SRR18183470	4	SRR18183467,SRR18183468,SRR18183469,SRR18183470	1874	197	731	185	761
primary	K06381	spoIID	cell_maintenance	dormancy_resuscitation	sporulation	4	SRR18183467,SRR18183468,SRR18183469,SRR18183470	4	SRR18183467,SRR18183468,SRR18183469,SRR18183470	2291	234	1428	180	449
primary	K06390	spoIIIAA	cell_maintenance	dormancy_resuscitation	sporulation	1	SRR18183468	1	SRR18183468	22	0	22	0	0
primary	K06718	ectA	cell_maintenance	osmotic_desiccation_salt	ectoine	4	SRR18183467,SRR18183468,SRR18183469,SRR18183470	4	SRR18183467,SRR18183468,SRR18183469,SRR18183470	325	6	149	5	165
primary	K06720	ectC	cell_maintenance	osmotic_desiccation_salt	ectoine	4	SRR18183467,SRR18183468,SRR18183469,SRR18183470	4	SRR18183467,SRR18183468,SRR18183469,SRR18183470	320	11	160	7	142
primary	K07646	kdpD	cell_maintenance	osmotic_desiccation_salt	potassium_homeostasis	4	SRR18183467,SRR18183468,SRR18183469,SRR18183470	4	SRR18183467,SRR18183468,SRR18183469,SRR18183470	761	127	58	312	264
primary	K07667	kdpE	cell_maintenance	osmotic_desiccation_salt	potassium_homeostasis	4	SRR18183467,SRR18183468,SRR18183469,SRR18183470	4	SRR18183467,SRR18183468,SRR18183469,SRR18183470	428	34	111	165	118
primary	K07699	spo0A	cell_maintenance	dormancy_resuscitation	sporulation	1	SRR18183468	1	SRR18183468	80	0	80	0	0
primary	K10255	FAD6, desA	cell_maintenance	cold_protein_quality	membrane_adaptation	4	SRR18183467,SRR18183468,SRR18183469,SRR18183470	4	SRR18183467,SRR18183468,SRR18183469,SRR18183470	342	20	35	152	135
primary	K10674	ectD	cell_maintenance	osmotic_desiccation_salt	ectoine	4	SRR18183467,SRR18183468,SRR18183469,SRR18183470	4	SRR18183467,SRR18183468,SRR18183469,SRR18183470	356	3	235	11	107
primary	K11180	dsrA	energy_acquisition	sulfur_chemolithotrophy	dissimilatory_sulfite	0		0		2	0	0	2	0
primary	K11181	dsrB	energy_acquisition	sulfur_chemolithotrophy	dissimilatory_sulfite	0		0		2	0	0	2	0
primary	K11935	pgaA	surface_retention	biofilm_eps_surface	pga	3	SRR18183467,SRR18183469,SRR18183470	2	SRR18183469,SRR18183470	27	3	0	19	5
primary	K17222	soxA	energy_acquisition	sulfur_chemolithotrophy	sox	4	SRR18183467,SRR18183468,SRR18183469,SRR18183470	4	SRR18183467,SRR18183468,SRR18183469,SRR18183470	75	7	10	27	31
primary	K17223	soxX	energy_acquisition	sulfur_chemolithotrophy	sox	3	SRR18183468,SRR18183469,SRR18183470	3	SRR18183468,SRR18183469,SRR18183470	49	1	7	25	16
primary	K17224	soxB	energy_acquisition	sulfur_chemolithotrophy	sox	4	SRR18183467,SRR18183468,SRR18183469,SRR18183470	4	SRR18183467,SRR18183468,SRR18183469,SRR18183470	108	21	7	29	51
primary	K17225	soxC	energy_acquisition	sulfur_chemolithotrophy	sox	4	SRR18183467,SRR18183468,SRR18183469,SRR18183470	4	SRR18183467,SRR18183468,SRR18183469,SRR18183470	194	20	38	67	69
primary	K17229	fccB	energy_acquisition	sulfur_chemolithotrophy	sox	4	SRR18183467,SRR18183468,SRR18183469,SRR18183470	4	SRR18183467,SRR18183468,SRR18183469,SRR18183470	173	8	32	63	70
primary	K20543	bcsC	surface_retention	biofilm_eps_surface	cellulose	1	SRR18183470	1	SRR18183470	6	2	0	1	3
stringent	K00066	algD	surface_retention	biofilm_eps_surface	alginate	4	SRR18183467,SRR18183468,SRR18183469,SRR18183470	4	SRR18183467,SRR18183468,SRR18183469,SRR18183470	507	60	26	113	308
stringent	K00130	betB, gbsA	cell_maintenance	osmotic_desiccation_salt	betaine	4	SRR18183467,SRR18183468,SRR18183469,SRR18183470	4	SRR18183467,SRR18183468,SRR18183469,SRR18183470	1713	71	1160	140	342
stringent	K00383	GSR, gor	cell_maintenance	oxidative_redox	thiol_redox	4	SRR18183467,SRR18183468,SRR18183469,SRR18183470	4	SRR18183467,SRR18183468,SRR18183469,SRR18183470	370	37	53	87	193
stringent	K00384	trxB, TRR	cell_maintenance	oxidative_redox	thiol_redox	4	SRR18183467,SRR18183468,SRR18183469,SRR18183470	4	SRR18183467,SRR18183468,SRR18183469,SRR18183470	3413	444	1129	621	1219
stringent	K00436	hoxH	energy_acquisition	trace_gas_energy	hydrogenase	0		0		0	0	0	0	0
stringent	K00437	hydB	energy_acquisition	trace_gas_energy	hydrogenase	0		0		0	0	0	0	0
stringent	K00440	frhA	energy_acquisition	trace_gas_energy	hydrogenase	0		0		0	0	0	0	0
stringent	K00441	frhB	energy_acquisition	trace_gas_energy	hydrogenase	4	SRR18183467,SRR18183468,SRR18183469,SRR18183470	4	SRR18183467,SRR18183468,SRR18183469,SRR18183470	1014	85	708	17	204
stringent	K00694	bcsA	surface_retention	biofilm_eps_surface	cellulose	2	SRR18183467,SRR18183469	1	SRR18183469	17	3	0	12	2
stringent	K00697	otsA	cell_maintenance	osmotic_desiccation_salt	trehalose	4	SRR18183467,SRR18183468,SRR18183469,SRR18183470	4	SRR18183467,SRR18183468,SRR18183469,SRR18183470	2141	90	790	545	716
stringent	K01087	otsB	cell_maintenance	osmotic_desiccation_salt	trehalose	4	SRR18183467,SRR18183468,SRR18183469,SRR18183470	4	SRR18183467,SRR18183468,SRR18183469,SRR18183470	1321	90	681	88	462
stringent	K01139	spoT	cell_maintenance	dormancy_resuscitation	stringent_response	4	SRR18183467,SRR18183468,SRR18183469,SRR18183470	4	SRR18183467,SRR18183468,SRR18183469,SRR18183470	5143	466	2264	578	1835
stringent	K01546	kdpA	cell_maintenance	osmotic_desiccation_salt	potassium_homeostasis	3	SRR18183467,SRR18183469,SRR18183470	3	SRR18183467,SRR18183469,SRR18183470	346	93	1	151	101
stringent	K01547	kdpB	cell_maintenance	osmotic_desiccation_salt	potassium_homeostasis	4	SRR18183467,SRR18183468,SRR18183469,SRR18183470	4	SRR18183467,SRR18183468,SRR18183469,SRR18183470	330	45	16	159	110
stringent	K01548	kdpC	cell_maintenance	osmotic_desiccation_salt	potassium_homeostasis	3	SRR18183467,SRR18183469,SRR18183470	3	SRR18183467,SRR18183469,SRR18183470	71	16	0	25	30
stringent	K01601	rbcL, cbbL	energy_acquisition	trace_gas_energy	carbon_fixation	4	SRR18183467,SRR18183468,SRR18183469,SRR18183470	4	SRR18183467,SRR18183468,SRR18183469,SRR18183470	1975	194	899	120	762
stringent	K01602	rbcS, cbbS	energy_acquisition	trace_gas_energy	carbon_fixation	4	SRR18183467,SRR18183468,SRR18183469,SRR18183470	4	SRR18183467,SRR18183468,SRR18183469,SRR18183470	392	48	198	27	119
stringent	K01669	phr, PHR1	cell_maintenance	dna_repair_radiation	photorepair	4	SRR18183467,SRR18183468,SRR18183469,SRR18183470	4	SRR18183467,SRR18183468,SRR18183469,SRR18183470	1245	62	714	5	464
stringent	K02000	proV	cell_maintenance	osmotic_desiccation_salt	compatible_solute_transport	4	SRR18183467,SRR18183468,SRR18183469,SRR18183470	4	SRR18183467,SRR18183468,SRR18183469,SRR18183470	1224	167	781	58	218
stringent	K02001	proW	cell_maintenance	osmotic_desiccation_salt	compatible_solute_transport	4	SRR18183467,SRR18183468,SRR18183469,SRR18183470	4	SRR18183467,SRR18183468,SRR18183469,SRR18183470	539	64	254	83	138
stringent	K02002	proX	cell_maintenance	osmotic_desiccation_salt	compatible_solute_transport	4	SRR18183467,SRR18183468,SRR18183469,SRR18183470	4	SRR18183467,SRR18183468,SRR18183469,SRR18183470	2116	255	1316	39	506
stringent	K03386	PRDX2_4, ahpC	cell_maintenance	oxidative_redox	peroxide_detox	4	SRR18183467,SRR18183468,SRR18183469,SRR18183470	4	SRR18183467,SRR18183468,SRR18183469,SRR18183470	157	13	57	50	37
stringent	K03387	ahpF	cell_maintenance	oxidative_redox	peroxide_detox	2	SRR18183468,SRR18183469	2	SRR18183468,SRR18183469	67	0	51	14	2
stringent	K03518	coxS	energy_acquisition	trace_gas_energy	carbon_monoxide	4	SRR18183467,SRR18183468,SRR18183469,SRR18183470	4	SRR18183467,SRR18183468,SRR18183469,SRR18183470	2201	255	886	135	925
stringent	K03519	coxM, cutM	energy_acquisition	trace_gas_energy	carbon_monoxide	4	SRR18183467,SRR18183468,SRR18183469,SRR18183470	4	SRR18183467,SRR18183468,SRR18183469,SRR18183470	2787	302	1027	228	1230
stringent	K03520	coxL, cutL	energy_acquisition	trace_gas_energy	carbon_monoxide	4	SRR18183467,SRR18183468,SRR18183469,SRR18183470	4	SRR18183467,SRR18183468,SRR18183469,SRR18183470	6588	444	2760	546	2838
stringent	K03553	recA	cell_maintenance	dna_repair_radiation	recombination	4	SRR18183467,SRR18183468,SRR18183469,SRR18183470	4	SRR18183467,SRR18183468,SRR18183469,SRR18183470	5372	623	2113	608	2028
stringent	K03555	mutS	cell_maintenance	dna_repair_radiation	mismatch_repair	4	SRR18183467,SRR18183468,SRR18183469,SRR18183470	4	SRR18183467,SRR18183468,SRR18183469,SRR18183470	3515	460	1338	668	1049
stringent	K03572	mutL	cell_maintenance	dna_repair_radiation	mismatch_repair	4	SRR18183467,SRR18183468,SRR18183469,SRR18183470	4	SRR18183467,SRR18183468,SRR18183469,SRR18183470	2990	360	1229	391	1010
stringent	K03581	recD	cell_maintenance	dna_repair_radiation	recombination	4	SRR18183467,SRR18183468,SRR18183469,SRR18183470	4	SRR18183467,SRR18183468,SRR18183469,SRR18183470	1564	113	734	334	383
stringent	K03582	recB	cell_maintenance	dna_repair_radiation	recombination	4	SRR18183467,SRR18183468,SRR18183469,SRR18183470	4	SRR18183467,SRR18183468,SRR18183469,SRR18183470	1214	89	533	180	412
stringent	K03583	recC	cell_maintenance	dna_repair_radiation	recombination	4	SRR18183467,SRR18183468,SRR18183469,SRR18183470	4	SRR18183467,SRR18183468,SRR18183469,SRR18183470	1233	105	531	155	442
stringent	K03657	uvrD, pcrA	cell_maintenance	dna_repair_radiation	nucleotide_excision	4	SRR18183467,SRR18183468,SRR18183469,SRR18183470	4	SRR18183467,SRR18183468,SRR18183469,SRR18183470	12734	1402	5113	1410	4809
stringent	K03671	TXN, trxA	cell_maintenance	oxidative_redox	thiol_redox	4	SRR18183467,SRR18183468,SRR18183469,SRR18183470	4	SRR18183467,SRR18183468,SRR18183469,SRR18183470	2024	159	710	394	761
stringent	K03701	uvrA	cell_maintenance	dna_repair_radiation	nucleotide_excision	4	SRR18183467,SRR18183468,SRR18183469,SRR18183470	4	SRR18183467,SRR18183468,SRR18183469,SRR18183470	14802	1623	4982	2753	5444
stringent	K03702	uvrB	cell_maintenance	dna_repair_radiation	nucleotide_excision	4	SRR18183467,SRR18183468,SRR18183469,SRR18183470	4	SRR18183467,SRR18183468,SRR18183469,SRR18183470	7676	755	3050	1367	2504
stringent	K03703	uvrC	cell_maintenance	dna_repair_radiation	nucleotide_excision	4	SRR18183467,SRR18183468,SRR18183469,SRR18183470	4	SRR18183467,SRR18183468,SRR18183469,SRR18183470	6351	727	2237	967	2420
stringent	K03704	cspA	cell_maintenance	cold_protein_quality	cold_shock	4	SRR18183467,SRR18183468,SRR18183469,SRR18183470	4	SRR18183467,SRR18183468,SRR18183469,SRR18183470	872	128	281	57	406
stringent	K03781	katE, CAT, catB, srpA	cell_maintenance	oxidative_redox	peroxide_detox	4	SRR18183467,SRR18183468,SRR18183469,SRR18183470	4	SRR18183467,SRR18183468,SRR18183469,SRR18183470	6628	734	2922	145	2827
stringent	K03782	katG	cell_maintenance	oxidative_redox	peroxide_detox	4	SRR18183467,SRR18183468,SRR18183469,SRR18183470	4	SRR18183467,SRR18183468,SRR18183469,SRR18183470	1621	70	674	285	592
stringent	K04047	dps	cell_maintenance	dna_repair_radiation	dna_protection	4	SRR18183467,SRR18183468,SRR18183469,SRR18183470	4	SRR18183467,SRR18183468,SRR18183469,SRR18183470	541	83	149	91	218
stringent	K04564	SOD2	cell_maintenance	oxidative_redox	superoxide_detox	4	SRR18183467,SRR18183468,SRR18183469,SRR18183470	4	SRR18183467,SRR18183468,SRR18183469,SRR18183470	2494	299	1033	353	809
stringent	K04565	SOD1	cell_maintenance	oxidative_redox	superoxide_detox	4	SRR18183467,SRR18183468,SRR18183469,SRR18183470	4	SRR18183467,SRR18183468,SRR18183469,SRR18183470	1240	129	619	101	391
stringent	K04641	bop	energy_acquisition	light_energy	rhodopsin	0		0		0	0	0	0	0
stringent	K04642	hop	energy_acquisition	light_energy	rhodopsin	0		0		0	0	0	0	0
stringent	K05343	treS	cell_maintenance	osmotic_desiccation_salt	trehalose	4	SRR18183467,SRR18183468,SRR18183469,SRR18183470	4	SRR18183467,SRR18183468,SRR18183469,SRR18183470	6218	322	3248	575	2073
stringent	K05592	deaD, cshA	cell_maintenance	cold_protein_quality	rna_helicase	4	SRR18183467,SRR18183468,SRR18183469,SRR18183470	4	SRR18183467,SRR18183468,SRR18183469,SRR18183470	1721	176	685	165	695
stringent	K06381	spoIID	cell_maintenance	dormancy_resuscitation	sporulation	4	SRR18183467,SRR18183468,SRR18183469,SRR18183470	4	SRR18183467,SRR18183468,SRR18183469,SRR18183470	1917	196	1269	115	337
stringent	K06390	spoIIIAA	cell_maintenance	dormancy_resuscitation	sporulation	1	SRR18183468	1	SRR18183468	16	0	16	0	0
stringent	K06718	ectA	cell_maintenance	osmotic_desiccation_salt	ectoine	4	SRR18183467,SRR18183468,SRR18183469,SRR18183470	4	SRR18183467,SRR18183468,SRR18183469,SRR18183470	271	6	124	4	137
stringent	K06720	ectC	cell_maintenance	osmotic_desiccation_salt	ectoine	4	SRR18183467,SRR18183468,SRR18183469,SRR18183470	4	SRR18183467,SRR18183468,SRR18183469,SRR18183470	262	11	125	6	120
stringent	K07646	kdpD	cell_maintenance	osmotic_desiccation_salt	potassium_homeostasis	4	SRR18183467,SRR18183468,SRR18183469,SRR18183470	4	SRR18183467,SRR18183468,SRR18183469,SRR18183470	607	107	38	245	217
stringent	K07667	kdpE	cell_maintenance	osmotic_desiccation_salt	potassium_homeostasis	4	SRR18183467,SRR18183468,SRR18183469,SRR18183470	4	SRR18183467,SRR18183468,SRR18183469,SRR18183470	336	28	92	129	87
stringent	K07699	spo0A	cell_maintenance	dormancy_resuscitation	sporulation	1	SRR18183468	1	SRR18183468	74	0	74	0	0
stringent	K10255	FAD6, desA	cell_maintenance	cold_protein_quality	membrane_adaptation	4	SRR18183467,SRR18183468,SRR18183469,SRR18183470	4	SRR18183467,SRR18183468,SRR18183469,SRR18183470	292	19	31	126	116
stringent	K10674	ectD	cell_maintenance	osmotic_desiccation_salt	ectoine	4	SRR18183467,SRR18183468,SRR18183469,SRR18183470	4	SRR18183467,SRR18183468,SRR18183469,SRR18183470	328	3	217	8	100
stringent	K11180	dsrA	energy_acquisition	sulfur_chemolithotrophy	dissimilatory_sulfite	0		0		2	0	0	2	0
stringent	K11181	dsrB	energy_acquisition	sulfur_chemolithotrophy	dissimilatory_sulfite	0		0		2	0	0	2	0
stringent	K11935	pgaA	surface_retention	biofilm_eps_surface	pga	1	SRR18183469	1	SRR18183469	7	2	0	5	0
stringent	K17222	soxA	energy_acquisition	sulfur_chemolithotrophy	sox	4	SRR18183467,SRR18183468,SRR18183469,SRR18183470	4	SRR18183467,SRR18183468,SRR18183469,SRR18183470	68	7	9	25	27
stringent	K17223	soxX	energy_acquisition	sulfur_chemolithotrophy	sox	3	SRR18183468,SRR18183469,SRR18183470	3	SRR18183468,SRR18183469,SRR18183470	41	0	7	21	13
stringent	K17224	soxB	energy_acquisition	sulfur_chemolithotrophy	sox	4	SRR18183467,SRR18183468,SRR18183469,SRR18183470	4	SRR18183467,SRR18183468,SRR18183469,SRR18183470	104	20	6	29	49
stringent	K17225	soxC	energy_acquisition	sulfur_chemolithotrophy	sox	4	SRR18183467,SRR18183468,SRR18183469,SRR18183470	4	SRR18183467,SRR18183468,SRR18183469,SRR18183470	172	20	33	65	54
stringent	K17229	fccB	energy_acquisition	sulfur_chemolithotrophy	sox	4	SRR18183467,SRR18183468,SRR18183469,SRR18183470	4	SRR18183467,SRR18183468,SRR18183469,SRR18183470	156	8	30	58	60
stringent	K20543	bcsC	surface_retention	biofilm_eps_surface	cellulose	1	SRR18183470	1	SRR18183470	3	0	0	0	3
