protein_id,dataset_id,genome_id,length_aa,cxxch_count,cxxch_positions,domain_ievalue,target_coverage
alaska_permafrost_reference|alaska_permafrost_reference_SRR1586264rbin.5|gnl|X|PKFMBAGH_96_4,alaska_permafrost_reference,alaska_permafrost_reference_SRR1586264rbin.5,223,1,126,7.6e-21,0.861607
alaska_permafrost_reference|alaska_permafrost_reference_SRR1586279rbin.21|gnl|X|CFBIJENJ_46_9,alaska_permafrost_reference,alaska_permafrost_reference_SRR1586279rbin.21,222,1,122,8.6e-17,0.7713
australian_basalt_lava_tubes_bay_2025|GCA_050692375.1_genomic|JBOGVK010000043.1_9,australian_basalt_lava_tubes_bay_2025,GCA_050692375.1_genomic,254,1,120,1e-14,0.807843
australian_basalt_lava_tubes_bay_2025|GCA_050742415.1_genomic|JBOGIF010000032.1_19,australian_basalt_lava_tubes_bay_2025,GCA_050742415.1_genomic,333,2,132;247,9.3e-28,0.733533
mauna_loa_lava_tube_fishman_2023|MAG40|MAG40_267_3,mauna_loa_lava_tube_fishman_2023,MAG40,310,2,128;267,1.4e-24,0.732258
mauna_loa_lava_tube_fishman_2023|MAG44|MAG44_140_7,mauna_loa_lava_tube_fishman_2023,MAG44,362,2,125;254,8.5e-32,0.702479
mauna_loa_lava_tube_fishman_2023|MAG45|MAG45_111_7,mauna_loa_lava_tube_fishman_2023,MAG45,374,2,125;254,2.2e-32,0.898667
qaidam_basin_mmag_1773|qaidam_basin_mmag_1773_CHGRbin13|k141_1676527_length_2427_cov_16.7135_5,qaidam_basin_mmag_1773,qaidam_basin_mmag_1773_CHGRbin13,321,2,96;225,3e-192,0.996894
qaidam_basin_mmag_1773|qaidam_basin_mmag_1773_CHGRbin21|k141_121601_length_11112_cov_23.0792_5,qaidam_basin_mmag_1773,qaidam_basin_mmag_1773_CHGRbin21,359,2,134;263,2.1e-212,0.997222
qaidam_basin_mmag_1773|qaidam_basin_mmag_1773_CJ0912_15_20bin9|k141_546827_length_19332_cov_35.3317_4,qaidam_basin_mmag_1773,qaidam_basin_mmag_1773_CJ0912_15_20bin9,359,2,134;263,3.7e-211,0.997222
qaidam_basin_mmag_1773|qaidam_basin_mmag_1773_CJ0912_25_30bin23|k141_602614_length_7556_cov_45.9962_8,qaidam_basin_mmag_1773,qaidam_basin_mmag_1773_CJ0912_25_30bin23,359,2,134;263,5.6e-213,0.997222
qaidam_basin_mmag_1773|qaidam_basin_mmag_1773_CJ0912_30_35bin52|k141_1489845_length_25643_cov_24.2576_10,qaidam_basin_mmag_1773,qaidam_basin_mmag_1773_CJ0912_30_35bin52,324,2,135;242,5.4e-159,0.996923
qaidam_basin_mmag_1773|qaidam_basin_mmag_1773_CJ0912_40_45bin10|k141_1644414_length_13535_cov_32.4121_18,qaidam_basin_mmag_1773,qaidam_basin_mmag_1773_CJ0912_40_45bin10,234,1,134,3.5e-133,1
qaidam_basin_mmag_1773|qaidam_basin_mmag_1773_CJ0912_40_45bin15|k141_1614021_length_24426_cov_38.3336_24,qaidam_basin_mmag_1773,qaidam_basin_mmag_1773_CJ0912_40_45bin15,324,2,135;242,5.4e-159,0.996923
qaidam_basin_mmag_1773|qaidam_basin_mmag_1773_CJ0912_40_45bin38|k141_353868_length_11104_cov_48.3671_11,qaidam_basin_mmag_1773,qaidam_basin_mmag_1773_CJ0912_40_45bin38,356,2,135;253,2.8e-157,0.938375
qaidam_basin_mmag_1773|qaidam_basin_mmag_1773_CJS_1_0912bin3|k141_234690_length_3671_cov_45.7527_4,qaidam_basin_mmag_1773,qaidam_basin_mmag_1773_CJS_1_0912bin3,359,2,134;263,1.2e-211,0.997222
qaidam_basin_mmag_1773|qaidam_basin_mmag_1773_DLTCJS10_15bin74|k141_384968_length_16397_cov_18.8614_17,qaidam_basin_mmag_1773,qaidam_basin_mmag_1773_DLTCJS10_15bin74,336,2,135;254,4.1e-169,0.997033
qaidam_basin_mmag_1773|qaidam_basin_mmag_1773_DLTCJS25_30bin58|k141_1313972_length_11200_cov_19.5138_5,qaidam_basin_mmag_1773,qaidam_basin_mmag_1773_DLTCJS25_30bin58,359,2,134;263,1.7e-208,0.997222
qaidam_basin_mmag_1773|qaidam_basin_mmag_1773_DLTFbin3|k141_2029015_length_48417_cov_30.7266_17,qaidam_basin_mmag_1773,qaidam_basin_mmag_1773_DLTFbin3,368,2,147;279,8.1e-19,0.899729
qaidam_basin_mmag_1773|qaidam_basin_mmag_1773_DLTSQ15_20bin48|k141_444110_length_12580_cov_37.3158_8,qaidam_basin_mmag_1773,qaidam_basin_mmag_1773_DLTSQ15_20bin48,336,2,128;250,1.3e-31,0.709199
qaidam_basin_mmag_1773|qaidam_basin_mmag_1773_L_0707_10_15bin26|k141_1402603_length_18605_cov_12.0000_9,qaidam_basin_mmag_1773,qaidam_basin_mmag_1773_L_0707_10_15bin26,331,2,127;242,3.2e-25,0.701807
qaidam_basin_mmag_1773|qaidam_basin_mmag_1773_L_0707_10_15bin48|k141_103135_length_55457_cov_75.9190_10,qaidam_basin_mmag_1773,qaidam_basin_mmag_1773_L_0707_10_15bin48,370,2,137;270,1.3e-176,0.997305
qaidam_basin_mmag_1773|qaidam_basin_mmag_1773_L_0707_10_15bin61|k141_453949_length_40267_cov_87.0631_42,qaidam_basin_mmag_1773,qaidam_basin_mmag_1773_L_0707_10_15bin61,359,2,134;263,3e-213,0.997222
qaidam_basin_mmag_1773|qaidam_basin_mmag_1773_L_0707_10_15bin61|k141_547765_length_28453_cov_98.0110_34,qaidam_basin_mmag_1773,qaidam_basin_mmag_1773_L_0707_10_15bin61,359,2,134;263,9.3e-214,0.997222
qaidam_basin_mmag_1773|qaidam_basin_mmag_1773_L_0707_10_15bin70|k141_596203_length_12150_cov_67.0000_10,qaidam_basin_mmag_1773,qaidam_basin_mmag_1773_L_0707_10_15bin70,335,2,131;246,5.3e-27,0.934524
qaidam_basin_mmag_1773|qaidam_basin_mmag_1773_L_0707_10_15bin8|k141_894493_length_9067_cov_191.7307_2,qaidam_basin_mmag_1773,qaidam_basin_mmag_1773_L_0707_10_15bin8,359,2,134;263,9.5e-211,0.997222
qaidam_basin_mmag_1773|qaidam_basin_mmag_1773_L_0707_15_20bin14|k141_23060_length_86366_cov_200.4849_51,qaidam_basin_mmag_1773,qaidam_basin_mmag_1773_L_0707_15_20bin14,351,2,135;252,1.5e-181,0.997159
qaidam_basin_mmag_1773|qaidam_basin_mmag_1773_L_0707_15_20bin47|k141_10700_length_6052_cov_282.7467_5,qaidam_basin_mmag_1773,qaidam_basin_mmag_1773_L_0707_15_20bin47,358,2,134;262,6.6e-208,0.997214
qaidam_basin_mmag_1773|qaidam_basin_mmag_1773_L_0707_15_20bin63|k141_1326789_length_88520_cov_39.3672_46,qaidam_basin_mmag_1773,qaidam_basin_mmag_1773_L_0707_15_20bin63,347,2,132;261,4.1e-30,0.718391
qaidam_basin_mmag_1773|qaidam_basin_mmag_1773_L_0707_15_20bin6|k141_1173871_length_6333_cov_26.1633_1,qaidam_basin_mmag_1773,qaidam_basin_mmag_1773_L_0707_15_20bin6,228,1,123,1.7e-25,0.95614
qaidam_basin_mmag_1773|qaidam_basin_mmag_1773_L_0707_2_5bin11|k141_47600_length_31998_cov_409.8271_32,qaidam_basin_mmag_1773,qaidam_basin_mmag_1773_L_0707_2_5bin11,359,2,134;263,1.6e-213,0.997222
qaidam_basin_mmag_1773|qaidam_basin_mmag_1773_L_0707_2_5bin30|k141_1525004_length_20847_cov_29.8884_22,qaidam_basin_mmag_1773,qaidam_basin_mmag_1773_L_0707_2_5bin30,359,2,134;263,3e-213,0.997222
qaidam_basin_mmag_1773|qaidam_basin_mmag_1773_L_0707_2_5bin60|k141_519793_length_3328_cov_17.0000_2,qaidam_basin_mmag_1773,qaidam_basin_mmag_1773_L_0707_2_5bin60,314,2,113;228,7.8e-27,0.742857
qaidam_basin_mmag_1773|qaidam_basin_mmag_1773_L_0707_2_5bin63|k141_1149615_length_21874_cov_13.4926_2,qaidam_basin_mmag_1773,qaidam_basin_mmag_1773_L_0707_2_5bin63,342,2,137;256,3.4e-33,0.932945
qaidam_basin_mmag_1773|qaidam_basin_mmag_1773_L_0707_40_50bin16|k141_944051_length_17341_cov_27.3513_18,qaidam_basin_mmag_1773,qaidam_basin_mmag_1773_L_0707_40_50bin16,273,2,131;266,9.1e-27,0.930657
qaidam_basin_mmag_1773|qaidam_basin_mmag_1773_L_0707_40_50bin52|k141_94661_length_85364_cov_256.0000_81,qaidam_basin_mmag_1773,qaidam_basin_mmag_1773_L_0707_40_50bin52,406,2,119;254,4.3e-30,0.857494
qaidam_basin_mmag_1773|qaidam_basin_mmag_1773_L_0707_40_50bin5|k141_191208_length_18020_cov_12.0000_9,qaidam_basin_mmag_1773,qaidam_basin_mmag_1773_L_0707_40_50bin5,352,2,135;253,6.2e-185,0.997167
qaidam_basin_mmag_1773|qaidam_basin_mmag_1773_L_0707_40_50bin69|k141_994956_length_9011_cov_26.0000_3,qaidam_basin_mmag_1773,qaidam_basin_mmag_1773_L_0707_40_50bin69,334,2,120;243,2e-34,0.877612
qaidam_basin_mmag_1773|qaidam_basin_mmag_1773_L_21_NSL5_10bin15|k141_1003652_length_2725_cov_53.6389_2,qaidam_basin_mmag_1773,qaidam_basin_mmag_1773_L_21_NSL5_10bin15,359,2,134;263,6.3e-211,0.997222
qaidam_basin_mmag_1773|qaidam_basin_mmag_1773_NSL1015bin20|k141_260066_length_8084_cov_131.4498_4,qaidam_basin_mmag_1773,qaidam_basin_mmag_1773_NSL1015bin20,356,2,135;253,7.9e-158,0.938375
qaidam_basin_mmag_1773|qaidam_basin_mmag_1773_NSL1520bin14|k141_84623_length_4635_cov_29.6179_1,qaidam_basin_mmag_1773,qaidam_basin_mmag_1773_NSL1520bin14,110,0,"",9.9e-56,1
qaidam_basin_mmag_1773|qaidam_basin_mmag_1773_NSL1520bin4|k141_1027367_length_19498_cov_38.7398_21,qaidam_basin_mmag_1773,qaidam_basin_mmag_1773_NSL1520bin4,142,1,109,7.8e-13,0.760563
qaidam_basin_mmag_1773|qaidam_basin_mmag_1773_NSL20_25bin7|k141_1269121_length_2263_cov_16.0000_3,qaidam_basin_mmag_1773,qaidam_basin_mmag_1773_NSL20_25bin7,316,2,129;265,3.8e-27,0.825949
qaidam_basin_mmag_1773|qaidam_basin_mmag_1773_NSL30_35bin32|k141_94050_length_8607_cov_17.8285_1,qaidam_basin_mmag_1773,qaidam_basin_mmag_1773_NSL30_35bin32,190,1,94,4.8e-116,0.989529
qaidam_basin_mmag_1773|qaidam_basin_mmag_1773_NSL35_40bin1|k141_1156276_length_6822_cov_49.7283_9,qaidam_basin_mmag_1773,qaidam_basin_mmag_1773_NSL35_40bin1,331,2,129;257,1.1e-31,0.770393
qaidam_basin_mmag_1773|qaidam_basin_mmag_1773_NSL35_40bin20|k141_355820_length_11977_cov_48.3172_3,qaidam_basin_mmag_1773,qaidam_basin_mmag_1773_NSL35_40bin20,325,2,135;243,4.6e-161,0.996933
qaidam_basin_mmag_1773|qaidam_basin_mmag_1773_NSL35_40bin22|k141_1664726_length_8377_cov_26.0000_10,qaidam_basin_mmag_1773,qaidam_basin_mmag_1773_NSL35_40bin22,88,0,"",3.7e-47,0.988764
qaidam_basin_mmag_1773|qaidam_basin_mmag_1773_NSLT11bin7|k141_334755_length_5868_cov_32.7512_7,qaidam_basin_mmag_1773,qaidam_basin_mmag_1773_NSLT11bin7,367,2,125;254,1.8e-31,0.703804
qaidam_basin_mmag_1773|qaidam_basin_mmag_1773_NSLT21bin10|k141_369569_length_43633_cov_81.1505_20,qaidam_basin_mmag_1773,qaidam_basin_mmag_1773_NSLT21bin10,350,2,130;260,6.5e-33,0.717949
qaidam_basin_mmag_1773|qaidam_basin_mmag_1773_NSLT21bin14|k141_1126522_length_322413_cov_28.1246_274,qaidam_basin_mmag_1773,qaidam_basin_mmag_1773_NSLT21bin14,359,2,134;263,1.1e-211,0.997222
qaidam_basin_mmag_1773|qaidam_basin_mmag_1773_NSLT22bin15|k141_906223_length_49601_cov_44.8945_47,qaidam_basin_mmag_1773,qaidam_basin_mmag_1773_NSLT22bin15,337,2,130;245,1.6e-27,0.713018
qaidam_basin_mmag_1773|qaidam_basin_mmag_1773_NSLT22bin24|k141_564290_length_18360_cov_25.0316_5,qaidam_basin_mmag_1773,qaidam_basin_mmag_1773_NSLT22bin24,324,2,135;242,4.4e-159,0.996923
qaidam_basin_mmag_1773|qaidam_basin_mmag_1773_NSLT22bin34|k141_85724_length_181751_cov_37.4608_49,qaidam_basin_mmag_1773,qaidam_basin_mmag_1773_NSLT22bin34,335,2,135;241,1.6e-163,0.997024
qaidam_basin_mmag_1773|qaidam_basin_mmag_1773_NSLT22bin36|k141_1091258_length_20826_cov_47.3131_9,qaidam_basin_mmag_1773,qaidam_basin_mmag_1773_NSLT22bin36,324,2,135;242,3e-159,0.996923
qaidam_basin_mmag_1773|qaidam_basin_mmag_1773_NSLT22bin51|k141_692999_length_2620_cov_275.0904_3,qaidam_basin_mmag_1773,qaidam_basin_mmag_1773_NSLT22bin51,334,2,133;248,1.3e-26,0.728358
qaidam_basin_mmag_1773|qaidam_basin_mmag_1773_NSLT22bin54|k141_331993_length_5921_cov_31.1827_7,qaidam_basin_mmag_1773,qaidam_basin_mmag_1773_NSLT22bin54,359,2,134;263,1.7e-210,0.997222
qaidam_basin_mmag_1773|qaidam_basin_mmag_1773_NSLT22bin54|k141_501752_length_24403_cov_75.1165_5,qaidam_basin_mmag_1773,qaidam_basin_mmag_1773_NSLT22bin54,359,2,134;263,3.2e-214,0.997222
qaidam_basin_mmag_1773|qaidam_basin_mmag_1773_S305CJS_Drybin11|k141_536458_length_4641_cov_17.2724_1,qaidam_basin_mmag_1773,qaidam_basin_mmag_1773_S305CJS_Drybin11,320,2,128;252,1.4e-23,0.7375
qaidam_basin_mmag_1773|qaidam_basin_mmag_1773_S305CJS_Drybin13|k141_735875_length_5255_cov_15.0000_7,qaidam_basin_mmag_1773,qaidam_basin_mmag_1773_S305CJS_Drybin13,315,2,127;238,5e-34,0.787975
qaidam_basin_mmag_1773|qaidam_basin_mmag_1773_S305CJS_Drybin18|k141_651879_length_20597_cov_383.3555_15,qaidam_basin_mmag_1773,qaidam_basin_mmag_1773_S305CJS_Drybin18,335,2,131;246,2.7e-33,0.958333
qaidam_basin_mmag_1773|qaidam_basin_mmag_1773_YX2bin12|k141_1284666_length_3763_cov_71.9464_3,qaidam_basin_mmag_1773,qaidam_basin_mmag_1773_YX2bin12,339,2,133;258,2.4e-175,0.991176
qaidam_basin_mmag_1773|qaidam_basin_mmag_1773_YX2bin5|k141_719502_length_2099_cov_56.9259_2,qaidam_basin_mmag_1773,qaidam_basin_mmag_1773_YX2bin5,337,2,130;245,8.6e-32,0.952663
qaidam_basin_mmag_1773|qaidam_basin_mmag_1773_YX3bin23|k141_399218_length_6240_cov_20.6049_1,qaidam_basin_mmag_1773,qaidam_basin_mmag_1773_YX3bin23,265,2,77;188,1.9e-30,0.75188
