source	trait	n_source	median	mean	low95	high95	p_positive	p_gt_1pp	p_gt_5pp	p_gt_10pp	p_lt_minus_1pp	p_lt_minus_5pp	p_lt_minus_10pp	p_abs_lt_1pp	p_abs_lt_5pp	p_abs_lt_10pp	reference_probability_median	reference_probability_low95	reference_probability_high95
alaska_permafrost_reference	biofilm_eps_surface	216	-0.0024666577468746014	-0.002939389872683782	-0.009932207594305792	0.0012495555266821975	0.1265	0.00016666666666666666	0.0	0.0	0.024666666666666667	0.0	0.0	0.9751666666666666	1.0	1.0	0.010286373146359985	0.004433261366869556	0.019264258854873546
alaska_permafrost_reference	osmotic_desiccation_salt	216	0.04613996469999601	0.046127488691620123	0.01548577573582134	0.07723190285244672	0.9975	0.9878333333333333	0.3948333333333333	0.0006666666666666666	0.0003333333333333333	0.0	0.0	0.011833333333333333	0.6051666666666666	0.9993333333333333	0.326768610100843	0.301737463622793	0.3522012386154745
alaska_permafrost_reference	oxidative_redox	216	-0.02452335212305007	-0.02478284046193202	-0.04613875726487585	-0.005142416453945645	0.006166666666666667	0.0	0.0	0.0	0.9258333333333333	0.011333333333333334	0.0	0.07416666666666667	0.9886666666666667	1.0	0.45649825086904056	0.4367278882396667	0.47630287504774327
alaska_permafrost_reference	trace_gas_energy	216	-0.0076333808632343195	-0.008965467835983275	-0.041349217109046765	0.017707477359671535	0.2803333333333333	0.08433333333333333	0.0	0.0	0.432	0.01	0.0	0.4836666666666667	0.99	1.0	0.12751991632266035	0.09834706150959052	0.16135083280443221
alaska_permafrost_reference	dormancy_resuscitation	216	-0.0040677234035898235	-0.005854435656762946	-0.026394568423929406	0.008227448770919046	0.251	0.014833333333333334	0.0	0.0	0.271	0.0003333333333333333	0.0	0.7141666666666666	0.9996666666666667	1.0	0.2937658560061924	0.27100830293809797	0.32007246610073214
alaska_permafrost_reference	dna_repair_radiation	216	-0.02522112972729673	-0.0255023916471908	-0.04743248596843908	-0.004847224699705186	0.007666666666666666	0.00016666666666666666	0.0	0.0	0.9276666666666666	0.015166666666666667	0.0	0.07216666666666667	0.9848333333333333	1.0	0.622960919509696	0.6018032013648306	0.643863417802615
alaska_permafrost_reference	cold_protein_quality	216	0.016918415118809926	0.01764529021888975	-0.017621635196659526	0.05721934118403184	0.8288333333333333	0.647	0.050166666666666665	0.0	0.06216666666666667	0.0	0.0	0.29083333333333333	0.9498333333333333	1.0	0.45300063303672183	0.41344826986193495	0.49472201825724665
alaska_permafrost_reference	sulfur_chemolithotrophy	216	0.0032007316766416915	0.004025360968980497	-0.0014847617803811575	0.014410451550899742	0.8791666666666667	0.08533333333333333	0.0	0.0	0.00016666666666666666	0.0	0.0	0.9145	1.0	1.0	0.015830964290047808	0.007533742542689507	0.03115732501280502
alaska_permafrost_reference	AA_count	216	0.038944642403800606	0.03931764077622748	0.015915687468660334	0.0651179606570667	0.9998333333333334	0.9931666666666666	0.19883333333333333	0.0	0.0	0.0	0.0	0.006833333333333334	0.8011666666666667	1.0	0.43174204752823186	0.4014983744311752	0.46185462844901454
alaska_permafrost_reference	cofactor_count	216	0.009272675202705874	0.010274153743203533	-0.0038725131827317587	0.030039078954862984	0.8878333333333334	0.4716666666666667	0.00016666666666666666	0.0	0.004	0.0	0.0	0.5243333333333333	0.9998333333333334	1.0	0.23707050009157038	0.2149653117441579	0.26046789147153837
atacama_halite_rainfall_prjna484015	biofilm_eps_surface	7	5.648271697121336e-05	0.0011184392584748211	-0.006239602260941782	0.015427353605193065	0.5198333333333334	0.057166666666666664	0.0006666666666666666	0.0	0.0031666666666666666	0.0	0.0	0.9396666666666667	0.9993333333333333	1.0	0.013236557263905439	0.0052533618080267954	0.034526594196606704
atacama_halite_rainfall_prjna484015	osmotic_desiccation_salt	7	0.07296838318815269	0.07418301905423087	-0.008514530223768706	0.1624586200182882	0.962	0.9345	0.7116666666666667	0.26416666666666666	0.02266666666666667	0.001	0.0	0.042833333333333334	0.28733333333333333	0.7358333333333333	0.35396455365173535	0.25833028158440435	0.4568769826675663
atacama_halite_rainfall_prjna484015	oxidative_redox	7	0.0003878239230486469	0.0015157090433256532	-0.044275520354131535	0.053314796771634636	0.5076666666666667	0.3395	0.03216666666666667	0.0006666666666666666	0.31183333333333335	0.012166666666666666	0.0	0.3486666666666667	0.9556666666666667	0.9993333333333333	0.4814831624318456	0.42846219316410994	0.5453855518071669
atacama_halite_rainfall_prjna484015	trace_gas_energy	7	0.00879567799250569	0.012983007339712993	-0.03847129298718444	0.08205383835568512	0.6535	0.48283333333333334	0.10983333333333334	0.0115	0.19483333333333333	0.007833333333333333	0.0	0.32233333333333336	0.8823333333333333	0.9885	0.14512974628302566	0.088824154327603	0.23899415137534055
atacama_halite_rainfall_prjna484015	dormancy_resuscitation	7	0.0014104824717730002	0.0052246806438138735	-0.017951531073036587	0.04844680053529521	0.5996666666666667	0.23933333333333334	0.021833333333333333	0.0016666666666666668	0.08033333333333334	0.0	0.0	0.6803333333333333	0.9781666666666666	0.9983333333333333	0.3016723760927388	0.2726926244268018	0.36213992075084683
atacama_halite_rainfall_prjna484015	dna_repair_radiation	7	0.014663837851318196	0.01572950140765361	-0.028045892590301266	0.06692853457582984	0.746	0.584	0.08383333333333333	0.0013333333333333333	0.12633333333333333	0.0026666666666666666	0.0	0.2896666666666667	0.9135	0.9986666666666667	0.6626572838169233	0.6114648974332102	0.7249474831905889
atacama_halite_rainfall_prjna484015	cold_protein_quality	7	-0.0029751216569192107	-0.0014127081433227347	-0.06418540909032577	0.07359218456815693	0.4583333333333333	0.3338333333333333	0.072	0.006666666666666667	0.4105	0.06316666666666666	0.002	0.25566666666666665	0.8648333333333333	0.9913333333333333	0.4325388019348454	0.3556581097250229	0.5242913281526677
atacama_halite_rainfall_prjna484015	sulfur_chemolithotrophy	7	0.0005381554471271428	0.002944872199390865	-0.005164802128434624	0.026641749380718015	0.6015	0.10116666666666667	0.006	0.0005	0.0013333333333333333	0.0	0.0	0.8975	0.994	0.9995	0.012927816419840366	0.0048049154617616965	0.04481637224270919
atacama_halite_rainfall_prjna484015	AA_count	7	-0.006281837591248757	-0.007503615427217086	-0.062287363552821905	0.04071604722149901	0.3895	0.22966666666666666	0.012333333333333333	0.0	0.43566666666666665	0.05433333333333333	0.002	0.33466666666666667	0.9333333333333333	0.998	0.38579478667589256	0.3179868651671673	0.44468082307837026
atacama_halite_rainfall_prjna484015	cofactor_count	7	0.002288406501748802	0.004911574550099909	-0.0214699048235612	0.04271251585646755	0.6155	0.2758333333333333	0.0125	0.0005	0.10416666666666667	0.0005	0.0	0.62	0.987	0.9995	0.23049081939705346	0.19663142309049864	0.2762439347721588
atacama_salt_crust_prjna351262	biofilm_eps_surface	3	0.0002282442402238502	0.0018477051546248757	-0.005724165945537103	0.01804795637853029	0.5591666666666667	0.07	0.0035	0.001	0.0018333333333333333	0.0	0.0	0.9281666666666667	0.9965	0.999	0.013610692307740169	0.005520442022612723	0.036742026937673
atacama_salt_crust_prjna351262	osmotic_desiccation_salt	3	-0.009395472780769396	-0.008273377492393246	-0.1028857458858823	0.09233353662619728	0.4236666666666667	0.3501666666666667	0.126	0.0165	0.49516666666666664	0.20566666666666666	0.029333333333333333	0.15466666666666667	0.6683333333333333	0.9541666666666667	0.2706233374177901	0.1598085479670075	0.3913982522811514
atacama_salt_crust_prjna351262	oxidative_redox	3	0.007409875350970319	0.009663204484210933	-0.04335443715045969	0.07438543619716664	0.617	0.4615	0.08833333333333333	0.005666666666666667	0.24583333333333332	0.0155	0.00016666666666666666	0.2926666666666667	0.8961666666666667	0.9941666666666666	0.48819531822487716	0.42610519624411586	0.5675359649546059
atacama_salt_crust_prjna351262	trace_gas_energy	3	0.008855405105923642	0.014937548265219869	-0.039530474138907964	0.09860735651561106	0.6468333333333334	0.484	0.13366666666666666	0.024166666666666666	0.20516666666666666	0.010666666666666666	0.0	0.31083333333333335	0.8556666666666667	0.9758333333333333	0.14413849676680782	0.08607092170996435	0.26003420207630784
atacama_salt_crust_prjna351262	dormancy_resuscitation	3	0.00025604892706168614	0.0021778465799043327	-0.02327292704450548	0.03882429468357133	0.5278333333333334	0.18333333333333332	0.012833333333333334	0.0008333333333333334	0.13016666666666668	0.0008333333333333334	0.0	0.6865	0.9863333333333333	0.9991666666666666	0.2998699771419824	0.26846515373068547	0.3532779997768671
atacama_salt_crust_prjna351262	dna_repair_radiation	3	-0.0017443197027381951	-0.0015484493654756382	-0.05780065220484458	0.05578033231259651	0.4736666666666667	0.32033333333333336	0.0365	0.0013333333333333333	0.3705	0.0405	0.0013333333333333333	0.30916666666666665	0.923	0.9973333333333333	0.6463810395082552	0.5812507892872644	0.7156747008402845
atacama_salt_crust_prjna351262	cold_protein_quality	3	-0.017620630392989473	-0.019659581534249626	-0.09520798301586847	0.04935186188863154	0.29183333333333333	0.188	0.023833333333333335	0.001	0.5926666666666667	0.18916666666666668	0.02	0.21933333333333332	0.787	0.979	0.41849841275669397	0.32351844020627446	0.5041539231290944
atacama_salt_crust_prjna351262	sulfur_chemolithotrophy	3	0.0007326296452474963	0.0039187201728063175	-0.004711130926805956	0.03368426067464698	0.6201666666666666	0.12233333333333334	0.011833333333333333	0.0026666666666666666	0.0005	0.0	0.0	0.8771666666666667	0.9881666666666666	0.9973333333333333	0.01322057963748205	0.0049032908023049415	0.051287676389104274
atacama_salt_crust_prjna351262	AA_count	3	0.009861182370075744	0.011481301552309073	-0.04222010869495544	0.07477143568836737	0.66	0.498	0.08983333333333333	0.006666666666666667	0.2085	0.015333333333333332	0.00016666666666666666	0.2935	0.8948333333333334	0.9931666666666666	0.40286456645940383	0.3355274885540968	0.4807674871185965
atacama_salt_crust_prjna351262	cofactor_count	3	0.00012008770809153468	0.0004792413795136005	-0.03198844209565901	0.033158066381586825	0.5101666666666667	0.19483333333333333	0.005166666666666667	0.0	0.17916666666666667	0.003833333333333333	0.0	0.626	0.991	1.0	0.22765877224389042	0.1870850020941662	0.26886119853647494
australian_basalt_lava_tubes_bay_2025	biofilm_eps_surface	150	0.0015648797658416123	0.002436402102644473	-0.00251562239472753	0.011451156852783832	0.7705	0.0415	0.0	0.0	0.0005	0.0	0.0	0.958	1.0	1.0	0.015191265004368881	0.007618692830400662	0.029410672731128344
australian_basalt_lava_tubes_bay_2025	osmotic_desiccation_salt	150	0.014040301100512326	0.013996145227780594	-0.019104340681679877	0.04735779218282543	0.7955	0.5963333333333334	0.018333333333333333	0.0	0.08133333333333333	0.0	0.0	0.32233333333333336	0.9816666666666667	1.0	0.2943970815593108	0.2655607211275819	0.32375308598793934
australian_basalt_lava_tubes_bay_2025	oxidative_redox	150	-0.03054161938725508	-0.030949146010538324	-0.054213727462804104	-0.00916417031601648	0.0016666666666666668	0.00016666666666666666	0.0	0.0	0.9698333333333333	0.05383333333333333	0.0	0.03	0.9461666666666667	1.0	0.4504049628695863	0.42843834350106563	0.47214826894224615
australian_basalt_lava_tubes_bay_2025	trace_gas_energy	150	0.004292180189602174	0.003865467116000101	-0.03004525641125423	0.03374243611025984	0.6216666666666667	0.3388333333333333	0.0006666666666666666	0.0	0.16783333333333333	0.0015	0.0	0.49333333333333335	0.9978333333333333	1.0	0.14045254865599177	0.10567232556403486	0.1806393452627775
australian_basalt_lava_tubes_bay_2025	dormancy_resuscitation	150	-0.004988491576311177	-0.007026348546200175	-0.02968150022232952	0.007755410841654149	0.235	0.012666666666666666	0.0	0.0	0.32033333333333336	0.001	0.0	0.667	0.999	1.0	0.2922326851837754	0.26890539875126557	0.32032858160447314
australian_basalt_lava_tubes_bay_2025	dna_repair_radiation	150	-0.02875142043900475	-0.029018208605975804	-0.051282045235186396	-0.008302477187454112	0.0025	0.0003333333333333333	0.0	0.0	0.959	0.03233333333333333	0.0	0.04066666666666666	0.9676666666666667	1.0	0.6195591777377567	0.5967946677376788	0.6413888507703088
australian_basalt_lava_tubes_bay_2025	cold_protein_quality	150	-0.04227484430070741	-0.04248811920544945	-0.07787184588720356	-0.007523072252131365	0.0065	0.0018333333333333333	0.0	0.0	0.9653333333333334	0.3383333333333333	0.0005	0.03283333333333333	0.6616666666666666	0.9995	0.39188228836927974	0.35530717853572996	0.43916281061295365
australian_basalt_lava_tubes_bay_2025	sulfur_chemolithotrophy	150	-0.0006266068564257776	-0.0009056894973130065	-0.007295219149325109	0.004768724157966401	0.36933333333333335	0.0015	0.0	0.0	0.006166666666666667	0.0	0.0	0.9923333333333333	1.0	1.0	0.011262115345945678	0.005221898048908599	0.02115782883630761
australian_basalt_lava_tubes_bay_2025	AA_count	150	-0.007976484571933645	-0.008118294682191112	-0.03271238180424632	0.01574178654060704	0.25066666666666665	0.0705	0.0	0.0	0.43266666666666664	0.0005	0.0	0.49683333333333335	0.9995	1.0	0.3844601019771072	0.3525697578618352	0.4150757103644737
australian_basalt_lava_tubes_bay_2025	cofactor_count	150	0.005551720957201772	0.006803103828919847	-0.00809370454116188	0.026636770155423456	0.7805	0.3233333333333333	0.00016666666666666666	0.0	0.014333333333333333	0.0	0.0	0.6623333333333333	0.9998333333333334	1.0	0.23355240246044148	0.21201096298465136	0.2580073086355002
mauna_loa_lava_tube_fishman_2023	biofilm_eps_surface	31	0.00012520578074869983	0.0008221038053561004	-0.0054837366874985775	0.011569813653986512	0.5391666666666667	0.036	0.00016666666666666666	0.0	0.0023333333333333335	0.0	0.0	0.9616666666666667	0.9998333333333334	1.0	0.013327552045389142	0.005894311914098688	0.029787063494504377
mauna_loa_lava_tube_fishman_2023	osmotic_desiccation_salt	31	-0.09308209214869129	-0.09304891133871968	-0.1377214333957977	-0.046925029258398615	0.0	0.0	0.0	0.0	0.9998333333333334	0.9675	0.3825	0.00016666666666666666	0.0325	0.6175	0.1867647168121565	0.14256174908053104	0.23479746531347465
mauna_loa_lava_tube_fishman_2023	oxidative_redox	31	0.05413336241471822	0.05487323788722936	0.01911731503078775	0.09293515479862759	0.9996666666666667	0.996	0.5918333333333333	0.011333333333333334	0.0	0.0	0.0	0.004	0.4081666666666667	0.9886666666666667	0.5358196118190839	0.4933030876958925	0.5797950110283195
mauna_loa_lava_tube_fishman_2023	trace_gas_energy	31	0.02692810881603734	0.02988753770130533	-0.012456272795748567	0.08716388107031375	0.8888333333333334	0.7558333333333334	0.2135	0.0095	0.033	0.0	0.0	0.21116666666666667	0.7865	0.9905	0.16450217264410966	0.108527601721196	0.24004511597407938
mauna_loa_lava_tube_fishman_2023	dormancy_resuscitation	31	0.004424948402284717	0.008840124834173877	-0.010687949100738703	0.04538078003817037	0.721	0.341	0.018	0.00016666666666666666	0.029666666666666668	0.0	0.0	0.6293333333333333	0.982	0.9998333333333334	0.30566777015382185	0.27837131174224217	0.35803974857350596
mauna_loa_lava_tube_fishman_2023	dna_repair_radiation	31	0.051365727055128874	0.05177914235018934	0.017473449806621515	0.08680210752976047	0.9996666666666667	0.9923333333333333	0.5335	0.0035	0.0	0.0	0.0	0.007666666666666666	0.4665	0.9965	0.7004751478619348	0.6584690545399066	0.7410793801998578
mauna_loa_lava_tube_fishman_2023	cold_protein_quality	31	0.0051409617843262145	0.007620792579587015	-0.03958245181534715	0.06710002107247252	0.5851666666666666	0.42183333333333334	0.0645	0.0025	0.25216666666666665	0.0075	0.0	0.326	0.928	0.9975	0.44169887586804846	0.38637196342756064	0.5118425875133295
mauna_loa_lava_tube_fishman_2023	sulfur_chemolithotrophy	31	-0.0004015006170361578	-0.0003794103988205785	-0.008263679172314036	0.009308562635044657	0.412	0.021166666666666667	0.0	0.0	0.0125	0.0	0.0	0.9663333333333334	1.0	1.0	0.011317284032658375	0.004219684054352523	0.02606352165674789
mauna_loa_lava_tube_fishman_2023	AA_count	31	-0.028030575559138432	-0.029132312842720783	-0.06804276420316993	0.0034966760594185484	0.04416666666666667	0.008666666666666666	0.0	0.0	0.8536666666666667	0.13083333333333333	0.0005	0.13766666666666666	0.8691666666666666	0.9995	0.3640429602803936	0.317975714497876	0.4051511796531372
mauna_loa_lava_tube_fishman_2023	cofactor_count	31	-0.011292704420841751	-0.01406157551448984	-0.048146343131835065	0.006281260131559163	0.14916666666666667	0.009	0.0	0.0	0.5331666666666667	0.019666666666666666	0.0	0.4578333333333333	0.9803333333333333	1.0	0.2151318874952268	0.17362815006813193	0.24247969123578234
qaidam_basin_mmag_1773	biofilm_eps_surface	339	-0.000459017090972986	-0.000856020096624741	-0.00713813932477814	0.0040823163042247946	0.3855	0.0005	0.0	0.0	0.005666666666666667	0.0	0.0	0.9938333333333333	1.0	1.0	0.012459384453546683	0.006696520133813926	0.020601427108682974
qaidam_basin_mmag_1773	osmotic_desiccation_salt	339	-0.09820795712994983	-0.09822475816618584	-0.1265746277746632	-0.06983546603023501	0.0	0.0	0.0	0.0	1.0	0.999	0.4495	0.0	0.001	0.5505	0.1821200547610351	0.16279828949062802	0.20214560462207062
qaidam_basin_mmag_1773	oxidative_redox	339	0.014948415297564438	0.014780215756190264	-0.005677801846025632	0.03423514718424016	0.9256666666666666	0.6865	0.00016666666666666666	0.0	0.008333333333333333	0.0	0.0	0.30516666666666664	0.9998333333333334	1.0	0.4960557203722593	0.47728458084663905	0.5148482795052934
qaidam_basin_mmag_1773	trace_gas_energy	339	-0.039036171333981344	-0.039493966628431965	-0.07560640336195688	-0.0032062191275233094	0.012166666666666666	0.0003333333333333333	0.0	0.0	0.9451666666666667	0.27166666666666667	0.0008333333333333334	0.0545	0.7283333333333334	0.9991666666666666	0.09708669344526183	0.07289247603536456	0.12594784057353037
qaidam_basin_mmag_1773	dormancy_resuscitation	339	0.00402592988483777	0.0057792951194976655	-0.009283438149223196	0.02703655379292745	0.7443333333333333	0.2728333333333333	0.0003333333333333333	0.0	0.021666666666666667	0.0	0.0	0.7055	0.9996666666666667	1.0	0.30491213665438066	0.28202286906688795	0.3346609529463633
qaidam_basin_mmag_1773	dna_repair_radiation	339	-0.008784223044549289	-0.00881732315909948	-0.02883066986672529	0.010650343643185494	0.1815	0.028166666666666666	0.0	0.0	0.449	0.0	0.0	0.5228333333333334	1.0	1.0	0.6397378039743347	0.6216387803498974	0.6582405500224403
qaidam_basin_mmag_1773	cold_protein_quality	339	0.04246576808078387	0.04293754374190572	0.005042486740382641	0.08419221573321402	0.9878333333333333	0.9538333333333333	0.3591666666666667	0.0045	0.0026666666666666666	0.0	0.0	0.0435	0.6408333333333334	0.9955	0.4785185148650293	0.4404048335381206	0.5188055565469788
qaidam_basin_mmag_1773	sulfur_chemolithotrophy	339	-0.0018420402391024658	-0.0024340533635811273	-0.00972950104082115	0.001923984879176461	0.18266666666666667	0.0	0.0	0.0	0.02266666666666667	0.0	0.0	0.9773333333333334	1.0	1.0	0.009883596194434931	0.004767175012168807	0.01754508542342892
qaidam_basin_mmag_1773	AA_count	339	-0.02010294711499616	-0.02063725665718765	-0.044598184840265814	0.00187441286956589	0.0355	0.004166666666666667	0.0	0.0	0.8156666666666667	0.009833333333333333	0.0	0.18016666666666667	0.9901666666666666	1.0	0.3719083946729695	0.3439306385987718	0.39912199367414947
qaidam_basin_mmag_1773	cofactor_count	339	-0.0043866716318481935	-0.005268471616986176	-0.022404319228203275	0.009047865524873992	0.24866666666666667	0.0175	0.0	0.0	0.253	0.0	0.0	0.7295	1.0	1.0	0.2219310378193382	0.20177323367812286	0.2413308447019936
stordalen_mire_2019_hybrid_mags	biofilm_eps_surface	133	0.000700157908001247	0.0014126396461077646	-0.0037697788723597813	0.00983115757036515	0.6491666666666667	0.023666666666666666	0.0	0.0	0.001	0.0	0.0	0.9753333333333334	1.0	1.0	0.014173704267545661	0.007036912055327527	0.027774956599766355
stordalen_mire_2019_hybrid_mags	osmotic_desiccation_salt	133	0.07823606589638865	0.0785278482557645	0.04358337781204579	0.11343937668359369	1.0	1.0	0.9471666666666667	0.1085	0.0	0.0	0.0	0.0	0.052833333333333336	0.8915	0.35891535198355573	0.327764501543623	0.3904363377849145
stordalen_mire_2019_hybrid_mags	oxidative_redox	133	-0.018906867998110505	-0.019259080664297348	-0.04422551456751571	0.003205777518633775	0.049166666666666664	0.004333333333333333	0.0	0.0	0.7758333333333334	0.007166666666666667	0.0	0.21983333333333333	0.9928333333333333	1.0	0.4619293399306384	0.438626873981978	0.48633182006772535
stordalen_mire_2019_hybrid_mags	trace_gas_energy	133	-0.002684119943010835	-0.0037258741586976307	-0.03750212864101714	0.02681801117404556	0.423	0.18566666666666667	0.00016666666666666666	0.0	0.31866666666666665	0.008333333333333333	0.0	0.49566666666666664	0.9915	1.0	0.13269001616030077	0.09847141774553558	0.17285869892618141
stordalen_mire_2019_hybrid_mags	dormancy_resuscitation	133	-0.002454515351659442	-0.0042658584578712366	-0.026392315961884728	0.01109591158930461	0.3323333333333333	0.03333333333333333	0.0	0.0	0.22083333333333333	0.00016666666666666666	0.0	0.7458333333333333	0.9998333333333334	1.0	0.29527970190367625	0.27087806864264424	0.3236084953610481
stordalen_mire_2019_hybrid_mags	dna_repair_radiation	133	-0.000990991081051107	-0.0013197261560162297	-0.024985652573582103	0.021274419026168362	0.4663333333333333	0.1645	0.0	0.0	0.22333333333333333	0.0	0.0	0.6121666666666666	1.0	1.0	0.6468101164826006	0.6224995663793136	0.6715830655985362
stordalen_mire_2019_hybrid_mags	cold_protein_quality	133	0.008171405695964279	0.008769186404030124	-0.027971361799230578	0.04965968354478385	0.6596666666666666	0.46116666666666667	0.024	0.0	0.167	0.0005	0.0	0.37183333333333335	0.9755	1.0	0.44406068937307985	0.4009920577922994	0.49195474430054226
stordalen_mire_2019_hybrid_mags	sulfur_chemolithotrophy	133	-0.0008949234477575851	-0.0012208871285038123	-0.008006354194533364	0.004508040493324795	0.322	0.0018333333333333333	0.0	0.0	0.011333333333333334	0.0	0.0	0.9868333333333333	1.0	1.0	0.010856756504341609	0.005012908569788778	0.021107152442420132
stordalen_mire_2019_hybrid_mags	AA_count	133	0.012714985862367023	0.01298044479479022	-0.011663361920170928	0.03993070685603872	0.8385	0.5826666666666667	0.0028333333333333335	0.0	0.035166666666666666	0.0	0.0	0.38216666666666665	0.9971666666666666	1.0	0.405409848124174	0.37237722604072787	0.4378623329669149
stordalen_mire_2019_hybrid_mags	cofactor_count	133	-0.002348822190854166	-0.002890923748724164	-0.020429244750094843	0.014026947539580168	0.3535	0.0545	0.0	0.0	0.1805	0.0	0.0	0.765	1.0	1.0	0.22439142054548394	0.20064324724186125	0.24715064957077343
