branch	strict	module	source_partial_r2	breadth_mean	breadth_sd	reduced_standardized_sse	portfolio_residual_weight
core65	False	cold_protein_quality	0.03215572311963677	0.41118950365144197	0.2517960419952549	2126.6094131158948	0.24078361120250108
core65	False	dna_repair_radiation	0.015484637820164737	0.5294900358955317	0.16948879825574956	1415.8291480960595	0.16030609712426364
core65	False	dormancy_resuscitation	0.019476594030186756	0.24572966951355366	0.18456495894698358	1578.310809121252	0.1787029502814703
core65	False	osmotic_desiccation_salt	0.12322255902014789	0.23879192969426907	0.16631064347964875	2162.8879314052087	0.24489121675945105
core65	False	oxidative_redox	0.03526485844776428	0.39439699632792835	0.16157587556676867	1548.3982445986583	0.17531612463231408
core65	False	sulfur_chemolithotrophy	0.032064399083022055	0.034162643891570726	0.12146055746815453	1927.4601271367465	0.5119224049846571
core65	False	trace_gas_energy	0.011303913955580835	0.14085901720509963	0.16892105061955492	1837.6810512309294	0.48807759501534287
core65	True	cold_protein_quality	0.02881859277573562	0.4575645756457565	0.2552336150275115	614.6839979304989	0.23687612291746984
core65	True	dna_repair_radiation	0.041942954847821845	0.6316113161131611	0.14698358364775183	489.67468650588626	0.18870223012289453
core65	True	dormancy_resuscitation	0.0285600357554745	0.29305043050430507	0.16735862695185008	407.8879464351237	0.15718469272278865
core65	True	osmotic_desiccation_salt	0.168159919050633	0.28519885198851985	0.17540594704944168	648.1145369609939	0.24975899688075168
core65	True	oxidative_redox	0.049994063987151116	0.4764247642476425	0.1491247063594933	434.5985535601904	0.1674779573560953
core65	True	sulfur_chemolithotrophy	0.03263441535889644	0.0340889123176946	0.11966022667120176	595.2700497497955	0.5253732986553801
core65	True	trace_gas_energy	0.023509209267700615	0.14678146781467813	0.1761665117106943	537.7720200952201	0.4746267013446198
restored74	False	cold_protein_quality	0.03297646283029698	0.30950612699591534	0.19033739023295615	2121.8485203425066	0.24205309009212872
restored74	False	dna_repair_radiation	0.015708581909428254	0.4898740323916707	0.15792529447551498	1406.5734845778275	0.16045700488023468
restored74	False	dormancy_resuscitation	0.012178634907935582	0.12369517679580808	0.09649767136196508	1535.2956828596118	0.17514118499905304
restored74	False	osmotic_desiccation_salt	0.10308568170789278	0.22301828269369386	0.1574989874045384	2153.9300599898547	0.24571284041459768
restored74	False	oxidative_redox	0.03526485844776428	0.39439699632792835	0.16157587556676867	1548.3982445986583	0.17663587961398586
restored74	False	sulfur_chemolithotrophy	0.032064399083022055	0.034162643891570726	0.12146055746815453	1927.4601271367465	0.5119224049846571
restored74	False	trace_gas_energy	0.011303913955580835	0.14085901720509963	0.16892105061955492	1837.6810512309294	0.48807759501534287
restored74	True	cold_protein_quality	0.03402370021041279	0.3447109471094711	0.193672241897209	612.3529789498754	0.23790338554524332
restored74	True	dna_repair_radiation	0.04281918318325029	0.5849181568738765	0.13876612231723504	487.07699582854923	0.18923279597257164
restored74	True	dormancy_resuscitation	0.018609669067972456	0.14432144321443216	0.09114282856772385	400.1407449345571	0.1554574586666934
restored74	True	osmotic_desiccation_salt	0.1379054523434674	0.26770855943853555	0.16611060656151866	639.7872828575562	0.24856180316396226
restored74	True	oxidative_redox	0.049994063987151116	0.4764247642476425	0.1491247063594933	434.5985535601904	0.16884455665152945
restored74	True	sulfur_chemolithotrophy	0.03263441535889644	0.0340889123176946	0.11966022667120176	595.2700497497955	0.5253732986553801
restored74	True	trace_gas_energy	0.023509209267700615	0.14678146781467813	0.1761665117106943	537.7720200952201	0.4746267013446198
