branch	strict	submodule	n_KO	mean_breadth	var_breadth	source_partial_r2	reduced_sse	source_sse
core65	False	betaine	1	0.13145191236539175	0.11417230710087312	0.001381144254427129	270.60912530307803	0.37375023860789724
core65	False	compatible_solute_transport	3	0.09728926847382102	0.08031488653458473	0.024702874975500812	190.98345022308362	4.717840293250617
core65	False	ectoine	3	0.06584973387795519	0.05161133080541253	0.04791074997325944	128.22722474297365	6.143462504425557
core65	False	potassium_homeostasis	5	0.34236910508726326	0.16591744712571233	0.447446769794622	352.4763576842732	157.71440767480183
core65	False	trehalose	3	0.4163881668523332	0.12591536164237543	0.06381392361352162	282.7894155940465	18.045902165430903
core65	True	betaine	1	0.17589175891758918	0.1449538480624658	0.0037744382624664923	103.1547790657787	0.38935134506215263
core65	True	compatible_solute_transport	3	0.08897088970889708	0.07750170162628234	0.041566932525486704	55.64717514085971	2.3130823743140567
core65	True	ectoine	3	0.07011070110701105	0.05562842836300442	0.0739849417130731	39.23358334819753	2.9026943772113896
core65	True	potassium_homeostasis	5	0.45387453874538747	0.19788474194705047	0.49995397406230446	129.95583418011324	64.97193575092948
core65	True	trehalose	3	0.45182451824518244	0.13725135201331512	0.1091347321559231	96.64869176317937	10.547729088794952
restored74	False	betaine	2	0.12068325287783141	0.06415816665974926	0.0035923313311678287	154.56246702612498	0.5552395929205431
restored74	False	compatible_solute_transport	3	0.09728926847382102	0.08031488653458473	0.024702874975500812	190.98345022308362	4.717840293250617
restored74	False	ectoine	4	0.07426661715558856	0.0531550971291802	0.046906286589169635	129.55762192955214	6.077066944038862
restored74	False	potassium_homeostasis	5	0.34236910508726326	0.16591744712571233	0.447446769794622	352.4763576842732	157.71440767480183
restored74	False	trehalose	3	0.4163881668523332	0.12591536164237543	0.06381392361352162	282.7894155940465	18.045902165430903
restored74	True	betaine	2	0.16236162361623616	0.08310979788764675	0.0008619672085577637	57.45277837826241	0.04952241100259869
restored74	True	compatible_solute_transport	3	0.08897088970889708	0.07750170162628234	0.041566932525486704	55.64717514085971	2.3130823743140567
restored74	True	ectoine	4	0.08364083640836409	0.05957862622906672	0.07074030804135421	40.52071238642874	2.866447676271086
restored74	True	potassium_homeostasis	5	0.45387453874538747	0.19788474194705047	0.49995397406230446	129.95583418011324	64.97193575092948
restored74	True	trehalose	3	0.45182451824518244	0.13725135201331512	0.1091347321559231	96.64869176317937	10.547729088794952
