representative_genome_id	protein_id	genome_id	ani_cluster_95	dataset_id	gtdb_taxonomy_r226	length_aa	cxxch_count	domain_ievalue	target_coverage
GCA_050692375.1_genomic	australian_basalt_lava_tubes_bay_2025|GCA_050692375.1_genomic|JBOGVK010000043.1_9	GCA_050692375.1_genomic	ANI95_00001	australian_basalt_lava_tubes_bay_2025	d__Bacteria;p__Actinomycetota;c__UBA4738;o__UBA4738;f__HRBIN12;g__JBBQVZ01;s__	254	1	1e-14	0.807843
GCA_050742415.1_genomic	australian_basalt_lava_tubes_bay_2025|GCA_050742415.1_genomic|JBOGIF010000032.1_19	GCA_050742415.1_genomic	ANI95_00432	australian_basalt_lava_tubes_bay_2025	d__Bacteria;p__Actinomycetota;c__Acidimicrobiia;o__Acidimicrobiales;f__AC-14;g__;s__	333	2	9.3e-28	0.733533
MAG40	mauna_loa_lava_tube_fishman_2023|MAG40|MAG40_267_3	MAG40	ANI95_00645	mauna_loa_lava_tube_fishman_2023	d__Bacteria;p__Actinomycetota;c__Acidimicrobiia;o__Acidimicrobiales;f__JACDCH01;g__JBBJOU01;s__	310	2	1.4e-24	0.732258
MAG44	mauna_loa_lava_tube_fishman_2023|MAG44|MAG44_140_7	MAG44	ANI95_00649	mauna_loa_lava_tube_fishman_2023	d__Bacteria;p__Actinomycetota;c__Acidimicrobiia;o__Acidimicrobiales;f__CADCSY01;g__JADDRA01;s__	362	2	8.5e-32	0.702479
MAG45	mauna_loa_lava_tube_fishman_2023|MAG45|MAG45_111_7	MAG45	ANI95_00650	mauna_loa_lava_tube_fishman_2023	d__Bacteria;p__Actinomycetota;c__Acidimicrobiia;o__Acidimicrobiales;f__CADCSY01;g__JADDRA01;s__	374	2	2.2e-32	0.898667
alaska_permafrost_reference_SRR1586264rbin.5	alaska_permafrost_reference|alaska_permafrost_reference_SRR1586264rbin.5|gnl|X|PKFMBAGH_96_4	alaska_permafrost_reference_SRR1586264rbin.5	ANI95_00953	alaska_permafrost_reference	d__Bacteria;p__Actinomycetota;c__UBA4738;o__UBA4738;f__UBA4738;g__UBA4738;s__UBA4738 sp002413305	223	1	7.6e-21	0.861607
alaska_permafrost_reference_SRR1586279rbin.21	alaska_permafrost_reference|alaska_permafrost_reference_SRR1586279rbin.21|gnl|X|CFBIJENJ_46_9	alaska_permafrost_reference_SRR1586279rbin.21	ANI95_00971	alaska_permafrost_reference	d__Bacteria;p__Actinomycetota;c__UBA4738;o__UBA4738;f__UBA4738;g__DAIMKN01;s__DAIMKN01 sp036721725	222	1	8.6e-17	0.7713
qaidam_basin_mmag_1773_CHGRbin13	qaidam_basin_mmag_1773|qaidam_basin_mmag_1773_CHGRbin13|k141_1676527_length_2427_cov_16.7135_5	qaidam_basin_mmag_1773_CHGRbin13	ANI95_01505	qaidam_basin_mmag_1773	d__Bacteria;p__Gemmatimonadota;c__Gemmatimonadetes;o__Longimicrobiales;f__Longimicrobiaceae;g__;s__	321	2	3e-192	0.996894
qaidam_basin_mmag_1773_CHGRbin21	qaidam_basin_mmag_1773|qaidam_basin_mmag_1773_CHGRbin21|k141_121601_length_11112_cov_23.0792_5	qaidam_basin_mmag_1773_CHGRbin21	ANI95_01511	qaidam_basin_mmag_1773	d__Bacteria;p__Actinomycetota;c__CADDZG01;o__CADDZG01;f__WHSQ01;g__MB1-2;s__	359	2	2.1e-212	0.997222
qaidam_basin_mmag_1773_CJ0912_15_20bin9	qaidam_basin_mmag_1773|qaidam_basin_mmag_1773_CJ0912_15_20bin9|k141_546827_length_19332_cov_35.3317_4	qaidam_basin_mmag_1773_CJ0912_15_20bin9	ANI95_01630	qaidam_basin_mmag_1773	d__Bacteria;p__Actinomycetota;c__CADDZG01;o__CADDZG01;f__WHSQ01;g__MB1-2;s__	359	2	3.7e-211	0.997222
qaidam_basin_mmag_1773_CJ0912_25_30bin23	qaidam_basin_mmag_1773|qaidam_basin_mmag_1773_CJ0912_25_30bin23|k141_602614_length_7556_cov_45.9962_8	qaidam_basin_mmag_1773_CJ0912_25_30bin23	ANI95_01647	qaidam_basin_mmag_1773	d__Bacteria;p__Actinomycetota;c__CADDZG01;o__CADDZG01;f__WHSQ01;g__MB1-2;s__	359	2	5.6e-213	0.997222
qaidam_basin_mmag_1773_CJ0912_30_35bin52	qaidam_basin_mmag_1773|qaidam_basin_mmag_1773_CJ0912_30_35bin52|k141_1489845_length_25643_cov_24.2576_10	qaidam_basin_mmag_1773_CJ0912_30_35bin52	ANI95_01683	qaidam_basin_mmag_1773	d__Bacteria;p__Actinomycetota;c__CADDZG01;o__CADDZG01;f__WHSQ01;g__CALMBW01;s__	324	2	5.4e-159	0.996923
qaidam_basin_mmag_1773_CJS_1_0912bin3	qaidam_basin_mmag_1773|qaidam_basin_mmag_1773_CJS_1_0912bin3|k141_234690_length_3671_cov_45.7527_4	qaidam_basin_mmag_1773_CJS_1_0912bin3	ANI95_01795	qaidam_basin_mmag_1773	d__Bacteria;p__Actinomycetota;c__CADDZG01;o__CADDZG01;f__WHSQ01;g__;s__	359	2	1.2e-211	0.997222
qaidam_basin_mmag_1773_DLTCJS10_15bin74	qaidam_basin_mmag_1773|qaidam_basin_mmag_1773_DLTCJS10_15bin74|k141_384968_length_16397_cov_18.8614_17	qaidam_basin_mmag_1773_DLTCJS10_15bin74	ANI95_01852	qaidam_basin_mmag_1773	d__Bacteria;p__Actinomycetota;c__CADDZG01;o__CADDZG01;f__WHSQ01;g__CALMBW01;s__	336	2	4.1e-169	0.997033
qaidam_basin_mmag_1773_DLTCJS25_30bin58	qaidam_basin_mmag_1773|qaidam_basin_mmag_1773_DLTCJS25_30bin58|k141_1313972_length_11200_cov_19.5138_5	qaidam_basin_mmag_1773_DLTCJS25_30bin58	ANI95_01941	qaidam_basin_mmag_1773	d__Bacteria;p__Actinomycetota;c__CADDZG01;o__CADDZG01;f__WHSQ01;g__;s__	359	2	1.7e-208	0.997222
qaidam_basin_mmag_1773_DLTFbin3	qaidam_basin_mmag_1773|qaidam_basin_mmag_1773_DLTFbin3|k141_2029015_length_48417_cov_30.7266_17	qaidam_basin_mmag_1773_DLTFbin3	ANI95_01971	qaidam_basin_mmag_1773	d__Bacteria;p__Actinomycetota;c__Acidimicrobiia;o__Acidimicrobiales;f__SKKL01;g__;s__	368	2	8.1e-19	0.899729
qaidam_basin_mmag_1773_DLTSQ15_20bin48	qaidam_basin_mmag_1773|qaidam_basin_mmag_1773_DLTSQ15_20bin48|k141_444110_length_12580_cov_37.3158_8	qaidam_basin_mmag_1773_DLTSQ15_20bin48	ANI95_02043	qaidam_basin_mmag_1773	d__Bacteria;p__Actinomycetota;c__Acidimicrobiia;o__Acidimicrobiales;f__CADCTF01;g__;s__	336	2	1.3e-31	0.709199
qaidam_basin_mmag_1773_L_0707_10_15bin26	qaidam_basin_mmag_1773|qaidam_basin_mmag_1773_L_0707_10_15bin26|k141_1402603_length_18605_cov_12.0000_9	qaidam_basin_mmag_1773_L_0707_10_15bin26	ANI95_02150	qaidam_basin_mmag_1773	d__Bacteria;p__Actinomycetota;c__Acidimicrobiia;o__Acidimicrobiales;f__JAUTXP01;g__DASYMT01;s__	331	2	3.2e-25	0.701807
qaidam_basin_mmag_1773_L_0707_10_15bin48	qaidam_basin_mmag_1773|qaidam_basin_mmag_1773_L_0707_10_15bin48|k141_103135_length_55457_cov_75.9190_10	qaidam_basin_mmag_1773_L_0707_10_15bin48	ANI95_02168	qaidam_basin_mmag_1773	d__Bacteria;p__Actinomycetota;c__CADDZG01;o__CADDZG01;f__WHSQ01;g__;s__	370	2	1.3e-176	0.997305
qaidam_basin_mmag_1773_L_0707_10_15bin61	qaidam_basin_mmag_1773|qaidam_basin_mmag_1773_L_0707_10_15bin61|k141_547765_length_28453_cov_98.0110_34	qaidam_basin_mmag_1773_L_0707_10_15bin61	ANI95_02183	qaidam_basin_mmag_1773	d__Bacteria;p__Actinomycetota;c__CADDZG01;o__CADDZG01;f__WHSQ01;g__MB1-2;s__	359	2	9.3e-214	0.997222
qaidam_basin_mmag_1773_L_0707_10_15bin70	qaidam_basin_mmag_1773|qaidam_basin_mmag_1773_L_0707_10_15bin70|k141_596203_length_12150_cov_67.0000_10	qaidam_basin_mmag_1773_L_0707_10_15bin70	ANI95_02191	qaidam_basin_mmag_1773	d__Bacteria;p__Actinomycetota;c__Acidimicrobiia;o__Acidimicrobiales;f__JAHWLA01;g__JAHWLA01;s__	335	2	5.3e-27	0.934524
qaidam_basin_mmag_1773_L_0707_10_15bin8	qaidam_basin_mmag_1773|qaidam_basin_mmag_1773_L_0707_10_15bin8|k141_894493_length_9067_cov_191.7307_2	qaidam_basin_mmag_1773_L_0707_10_15bin8	ANI95_02197	qaidam_basin_mmag_1773	d__Bacteria;p__Actinomycetota;c__CADDZG01;o__CADDZG01;f__WHSQ01;g__;s__	359	2	9.5e-211	0.997222
qaidam_basin_mmag_1773_L_0707_15_20bin14	qaidam_basin_mmag_1773|qaidam_basin_mmag_1773_L_0707_15_20bin14|k141_23060_length_86366_cov_200.4849_51	qaidam_basin_mmag_1773_L_0707_15_20bin14	ANI95_02204	qaidam_basin_mmag_1773	d__Bacteria;p__Actinomycetota;c__CADDZG01;o__CADDZG01;f__WHSQ01;g__JALZEA01;s__	351	2	1.5e-181	0.997159
qaidam_basin_mmag_1773_L_0707_15_20bin47	qaidam_basin_mmag_1773|qaidam_basin_mmag_1773_L_0707_15_20bin47|k141_10700_length_6052_cov_282.7467_5	qaidam_basin_mmag_1773_L_0707_15_20bin47	ANI95_02230	qaidam_basin_mmag_1773	d__Bacteria;p__Actinomycetota;c__CADDZG01;o__CADDZG01;f__WHSQ01;g__MB1-2;s__	358	2	6.6e-208	0.997214
qaidam_basin_mmag_1773_L_0707_15_20bin6	qaidam_basin_mmag_1773|qaidam_basin_mmag_1773_L_0707_15_20bin6|k141_1173871_length_6333_cov_26.1633_1	qaidam_basin_mmag_1773_L_0707_15_20bin6	ANI95_02241	qaidam_basin_mmag_1773	d__Bacteria;p__Actinomycetota;c__UBA4738;o__UBA4738;f__CALAEC01;g__DASZZY01;s__	228	1	1.7e-25	0.95614
qaidam_basin_mmag_1773_L_0707_15_20bin63	qaidam_basin_mmag_1773|qaidam_basin_mmag_1773_L_0707_15_20bin63|k141_1326789_length_88520_cov_39.3672_46	qaidam_basin_mmag_1773_L_0707_15_20bin63	ANI95_02245	qaidam_basin_mmag_1773	d__Bacteria;p__Actinomycetota;c__Acidimicrobiia;o__Acidimicrobiales;f__CADCTF01;g__;s__	347	2	4.1e-30	0.718391
qaidam_basin_mmag_1773_L_0707_2_5bin11	qaidam_basin_mmag_1773|qaidam_basin_mmag_1773_L_0707_2_5bin11|k141_47600_length_31998_cov_409.8271_32	qaidam_basin_mmag_1773_L_0707_2_5bin11	ANI95_02251	qaidam_basin_mmag_1773	d__Bacteria;p__Actinomycetota;c__CADDZG01;o__CADDZG01;f__WHSQ01;g__MB1-2;s__	359	2	1.6e-213	0.997222
qaidam_basin_mmag_1773_L_0707_2_5bin30	qaidam_basin_mmag_1773|qaidam_basin_mmag_1773_L_0707_2_5bin30|k141_1525004_length_20847_cov_29.8884_22	qaidam_basin_mmag_1773_L_0707_2_5bin30	ANI95_02267	qaidam_basin_mmag_1773	d__Bacteria;p__Actinomycetota;c__CADDZG01;o__CADDZG01;f__WHSQ01;g__MB1-2;s__	359	2	3e-213	0.997222
qaidam_basin_mmag_1773_L_0707_2_5bin60	qaidam_basin_mmag_1773|qaidam_basin_mmag_1773_L_0707_2_5bin60|k141_519793_length_3328_cov_17.0000_2	qaidam_basin_mmag_1773_L_0707_2_5bin60	ANI95_02290	qaidam_basin_mmag_1773	d__Bacteria;p__Actinomycetota;c__Acidimicrobiia;o__Acidimicrobiales;f__AC-14;g__JALYGL01;s__	314	2	7.8e-27	0.742857
qaidam_basin_mmag_1773_L_0707_2_5bin63	qaidam_basin_mmag_1773|qaidam_basin_mmag_1773_L_0707_2_5bin63|k141_1149615_length_21874_cov_13.4926_2	qaidam_basin_mmag_1773_L_0707_2_5bin63	ANI95_02293	qaidam_basin_mmag_1773	d__Bacteria;p__Actinomycetota;c__Acidimicrobiia;o__Acidimicrobiales;f__JAHWKP01;g__JAHWKP01;s__	342	2	3.4e-33	0.932945
qaidam_basin_mmag_1773_L_0707_40_50bin16	qaidam_basin_mmag_1773|qaidam_basin_mmag_1773_L_0707_40_50bin16|k141_944051_length_17341_cov_27.3513_18	qaidam_basin_mmag_1773_L_0707_40_50bin16	ANI95_02303	qaidam_basin_mmag_1773	d__Bacteria;p__Actinomycetota;c__Acidimicrobiia;o__Acidimicrobiales;f__CADCTF01;g__;s__	273	2	9.1e-27	0.930657
qaidam_basin_mmag_1773_L_0707_40_50bin5	qaidam_basin_mmag_1773|qaidam_basin_mmag_1773_L_0707_40_50bin5|k141_191208_length_18020_cov_12.0000_9	qaidam_basin_mmag_1773_L_0707_40_50bin5	ANI95_02337	qaidam_basin_mmag_1773	d__Bacteria;p__Actinomycetota;c__CADDZG01;o__CADDZG01;f__WHSQ01;g__JALZEA01;s__	352	2	6.2e-185	0.997167
qaidam_basin_mmag_1773_L_0707_40_50bin52	qaidam_basin_mmag_1773|qaidam_basin_mmag_1773_L_0707_40_50bin52|k141_94661_length_85364_cov_256.0000_81	qaidam_basin_mmag_1773_L_0707_40_50bin52	ANI95_02339	qaidam_basin_mmag_1773	d__Bacteria;p__Actinomycetota;c__Acidimicrobiia;o__IMCC26256;f__JACPCJ01;g__;s__	406	2	4.3e-30	0.857494
qaidam_basin_mmag_1773_L_0707_40_50bin69	qaidam_basin_mmag_1773|qaidam_basin_mmag_1773_L_0707_40_50bin69|k141_994956_length_9011_cov_26.0000_3	qaidam_basin_mmag_1773_L_0707_40_50bin69	ANI95_02352	qaidam_basin_mmag_1773	d__Bacteria;p__Actinomycetota;c__Acidimicrobiia;o__IMCC26256;f__BP-133;g__;s__	334	2	2e-34	0.877612
qaidam_basin_mmag_1773_L_21_NSL5_10bin15	qaidam_basin_mmag_1773|qaidam_basin_mmag_1773_L_21_NSL5_10bin15|k141_1003652_length_2725_cov_53.6389_2	qaidam_basin_mmag_1773_L_21_NSL5_10bin15	ANI95_02465	qaidam_basin_mmag_1773	d__Bacteria;p__Actinomycetota;c__CADDZG01;o__CADDZG01;f__WHSQ01;g__;s__	359	2	6.3e-211	0.997222
qaidam_basin_mmag_1773_NSL1015bin20	qaidam_basin_mmag_1773|qaidam_basin_mmag_1773_NSL1015bin20|k141_260066_length_8084_cov_131.4498_4	qaidam_basin_mmag_1773_NSL1015bin20	ANI95_01730	qaidam_basin_mmag_1773	d__Bacteria;p__Actinomycetota;c__CADDZG01;o__CADDZG01;f__WHSQ01;g__CALMBW01;s__	356	2	7.9e-158	0.938375
qaidam_basin_mmag_1773_NSL1520bin14	qaidam_basin_mmag_1773|qaidam_basin_mmag_1773_NSL1520bin14|k141_84623_length_4635_cov_29.6179_1	qaidam_basin_mmag_1773_NSL1520bin14	ANI95_02508	qaidam_basin_mmag_1773	d__Bacteria;p__Actinomycetota;c__CADDZG01;o__CADDZG01;f__WHSQ01;g__;s__	110	0	9.9e-56	1
qaidam_basin_mmag_1773_NSL1520bin4	qaidam_basin_mmag_1773|qaidam_basin_mmag_1773_NSL1520bin4|k141_1027367_length_19498_cov_38.7398_21	qaidam_basin_mmag_1773_NSL1520bin4	ANI95_02515	qaidam_basin_mmag_1773	d__Bacteria;p__Actinomycetota;c__Nitriliruptoria;o__Nitriliruptorales;f__;g__;s__	142	1	7.8e-13	0.760563
qaidam_basin_mmag_1773_NSL20_25bin7	qaidam_basin_mmag_1773|qaidam_basin_mmag_1773_NSL20_25bin7|k141_1269121_length_2263_cov_16.0000_3	qaidam_basin_mmag_1773_NSL20_25bin7	ANI95_02522	qaidam_basin_mmag_1773	d__Bacteria;p__Actinomycetota;c__Acidimicrobiia;o__Acidimicrobiales;f__CADCSY01;g__JAHWJR01;s__JAHWJR01 sp019348335	316	2	3.8e-27	0.825949
qaidam_basin_mmag_1773_NSL30_35bin32	qaidam_basin_mmag_1773|qaidam_basin_mmag_1773_NSL30_35bin32|k141_94050_length_8607_cov_17.8285_1	qaidam_basin_mmag_1773_NSL30_35bin32	ANI95_02545	qaidam_basin_mmag_1773	d__Bacteria;p__Actinomycetota;c__CADDZG01;o__CADDZG01;f__WHSQ01;g__;s__	190	1	4.8e-116	0.989529
qaidam_basin_mmag_1773_NSL35_40bin1	qaidam_basin_mmag_1773|qaidam_basin_mmag_1773_NSL35_40bin1|k141_1156276_length_6822_cov_49.7283_9	qaidam_basin_mmag_1773_NSL35_40bin1	ANI95_02554	qaidam_basin_mmag_1773	d__Bacteria;p__Actinomycetota;c__Acidimicrobiia;o__Acidimicrobiales;f__CADCSY01;g__LC5-5;s__	331	2	1.1e-31	0.770393
qaidam_basin_mmag_1773_NSL35_40bin20	qaidam_basin_mmag_1773|qaidam_basin_mmag_1773_NSL35_40bin20|k141_355820_length_11977_cov_48.3172_3	qaidam_basin_mmag_1773_NSL35_40bin20	ANI95_02560	qaidam_basin_mmag_1773	d__Bacteria;p__Actinomycetota;c__CADDZG01;o__CADDZG01;f__WHSQ01;g__CALMBW01;s__	325	2	4.6e-161	0.996933
qaidam_basin_mmag_1773_NSL35_40bin22	qaidam_basin_mmag_1773|qaidam_basin_mmag_1773_NSL35_40bin22|k141_1664726_length_8377_cov_26.0000_10	qaidam_basin_mmag_1773_NSL35_40bin22	ANI95_02561	qaidam_basin_mmag_1773	d__Bacteria;p__Actinomycetota;c__CADDZG01;o__CADDZG01;f__WHSQ01;g__;s__	88	0	3.7e-47	0.988764
qaidam_basin_mmag_1773_NSLT11bin7	qaidam_basin_mmag_1773|qaidam_basin_mmag_1773_NSLT11bin7|k141_334755_length_5868_cov_32.7512_7	qaidam_basin_mmag_1773_NSLT11bin7	ANI95_02575	qaidam_basin_mmag_1773	d__Bacteria;p__Actinomycetota;c__Acidimicrobiia;o__Acidimicrobiales;f__CADCSY01;g__JADDRA01;s__	367	2	1.8e-31	0.703804
qaidam_basin_mmag_1773_NSLT21bin10	qaidam_basin_mmag_1773|qaidam_basin_mmag_1773_NSLT21bin10|k141_369569_length_43633_cov_81.1505_20	qaidam_basin_mmag_1773_NSLT21bin10	ANI95_02585	qaidam_basin_mmag_1773	d__Bacteria;p__Actinomycetota;c__Acidimicrobiia;o__Acidimicrobiales;f__CADCTF01;g__JAHWJQ01;s__	350	2	6.5e-33	0.717949
qaidam_basin_mmag_1773_NSLT21bin14	qaidam_basin_mmag_1773|qaidam_basin_mmag_1773_NSLT21bin14|k141_1126522_length_322413_cov_28.1246_274	qaidam_basin_mmag_1773_NSLT21bin14	ANI95_02587	qaidam_basin_mmag_1773	d__Bacteria;p__Actinomycetota;c__CADDZG01;o__CADDZG01;f__WHSQ01;g__MB1-2;s__	359	2	1.1e-211	0.997222
qaidam_basin_mmag_1773_NSLT22bin15	qaidam_basin_mmag_1773|qaidam_basin_mmag_1773_NSLT22bin15|k141_906223_length_49601_cov_44.8945_47	qaidam_basin_mmag_1773_NSLT22bin15	ANI95_02605	qaidam_basin_mmag_1773	d__Bacteria;p__Actinomycetota;c__Acidimicrobiia;o__Acidimicrobiales;f__GCA-2861595;g__;s__	337	2	1.6e-27	0.713018
qaidam_basin_mmag_1773_NSLT22bin24	qaidam_basin_mmag_1773|qaidam_basin_mmag_1773_NSLT22bin24|k141_564290_length_18360_cov_25.0316_5	qaidam_basin_mmag_1773_NSLT22bin24	ANI95_02612	qaidam_basin_mmag_1773	d__Bacteria;p__Actinomycetota;c__CADDZG01;o__CADDZG01;f__WHSQ01;g__;s__	324	2	4.4e-159	0.996923
qaidam_basin_mmag_1773_NSLT22bin34	qaidam_basin_mmag_1773|qaidam_basin_mmag_1773_NSLT22bin34|k141_85724_length_181751_cov_37.4608_49	qaidam_basin_mmag_1773_NSLT22bin34	ANI95_02621	qaidam_basin_mmag_1773	d__Bacteria;p__Actinomycetota;c__CADDZG01;o__CADDZG01;f__WHSQ01;g__DATLNM01;s__	335	2	1.6e-163	0.997024
qaidam_basin_mmag_1773_NSLT22bin36	qaidam_basin_mmag_1773|qaidam_basin_mmag_1773_NSLT22bin36|k141_1091258_length_20826_cov_47.3131_9	qaidam_basin_mmag_1773_NSLT22bin36	ANI95_02623	qaidam_basin_mmag_1773	d__Bacteria;p__Actinomycetota;c__CADDZG01;o__CADDZG01;f__WHSQ01;g__CALMBW01;s__	324	2	3e-159	0.996923
qaidam_basin_mmag_1773_NSLT22bin51	qaidam_basin_mmag_1773|qaidam_basin_mmag_1773_NSLT22bin51|k141_692999_length_2620_cov_275.0904_3	qaidam_basin_mmag_1773_NSLT22bin51	ANI95_02635	qaidam_basin_mmag_1773	d__Bacteria;p__Actinomycetota;c__Acidimicrobiia;o__Acidimicrobiales;f__AC-14;g__CADCTB01;s__	334	2	1.3e-26	0.728358
qaidam_basin_mmag_1773_NSLT22bin54	qaidam_basin_mmag_1773|qaidam_basin_mmag_1773_NSLT22bin54|k141_501752_length_24403_cov_75.1165_5	qaidam_basin_mmag_1773_NSLT22bin54	ANI95_02637	qaidam_basin_mmag_1773	d__Bacteria;p__Actinomycetota;c__CADDZG01;o__CADDZG01;f__WHSQ01;g__MB1-2;s__	359	2	3.2e-214	0.997222
qaidam_basin_mmag_1773_S305CJS_Drybin11	qaidam_basin_mmag_1773|qaidam_basin_mmag_1773_S305CJS_Drybin11|k141_536458_length_4641_cov_17.2724_1	qaidam_basin_mmag_1773_S305CJS_Drybin11	ANI95_02647	qaidam_basin_mmag_1773	d__Bacteria;p__Actinomycetota;c__Acidimicrobiia;o__Acidimicrobiales;f__CADCTF01;g__DATLED01;s__	320	2	1.4e-23	0.7375
qaidam_basin_mmag_1773_S305CJS_Drybin13	qaidam_basin_mmag_1773|qaidam_basin_mmag_1773_S305CJS_Drybin13|k141_735875_length_5255_cov_15.0000_7	qaidam_basin_mmag_1773_S305CJS_Drybin13	ANI95_02649	qaidam_basin_mmag_1773	d__Bacteria;p__Actinomycetota;c__CADDZG01;o__JAHWKV01;f__JAHWKV01;g__;s__	315	2	5e-34	0.787975
qaidam_basin_mmag_1773_S305CJS_Drybin18	qaidam_basin_mmag_1773|qaidam_basin_mmag_1773_S305CJS_Drybin18|k141_651879_length_20597_cov_383.3555_15	qaidam_basin_mmag_1773_S305CJS_Drybin18	ANI95_02653	qaidam_basin_mmag_1773	d__Bacteria;p__Actinomycetota;c__Acidimicrobiia;o__Acidimicrobiales;f__GCA-2861595;g__JAHFUS01;s__	335	2	2.7e-33	0.958333
qaidam_basin_mmag_1773_YX2bin12	qaidam_basin_mmag_1773|qaidam_basin_mmag_1773_YX2bin12|k141_1284666_length_3763_cov_71.9464_3	qaidam_basin_mmag_1773_YX2bin12	ANI95_02707	qaidam_basin_mmag_1773	d__Bacteria;p__Actinomycetota;c__CADDZG01;o__CADDZG01;f__WHSQ01;g__JAUJNI01;s__JAUJNI01 sp030446465	339	2	2.4e-175	0.991176
qaidam_basin_mmag_1773_YX2bin5	qaidam_basin_mmag_1773|qaidam_basin_mmag_1773_YX2bin5|k141_719502_length_2099_cov_56.9259_2	qaidam_basin_mmag_1773_YX2bin5	ANI95_02719	qaidam_basin_mmag_1773	d__Bacteria;p__Actinomycetota;c__Acidimicrobiia;o__Acidimicrobiales;f__GCA-2861595;g__YB1-3;s__YB1-3 sp030448025	337	2	8.6e-32	0.952663
qaidam_basin_mmag_1773_YX3bin23	qaidam_basin_mmag_1773|qaidam_basin_mmag_1773_YX3bin23|k141_399218_length_6240_cov_20.6049_1	qaidam_basin_mmag_1773_YX3bin23	ANI95_02730	qaidam_basin_mmag_1773	d__Bacteria;p__Actinomycetota;c__CADDZG01;o__JAHWKV01;f__JAHWKV01;g__JAJCYE01;s__JAJCYE01 sp030447305	265	2	1.9e-30	0.75188
