genome_id	accession	protein_id	KO	contig	cds_rank	start	end	strand	partial	contig_length	system	source_or_site	span_bp
desert2025__GCA_030853195.1	GCA_030853195.1	JALYVO010000020.1_26	K01546	JALYVO010000020.1	26	46380	48095	-	00	76689	KdpABC	Lagoon Island	4419
desert2025__GCA_030853195.1	GCA_030853195.1	JALYVO010000020.1_25	K01547	JALYVO010000020.1	25	44255	46300	-	00	76689	KdpABC	Lagoon Island	4419
desert2025__GCA_030853195.1	GCA_030853195.1	JALYVO010000020.1_24	K01548	JALYVO010000020.1	24	43677	44240	-	00	76689	KdpABC	Lagoon Island	4419
desert2025__GCA_030774055.1	GCA_030774055.1	JALYLW010000120.1_24	K01546	JALYLW010000120.1	24	24169	25917	+	00	42536	KdpABC	Alex Fiord-Dome	4400
desert2025__GCA_030774055.1	GCA_030774055.1	JALYLW010000120.1_25	K01547	JALYLW010000120.1	25	25937	27979	+	00	42536	KdpABC	Alex Fiord-Dome	4400
desert2025__GCA_030774055.1	GCA_030774055.1	JALYLW010000120.1_26	K01548	JALYLW010000120.1	26	27993	28568	+	00	42536	KdpABC	Alex Fiord-Dome	4400
desert2025__GCA_030774055.1	GCA_030774055.1	JALYLW010000120.1_20	K07646	JALYLW010000120.1	20	21314	22432	-	00	42536	KdpDE	Alex Fiord-Dome	1844
desert2025__GCA_030774055.1	GCA_030774055.1	JALYLW010000120.1_19	K07667	JALYLW010000120.1	19	20589	21317	-	00	42536	KdpDE	Alex Fiord-Dome	1844
desert2025__GCA_030860485.1	GCA_030860485.1	JALZID010000211.1_12	K01546	JALZID010000211.1	12	13844	15652	-	00	22905	KdpABC	Mojave Desert	4240
desert2025__GCA_030860485.1	GCA_030860485.1	JALZID010000211.1_11	K01547	JALZID010000211.1	11	11632	13554	-	00	22905	KdpABC	Mojave Desert	4240
desert2025__GCA_030860485.1	GCA_030860485.1	JALZID010000211.1_10	K01548	JALZID010000211.1	10	11413	11619	-	00	22905	KdpABC	Mojave Desert	4240
desert2025__GCA_030860485.1	GCA_030860485.1	JALZID010000211.1_8	K07646	JALZID010000211.1	8	8059	10854	-	00	22905	KdpDE	Mojave Desert	3454
desert2025__GCA_030860485.1	GCA_030860485.1	JALZID010000211.1_7	K07667	JALZID010000211.1	7	7401	8051	-	00	22905	KdpDE	Mojave Desert	3454
desert2025__GCA_030859905.1	GCA_030859905.1	JALZJF010000148.1_15	K07646	JALZJF010000148.1	15	23021	24355	-	00	34524	KdpDE	Mojave Desert	2042
desert2025__GCA_030859905.1	GCA_030859905.1	JALZJF010000148.1_14	K07667	JALZJF010000148.1	14	22314	23018	-	00	34524	KdpDE	Mojave Desert	2042
desert2025__GCA_030775825.1	GCA_030775825.1	JALYIL010000161.1_60	K01546	JALYIL010000161.1	60	56725	58386	-	00	84032	KdpABC	Hietatievat	4742
desert2025__GCA_030775825.1	GCA_030775825.1	JALYIL010000161.1_59	K01547	JALYIL010000161.1	59	54545	56725	-	00	84032	KdpABC	Hietatievat	4742
desert2025__GCA_030775825.1	GCA_030775825.1	JALYIL010000161.1_58	K01548	JALYIL010000161.1	58	53645	54538	-	00	84032	KdpABC	Hietatievat	4742
desert2025__GCA_030775825.1	GCA_030775825.1	JALYIL010000138.1_23	K07646	JALYIL010000138.1	23	25399	27954	-	00	52603	KdpDE	Hietatievat	3230
desert2025__GCA_030775825.1	GCA_030775825.1	JALYIL010000138.1_22	K07667	JALYIL010000138.1	22	24725	25402	-	00	52603	KdpDE	Hietatievat	3230
desert2025__GCA_030776465.1	GCA_030776465.1	JALYHR010000153.1_7	K01546	JALYHR010000153.1	7	9214	10917	-	00	11243	KdpABC	Hietatievat	4528
desert2025__GCA_030776465.1	GCA_030776465.1	JALYHR010000153.1_6	K01547	JALYHR010000153.1	6	7003	9039	-	00	11243	KdpABC	Hietatievat	4528
desert2025__GCA_030776465.1	GCA_030776465.1	JALYHR010000153.1_5	K01548	JALYHR010000153.1	5	6390	6992	-	00	11243	KdpABC	Hietatievat	4528
desert2025__GCA_030776465.1	GCA_030776465.1	JALYHR010000153.1_4	K07646	JALYHR010000153.1	4	3685	6393	-	00	11243	KdpDE	Hietatievat	3406
desert2025__GCA_030776465.1	GCA_030776465.1	JALYHR010000153.1_3	K07667	JALYHR010000153.1	3	2988	3671	-	00	11243	KdpDE	Hietatievat	3406
desert2025__GCA_030856365.1	GCA_030856365.1	JALYPM010000047.1_4	K07646	JALYPM010000047.1	4	2915	4384	+	00	39726	KdpDE	McMurdo Dry Valleys	2182
desert2025__GCA_030856365.1	GCA_030856365.1	JALYPM010000047.1_5	K07667	JALYPM010000047.1	5	4377	5096	+	00	39726	KdpDE	McMurdo Dry Valleys	2182
desert2025__GCA_030853635.1	GCA_030853635.1	JALYUR010000120.1_6	K01546	JALYUR010000120.1	6	5835	7529	+	00	16965	KdpABC	Lagoon Island	4439
desert2025__GCA_030853635.1	GCA_030853635.1	JALYUR010000120.1_7	K01547	JALYUR010000120.1	7	7533	9599	+	00	16965	KdpABC	Lagoon Island	4439
desert2025__GCA_030853635.1	GCA_030853635.1	JALYUR010000120.1_8	K01548	JALYUR010000120.1	8	9623	10273	+	00	16965	KdpABC	Lagoon Island	4439
desert2025__GCA_030774015.1	GCA_030774015.1	JALYLZ010000043.1_78	K07646	JALYLZ010000043.1	78	69928	71436	-	00	93139	KdpDE	Alex Fiord-Dome	2192
desert2025__GCA_030774015.1	GCA_030774015.1	JALYLZ010000043.1_77	K07667	JALYLZ010000043.1	77	69245	69931	-	00	93139	KdpDE	Alex Fiord-Dome	2192
desert2025__GCA_030913905.1	GCA_030913905.1	JALZOO010000638.1_1	K07646	JALZOO010000638.1	1	256	1437	+	00	7446	KdpDE	Svalbard	1880
desert2025__GCA_030913905.1	GCA_030913905.1	JALZOO010000638.1_2	K07667	JALZOO010000638.1	2	1440	2135	+	00	7446	KdpDE	Svalbard	1880
desert2025__GCA_030858785.1	GCA_030858785.1	JALZLJ010000188.1_1	K02000	JALZLJ010000188.1	1	194	1441	+	00	15921	ProVWX	Mount Seuss	3107
desert2025__GCA_030858785.1	GCA_030858785.1	JALZLJ010000188.1_2	K02001	JALZLJ010000188.1	2	1438	2319	+	00	15921	ProVWX	Mount Seuss	3107
desert2025__GCA_030858785.1	GCA_030858785.1	JALZLJ010000188.1_3	K02002	JALZLJ010000188.1	3	2380	3300	+	00	15921	ProVWX	Mount Seuss	3107
desert2025__GCA_030775405.1	GCA_030775405.1	JALYJF010000015.1_149	K01546	JALYJF010000015.1	149	149929	151737	+	00	162508	KdpABC	Hietatievat	4649
desert2025__GCA_030775405.1	GCA_030775405.1	JALYJF010000015.1_150	K01547	JALYJF010000015.1	150	151762	153915	+	00	162508	KdpABC	Hietatievat	4649
desert2025__GCA_030775405.1	GCA_030775405.1	JALYJF010000015.1_151	K01548	JALYJF010000015.1	151	153996	154577	+	00	162508	KdpABC	Hietatievat	4649
desert2025__GCA_030775405.1	GCA_030775405.1	JALYJF010000015.1_152	K07646	JALYJF010000015.1	152	154577	157372	+	00	162508	KdpDE	Hietatievat	3491
desert2025__GCA_030775405.1	GCA_030775405.1	JALYJF010000015.1_153	K07667	JALYJF010000015.1	153	157369	158067	+	00	162508	KdpDE	Hietatievat	3491
desert2025__GCA_030775405.1	GCA_030775405.1	JALYJF010000002.1_42	K02000	JALYJF010000002.1	42	50781	51959	-	00	266084	ProVWX	Hietatievat	4163
desert2025__GCA_030775405.1	GCA_030775405.1	JALYJF010000002.1_41	K02001	JALYJF010000002.1	41	49886	50788	-	00	266084	ProVWX	Hietatievat	4163
desert2025__GCA_030775405.1	GCA_030775405.1	JALYJF010000002.1_39	K02002	JALYJF010000002.1	39	47797	48750	-	00	266084	ProVWX	Hietatievat	4163
desert2025__GCA_030775405.1	GCA_030775405.1	JALYJF010000002.1_21	K00108	JALYJF010000002.1	21	24623	26311	+	00	266084	BetAB	Hietatievat	3169
desert2025__GCA_030775405.1	GCA_030775405.1	JALYJF010000002.1_20	K00130	JALYJF010000002.1	20	23143	24612	+	00	266084	BetAB	Hietatievat	3169
desert2025__GCA_030853345.1	GCA_030853345.1	JALYVG010000082.1_13	K01546	JALYVG010000082.1	13	12859	14520	-	00	35535	KdpABC	Lagoon Island	4741
desert2025__GCA_030853345.1	GCA_030853345.1	JALYVG010000082.1_12	K01547	JALYVG010000082.1	12	10682	12859	-	00	35535	KdpABC	Lagoon Island	4741
desert2025__GCA_030853345.1	GCA_030853345.1	JALYVG010000082.1_11	K01548	JALYVG010000082.1	11	9780	10676	-	00	35535	KdpABC	Lagoon Island	4741
desert2025__GCA_030853345.1	GCA_030853345.1	JALYVG010000082.1_16	K07646	JALYVG010000082.1	16	15845	18382	+	00	35535	KdpDE	Lagoon Island	3212
desert2025__GCA_030853345.1	GCA_030853345.1	JALYVG010000082.1_17	K07667	JALYVG010000082.1	17	18379	19056	+	00	35535	KdpDE	Lagoon Island	3212
desert2025__GCA_030856025.1	GCA_030856025.1	JALYQD010000045.1_4	K02000	JALYQD010000045.1	4	3339	4391	-	00	13103	ProVWX	McMurdo Dry Valleys	4067
desert2025__GCA_030856025.1	GCA_030856025.1	JALYQD010000045.1_3	K02001	JALYQD010000045.1	3	1315	3342	-	00	13103	ProVWX	McMurdo Dry Valleys	4067
desert2025__GCA_030856025.1	GCA_030856025.1	JALYQD010000045.1_2	K02002	JALYQD010000045.1	2	325	1290	-	00	13103	ProVWX	McMurdo Dry Valleys	4067
desert2025__GCA_030856025.1	GCA_030856025.1	JALYQD010000045.1_5	K00108	JALYQD010000045.1	5	4388	6133	-	00	13103	BetAB	McMurdo Dry Valleys	3226
desert2025__GCA_030856025.1	GCA_030856025.1	JALYQD010000045.1_6	K00130	JALYQD010000045.1	6	6123	7613	-	00	13103	BetAB	McMurdo Dry Valleys	3226
desert2025__GCA_030799355.1	GCA_030799355.1	JALYHP010000062.1_10	K01546	JALYHP010000062.1	10	7753	9570	+	00	51550	KdpABC	Hietatievat	4618
desert2025__GCA_030799355.1	GCA_030799355.1	JALYHP010000062.1_11	K01547	JALYHP010000062.1	11	9695	11761	+	00	51550	KdpABC	Hietatievat	4618
desert2025__GCA_030799355.1	GCA_030799355.1	JALYHP010000062.1_12	K01548	JALYHP010000062.1	12	11801	12370	+	00	51550	KdpABC	Hietatievat	4618
desert2025__GCA_030799355.1	GCA_030799355.1	JALYHP010000062.1_13	K07646	JALYHP010000062.1	13	12375	15107	+	00	51550	KdpDE	Hietatievat	3433
desert2025__GCA_030799355.1	GCA_030799355.1	JALYHP010000062.1_14	K07667	JALYHP010000062.1	14	15100	15807	+	00	51550	KdpDE	Hietatievat	3433
desert2025__GCA_030799355.1	GCA_030799355.1	JALYHP010000124.1_20	K00108	JALYHP010000124.1	20	17499	19160	+	00	64610	BetAB	Hietatievat	4058
desert2025__GCA_030799355.1	GCA_030799355.1	JALYHP010000124.1_19	K00130	JALYHP010000124.1	19	15103	17238	+	00	64610	BetAB	Hietatievat	4058
desert2025__GCA_030775785.1	GCA_030775785.1	JALYIM010000093.1_6	K01546	JALYIM010000093.1	6	5094	6893	-	00	21042	KdpABC	Hietatievat	4437
desert2025__GCA_030775785.1	GCA_030775785.1	JALYIM010000093.1_5	K01547	JALYIM010000093.1	5	3054	5081	-	00	21042	KdpABC	Hietatievat	4437
desert2025__GCA_030775785.1	GCA_030775785.1	JALYIM010000093.1_4	K01548	JALYIM010000093.1	4	2457	3044	-	00	21042	KdpABC	Hietatievat	4437
desert2025__GCA_030776225.1	GCA_030776225.1	JALYHT010000228.1_1	K01546	JALYHT010000228.1	1	3	989	+	10	12479	KdpABC	Hietatievat	3737
desert2025__GCA_030776225.1	GCA_030776225.1	JALYHT010000228.1_2	K01547	JALYHT010000228.1	2	1013	3142	+	00	12479	KdpABC	Hietatievat	3737
desert2025__GCA_030776225.1	GCA_030776225.1	JALYHT010000228.1_3	K01548	JALYHT010000228.1	3	3158	3739	+	00	12479	KdpABC	Hietatievat	3737
desert2025__GCA_030776225.1	GCA_030776225.1	JALYHT010000056.1_4	K07646	JALYHT010000056.1	4	2215	3660	-	01	3660	KdpDE	Hietatievat	2153
desert2025__GCA_030776225.1	GCA_030776225.1	JALYHT010000056.1_3	K07667	JALYHT010000056.1	3	1508	2218	-	00	3660	KdpDE	Hietatievat	2153
desert2025__GCA_030854715.1	GCA_030854715.1	JALYSR010000247.1_9	K07646	JALYSR010000247.1	9	6893	7825	-	01	7825	KdpDE	Livingston Island	1631
desert2025__GCA_030854715.1	GCA_030854715.1	JALYSR010000247.1_8	K07667	JALYSR010000247.1	8	6195	6896	-	00	7825	KdpDE	Livingston Island	1631
desert2025__GCA_030776345.1	GCA_030776345.1	JALYHU010000086.1_19	K01546	JALYHU010000086.1	19	20633	22459	-	00	34736	KdpABC	Hietatievat	4514
desert2025__GCA_030776345.1	GCA_030776345.1	JALYHU010000086.1_18	K01547	JALYHU010000086.1	18	18564	20591	-	00	34736	KdpABC	Hietatievat	4514
desert2025__GCA_030776345.1	GCA_030776345.1	JALYHU010000086.1_17	K01548	JALYHU010000086.1	17	17946	18515	-	00	34736	KdpABC	Hietatievat	4514
desert2025__GCA_030776345.1	GCA_030776345.1	JALYHU010000200.1_34	K07646	JALYHU010000200.1	34	34426	36111	+	00	113340	KdpDE	Hietatievat	2881
desert2025__GCA_030776345.1	GCA_030776345.1	JALYHU010000200.1_36	K07667	JALYHU010000200.1	36	36605	37306	+	00	113340	KdpDE	Hietatievat	2881
desert2025__GCA_030776345.1	GCA_030776345.1	JALYHU010000276.1_6	K00108	JALYHU010000276.1	6	3568	5229	-	00	18194	BetAB	Hietatievat	3776
desert2025__GCA_030776345.1	GCA_030776345.1	JALYHU010000276.1_7	K00130	JALYHU010000276.1	7	5241	7343	-	00	18194	BetAB	Hietatievat	3776
desert2025__GCA_030854185.1	GCA_030854185.1	JALYTS010000051.1_19	K07646	JALYTS010000051.1	19	19061	20542	+	00	32504	KdpDE	Livingston Island	2168
desert2025__GCA_030854185.1	GCA_030854185.1	JALYTS010000051.1_20	K07667	JALYTS010000051.1	20	20539	21228	+	00	32504	KdpDE	Livingston Island	2168
desert2025__GCA_030853805.1	GCA_030853805.1	JALYUK010000258.1_4	K02000	JALYUK010000258.1	4	4485	5585	-	00	15948	ProVWX	Lagoon Island	4135
desert2025__GCA_030853805.1	GCA_030853805.1	JALYUK010000258.1_3	K02001	JALYUK010000258.1	3	2509	4488	-	00	15948	ProVWX	Lagoon Island	4135
desert2025__GCA_030853805.1	GCA_030853805.1	JALYUK010000258.1_2	K02002	JALYUK010000258.1	2	1451	2455	-	00	15948	ProVWX	Lagoon Island	4135
desert2025__GCA_030946705.1	GCA_030946705.1	JALYYI010000129.1_17	K07646	JALYYI010000129.1	17	15281	18241	-	00	65595	KdpDE	Kap Hoegh	3635
desert2025__GCA_030946705.1	GCA_030946705.1	JALYYI010000129.1_16	K07667	JALYYI010000129.1	16	14607	15284	-	00	65595	KdpDE	Kap Hoegh	3635
desert2025__GCA_030946705.1	GCA_030946705.1	JALYYI010000224.1_1	K02000	JALYYI010000224.1	1	165	1484	+	00	7632	ProVWX	Kap Hoegh	3166
desert2025__GCA_030946705.1	GCA_030946705.1	JALYYI010000224.1_2	K02001	JALYYI010000224.1	2	1485	2333	+	00	7632	ProVWX	Kap Hoegh	3166
desert2025__GCA_030946705.1	GCA_030946705.1	JALYYI010000224.1_3	K02002	JALYYI010000224.1	3	2428	3330	+	00	7632	ProVWX	Kap Hoegh	3166
desert2025__GCA_030946705.1	GCA_030946705.1	JALYYI010000125.1_35	K00108	JALYYI010000125.1	35	35032	36765	-	00	44842	BetAB	Kap Hoegh	3260
desert2025__GCA_030946705.1	GCA_030946705.1	JALYYI010000125.1_34	K00130	JALYYI010000125.1	34	33506	35035	-	00	44842	BetAB	Kap Hoegh	3260
desert2025__GCA_030774575.1	GCA_030774575.1	JALYKW010000079.1_27	K01546	JALYKW010000079.1	27	28501	30237	-	00	54686	KdpABC	Alex Fiord-Dome	4499
desert2025__GCA_030774575.1	GCA_030774575.1	JALYKW010000079.1_26	K01547	JALYKW010000079.1	26	26407	28488	-	00	54686	KdpABC	Alex Fiord-Dome	4499
desert2025__GCA_030774575.1	GCA_030774575.1	JALYKW010000079.1_25	K01548	JALYKW010000079.1	25	25739	26380	-	00	54686	KdpABC	Alex Fiord-Dome	4499
desert2025__GCA_030774575.1	GCA_030774575.1	JALYKW010000079.1_30	K07646	JALYKW010000079.1	30	31550	33082	-	00	54686	KdpDE	Alex Fiord-Dome	2225
desert2025__GCA_030774575.1	GCA_030774575.1	JALYKW010000079.1_29	K07667	JALYKW010000079.1	29	30858	31553	-	00	54686	KdpDE	Alex Fiord-Dome	2225
desert2025__GCA_030854325.1	GCA_030854325.1	JALYTK010000096.1_7	K01546	JALYTK010000096.1	7	9396	11057	-	00	14829	KdpABC	Livingston Island	4672
desert2025__GCA_030854325.1	GCA_030854325.1	JALYTK010000096.1_6	K01547	JALYTK010000096.1	6	7291	9396	-	00	14829	KdpABC	Livingston Island	4672
desert2025__GCA_030854325.1	GCA_030854325.1	JALYTK010000096.1_5	K01548	JALYTK010000096.1	5	6386	7276	-	00	14829	KdpABC	Livingston Island	4672
desert2025__GCA_030854055.1	GCA_030854055.1	JALYTX010000028.1_1	K01546	JALYTX010000028.1	1	67	1782	+	00	8426	KdpABC	Lagoon Island	4441
desert2025__GCA_030854055.1	GCA_030854055.1	JALYTX010000028.1_2	K01547	JALYTX010000028.1	2	1782	3851	+	00	8426	KdpABC	Lagoon Island	4441
desert2025__GCA_030854055.1	GCA_030854055.1	JALYTX010000028.1_3	K01548	JALYTX010000028.1	3	3866	4507	+	00	8426	KdpABC	Lagoon Island	4441
desert2025__GCA_030854055.1	GCA_030854055.1	JALYTX010000106.1_3	K07646	JALYTX010000106.1	3	1284	2864	+	00	3226	KdpDE	Lagoon Island	2389
desert2025__GCA_030854055.1	GCA_030854055.1	JALYTX010000106.1_2	K07667	JALYTX010000106.1	2	476	1171	+	00	3226	KdpDE	Lagoon Island	2389
desert2025__GCA_030775865.1	GCA_030775865.1	JALYIH010000028.1_11	K01546	JALYIH010000028.1	11	10303	12105	-	00	13820	KdpABC	Hietatievat	4464
desert2025__GCA_030775865.1	GCA_030775865.1	JALYIH010000028.1_10	K01547	JALYIH010000028.1	10	8222	10288	-	00	13820	KdpABC	Hietatievat	4464
desert2025__GCA_030775865.1	GCA_030775865.1	JALYIH010000028.1_9	K01548	JALYIH010000028.1	9	7642	8202	-	00	13820	KdpABC	Hietatievat	4464
desert2025__GCA_030775865.1	GCA_030775865.1	JALYIH010000113.1_12	K07646	JALYIH010000113.1	12	14983	17706	-	00	17969	KdpDE	Hietatievat	3418
desert2025__GCA_030775865.1	GCA_030775865.1	JALYIH010000113.1_11	K07667	JALYIH010000113.1	11	14289	14990	-	00	17969	KdpDE	Hietatievat	3418
desert2025__GCA_030775865.1	GCA_030775865.1	JALYIH010000018.1_16	K00108	JALYIH010000018.1	16	19707	21368	+	00	27080	BetAB	Hietatievat	3768
desert2025__GCA_030775865.1	GCA_030775865.1	JALYIH010000018.1_15	K00130	JALYIH010000018.1	15	17601	19691	+	00	27080	BetAB	Hietatievat	3768
desert2025__GCA_030774235.1	GCA_030774235.1	JALYLM010000071.1_18	K01546	JALYLM010000071.1	18	20470	22140	-	00	37513	KdpABC	Alex Fiord-Dome	4324
desert2025__GCA_030774235.1	GCA_030774235.1	JALYLM010000071.1_17	K01547	JALYLM010000071.1	17	18398	20470	-	00	37513	KdpABC	Alex Fiord-Dome	4324
desert2025__GCA_030774235.1	GCA_030774235.1	JALYLM010000071.1_16	K01548	JALYLM010000071.1	16	17817	18377	-	00	37513	KdpABC	Alex Fiord-Dome	4324
desert2025__GCA_030774235.1	GCA_030774235.1	JALYLM010000071.1_10	K07646	JALYLM010000071.1	10	10847	12304	-	00	37513	KdpDE	Alex Fiord-Dome	2150
desert2025__GCA_030774235.1	GCA_030774235.1	JALYLM010000071.1_9	K07667	JALYLM010000071.1	9	10155	10850	-	00	37513	KdpDE	Alex Fiord-Dome	2150
desert2025__GCA_030862825.1	GCA_030862825.1	JALZCZ010000388.1_16	K07646	JALZCZ010000388.1	16	13277	14335	-	00	25928	KdpDE	Sahara Desert - Ksar Ghilane	1763
desert2025__GCA_030862825.1	GCA_030862825.1	JALZCZ010000388.1_15	K07667	JALZCZ010000388.1	15	12573	13280	-	00	25928	KdpDE	Sahara Desert - Ksar Ghilane	1763
desert2025__GCA_030862065.1	GCA_030862065.1	JALZEK010000179.1_1	K07646	JALZEK010000179.1	1	1	990	+	10	6679	KdpDE	Negev Desert	1660
desert2025__GCA_030862065.1	GCA_030862065.1	JALZEK010000179.1_2	K07667	JALZEK010000179.1	2	965	1660	+	00	6679	KdpDE	Negev Desert	1660
desert2025__GCA_030859785.1	GCA_030859785.1	JALZJL010000086.1_30	K01546	JALZJL010000086.1	30	41914	43731	-	00	56104	KdpABC	Mojave Desert	4786
desert2025__GCA_030859785.1	GCA_030859785.1	JALZJL010000086.1_29	K01547	JALZJL010000086.1	29	39742	41835	-	00	56104	KdpABC	Mojave Desert	4786
desert2025__GCA_030859785.1	GCA_030859785.1	JALZJL010000086.1_28	K01548	JALZJL010000086.1	28	38946	39599	-	00	56104	KdpABC	Mojave Desert	4786
desert2025__GCA_030859785.1	GCA_030859785.1	JALZJL010000086.1_35	K07646	JALZJL010000086.1	35	47159	48460	-	00	56104	KdpDE	Mojave Desert	2037
desert2025__GCA_030859785.1	GCA_030859785.1	JALZJL010000086.1_34	K07667	JALZJL010000086.1	34	46424	47122	-	00	56104	KdpDE	Mojave Desert	2037
desert2025__GCA_030857405.1	GCA_030857405.1	JALZOB010000036.1_4	K02000	JALZOB010000036.1	4	4453	5484	-	00	22242	ProVWX	Mount Seuss	4089
desert2025__GCA_030857405.1	GCA_030857405.1	JALZOB010000036.1_3	K02001	JALZOB010000036.1	3	2465	4456	-	00	22242	ProVWX	Mount Seuss	4089
desert2025__GCA_030857405.1	GCA_030857405.1	JALZOB010000036.1_2	K02002	JALZOB010000036.1	2	1396	2391	-	00	22242	ProVWX	Mount Seuss	4089
desert2025__GCA_030857405.1	GCA_030857405.1	JALZOB010000036.1_5	K00108	JALZOB010000036.1	5	5481	7193	-	00	22242	BetAB	Mount Seuss	3202
desert2025__GCA_030857405.1	GCA_030857405.1	JALZOB010000036.1_6	K00130	JALZOB010000036.1	6	7201	8682	-	00	22242	BetAB	Mount Seuss	3202
desert2025__GCA_030775085.1	GCA_030775085.1	JALYJW010000003.1_61	K01546	JALYJW010000003.1	61	72821	74530	-	00	115252	KdpABC	Cambridge Bay	4330
desert2025__GCA_030775085.1	GCA_030775085.1	JALYJW010000003.1_59	K01547	JALYJW010000003.1	59	70201	72246	-	00	115252	KdpABC	Cambridge Bay	4330
desert2025__GCA_030775085.1	GCA_030775085.1	JALYJW010000003.1_60	K01548	JALYJW010000003.1	60	72243	72809	-	00	115252	KdpABC	Cambridge Bay	4330
desert2025__GCA_030775085.1	GCA_030775085.1	JALYJW010000003.1_67	K07646	JALYJW010000003.1	67	77844	79334	-	00	115252	KdpDE	Cambridge Bay	2177
desert2025__GCA_030775085.1	GCA_030775085.1	JALYJW010000003.1_66	K07667	JALYJW010000003.1	66	77158	77847	-	00	115252	KdpDE	Cambridge Bay	2177
desert2025__GCA_030856345.1	GCA_030856345.1	JALYPN010000297.1_2	K02000	JALYPN010000297.1	2	886	2178	+	00	4238	ProVWX	McMurdo Dry Valleys	3225
desert2025__GCA_030856345.1	GCA_030856345.1	JALYPN010000297.1_3	K02001	JALYPN010000297.1	3	2182	3102	+	00	4238	ProVWX	McMurdo Dry Valleys	3225
desert2025__GCA_030856345.1	GCA_030856345.1	JALYPN010000297.1_4	K02002	JALYPN010000297.1	4	3214	4110	+	00	4238	ProVWX	McMurdo Dry Valleys	3225
desert2025__GCA_030774335.1	GCA_030774335.1	JALYLI010000076.1_13	K01546	JALYLI010000076.1	13	12935	14707	-	00	20609	KdpABC	Alex Fiord-Dome	4415
desert2025__GCA_030774335.1	GCA_030774335.1	JALYLI010000076.1_12	K01547	JALYLI010000076.1	12	10879	12927	-	00	20609	KdpABC	Alex Fiord-Dome	4415
desert2025__GCA_030774335.1	GCA_030774335.1	JALYLI010000076.1_11	K01548	JALYLI010000076.1	11	10293	10871	-	00	20609	KdpABC	Alex Fiord-Dome	4415
desert2025__GCA_030774335.1	GCA_030774335.1	JALYLI010000076.1_17	K07646	JALYLI010000076.1	17	17347	18771	-	00	20609	KdpDE	Alex Fiord-Dome	2135
desert2025__GCA_030774335.1	GCA_030774335.1	JALYLI010000076.1_16	K07667	JALYLI010000076.1	16	16637	17350	-	00	20609	KdpDE	Alex Fiord-Dome	2135
desert2025__GCA_030914045.1	GCA_030914045.1	JALZHG010000033.1_2	K07646	JALZHG010000033.1	2	1159	3150	+	00	39449	KdpDE	Peary Land	3033
desert2025__GCA_030914045.1	GCA_030914045.1	JALZHG010000033.1_1	K07667	JALZHG010000033.1	1	118	837	+	00	39449	KdpDE	Peary Land	3033
desert2025__GCA_030853485.1	GCA_030853485.1	JALYVA010000088.1_24	K01546	JALYVA010000088.1	24	29781	31556	+	00	45130	KdpABC	Lagoon Island	4428
desert2025__GCA_030853485.1	GCA_030853485.1	JALYVA010000088.1_25	K01547	JALYVA010000088.1	25	31575	33614	+	00	45130	KdpABC	Lagoon Island	4428
desert2025__GCA_030853485.1	GCA_030853485.1	JALYVA010000088.1_26	K01548	JALYVA010000088.1	26	33627	34208	+	00	45130	KdpABC	Lagoon Island	4428
desert2025__GCA_030853485.1	GCA_030853485.1	JALYVA010000088.1_20	K07646	JALYVA010000088.1	20	25957	27111	+	00	45130	KdpDE	Lagoon Island	1865
desert2025__GCA_030853485.1	GCA_030853485.1	JALYVA010000088.1_21	K07667	JALYVA010000088.1	21	27108	27821	+	00	45130	KdpDE	Lagoon Island	1865
desert2025__GCA_030856795.1	GCA_030856795.1	JALYOQ010000110.1_3	K07646	JALYOQ010000110.1	3	3429	4922	+	00	7536	KdpDE	McMurdo Dry Valleys	2173
desert2025__GCA_030856795.1	GCA_030856795.1	JALYOQ010000110.1_4	K07667	JALYOQ010000110.1	4	4894	5601	+	00	7536	KdpDE	McMurdo Dry Valleys	2173
desert2025__GCA_030856795.1	GCA_030856795.1	JALYOQ010000156.1_15	K02000	JALYOQ010000156.1	15	15724	16809	-	00	52670	ProVWX	McMurdo Dry Valleys	4082
desert2025__GCA_030856795.1	GCA_030856795.1	JALYOQ010000156.1_14	K02001	JALYOQ010000156.1	14	13766	15721	-	00	52670	ProVWX	McMurdo Dry Valleys	4082
desert2025__GCA_030856795.1	GCA_030856795.1	JALYOQ010000156.1_13	K02002	JALYOQ010000156.1	13	12728	13705	-	00	52670	ProVWX	McMurdo Dry Valleys	4082
desert2025__GCA_030775485.1	GCA_030775485.1	JALYJB010000011.1_103	K01546	JALYJB010000011.1	103	118831	120585	+	00	130409	KdpABC	Hietatievat	4777
desert2025__GCA_030775485.1	GCA_030775485.1	JALYJB010000011.1_104	K01547	JALYJB010000011.1	104	120638	122755	+	00	130409	KdpABC	Hietatievat	4777
desert2025__GCA_030775485.1	GCA_030775485.1	JALYJB010000011.1_105	K01548	JALYJB010000011.1	105	122804	123607	+	00	130409	KdpABC	Hietatievat	4777
desert2025__GCA_030776545.1	GCA_030776545.1	JALYHO010000071.1_8	K01546	JALYHO010000071.1	8	10893	12701	-	00	13566	KdpABC	Hietatievat	4523
desert2025__GCA_030776545.1	GCA_030776545.1	JALYHO010000071.1_7	K01547	JALYHO010000071.1	7	8771	10858	-	00	13566	KdpABC	Hietatievat	4523
desert2025__GCA_030776545.1	GCA_030776545.1	JALYHO010000071.1_6	K01548	JALYHO010000071.1	6	8179	8751	-	00	13566	KdpABC	Hietatievat	4523
desert2025__GCA_030774035.1	GCA_030774035.1	JALYLV010000002.1_78	K07646	JALYLV010000002.1	78	84337	85740	+	00	234824	KdpDE	Alex Fiord-Dome	2099
desert2025__GCA_030774035.1	GCA_030774035.1	JALYLV010000002.1_79	K07667	JALYLV010000002.1	79	85737	86435	+	00	234824	KdpDE	Alex Fiord-Dome	2099
desert2025__GCA_030856765.1	GCA_030856765.1	JALYOR010000028.1_30	K07646	JALYOR010000028.1	30	29668	30804	+	00	34028	KdpDE	McMurdo Dry Valleys	1826
desert2025__GCA_030856765.1	GCA_030856765.1	JALYOR010000028.1_31	K07667	JALYOR010000028.1	31	30801	31493	+	00	34028	KdpDE	McMurdo Dry Valleys	1826
desert2025__GCA_030776305.1	GCA_030776305.1	JALYHX010000159.1_3	K01546	JALYHX010000159.1	3	874	2625	+	00	19821	KdpABC	Hietatievat	4584
desert2025__GCA_030776305.1	GCA_030776305.1	JALYHX010000159.1_4	K01547	JALYHX010000159.1	4	2642	4855	+	00	19821	KdpABC	Hietatievat	4584
desert2025__GCA_030776305.1	GCA_030776305.1	JALYHX010000159.1_5	K01548	JALYHX010000159.1	5	4870	5457	+	00	19821	KdpABC	Hietatievat	4584
desert2025__GCA_030776305.1	GCA_030776305.1	JALYHX010000916.1_16	K07646	JALYHX010000916.1	16	15427	16506	-	00	18938	KdpDE	Hietatievat	1778
desert2025__GCA_030776305.1	GCA_030776305.1	JALYHX010000916.1_15	K07667	JALYHX010000916.1	15	14729	15430	-	00	18938	KdpDE	Hietatievat	1778
desert2025__GCA_030857965.1	GCA_030857965.1	JALZMY010000040.1_6	K02000	JALZMY010000040.1	6	5444	6526	-	00	27256	ProVWX	Mount Seuss	4108
desert2025__GCA_030857965.1	GCA_030857965.1	JALZMY010000040.1_5	K02001	JALZMY010000040.1	5	3483	5444	-	00	27256	ProVWX	Mount Seuss	4108
desert2025__GCA_030857965.1	GCA_030857965.1	JALZMY010000040.1_4	K02002	JALZMY010000040.1	4	2419	3486	-	00	27256	ProVWX	Mount Seuss	4108
desert2025__GCA_030855295.1	GCA_030855295.1	JALYRN010000109.1_3	K06718	JALYRN010000109.1	3	2094	2624	+	00	12487	EctABC	McMurdo Dry Valleys	2299
desert2025__GCA_030855295.1	GCA_030855295.1	JALYRN010000109.1_4	K00836	JALYRN010000109.1	4	2621	3949	+	00	12487	EctABC	McMurdo Dry Valleys	2299
desert2025__GCA_030855295.1	GCA_030855295.1	JALYRN010000109.1_5	K06720	JALYRN010000109.1	5	3946	4392	+	00	12487	EctABC	McMurdo Dry Valleys	2299
desert2025__GCA_030858445.1	GCA_030858445.1	JALZLZ010000277.1_3	K02000	JALZLZ010000277.1	3	3179	4288	-	00	19048	ProVWX	Mount Seuss	4123
desert2025__GCA_030858445.1	GCA_030858445.1	JALZLZ010000277.1_2	K02001	JALZLZ010000277.1	2	1173	3182	-	00	19048	ProVWX	Mount Seuss	4123
desert2025__GCA_030858445.1	GCA_030858445.1	JALZLZ010000277.1_1	K02002	JALZLZ010000277.1	1	166	1089	-	00	19048	ProVWX	Mount Seuss	4123
desert2025__GCA_030858445.1	GCA_030858445.1	JALZLZ010000277.1_4	K00108	JALZLZ010000277.1	4	4285	5988	-	00	19048	BetAB	Mount Seuss	3232
desert2025__GCA_030858445.1	GCA_030858445.1	JALZLZ010000277.1_5	K00130	JALZLZ010000277.1	5	6047	7516	-	00	19048	BetAB	Mount Seuss	3232
desert2025__GCA_030853745.1	GCA_030853745.1	JALYUM010000045.1_8	K01546	JALYUM010000045.1	8	4702	6507	+	00	60093	KdpABC	Lagoon Island	4510
desert2025__GCA_030853745.1	GCA_030853745.1	JALYUM010000045.1_9	K01547	JALYUM010000045.1	9	6518	8617	+	00	60093	KdpABC	Lagoon Island	4510
desert2025__GCA_030853745.1	GCA_030853745.1	JALYUM010000045.1_10	K01548	JALYUM010000045.1	10	8627	9211	+	00	60093	KdpABC	Lagoon Island	4510
desert2025__GCA_030853745.1	GCA_030853745.1	JALYUM010000045.1_11	K07646	JALYUM010000045.1	11	9212	11923	+	00	60093	KdpDE	Lagoon Island	3403
desert2025__GCA_030853745.1	GCA_030853745.1	JALYUM010000045.1_12	K07667	JALYUM010000045.1	12	11916	12614	+	00	60093	KdpDE	Lagoon Island	3403
desert2025__GCA_030853445.1	GCA_030853445.1	JALYVC010000441.1_7	K01546	JALYVC010000441.1	7	7414	9060	-	00	12931	KdpABC	Lagoon Island	4328
desert2025__GCA_030853445.1	GCA_030853445.1	JALYVC010000441.1_6	K01547	JALYVC010000441.1	6	5321	7417	-	00	12931	KdpABC	Lagoon Island	4328
desert2025__GCA_030853445.1	GCA_030853445.1	JALYVC010000441.1_5	K01548	JALYVC010000441.1	5	4733	5314	-	00	12931	KdpABC	Lagoon Island	4328
desert2025__GCA_030853445.1	GCA_030853445.1	JALYVC010000441.1_4	K07646	JALYVC010000441.1	4	2143	4707	-	00	12931	KdpDE	Lagoon Island	3242
desert2025__GCA_030853445.1	GCA_030853445.1	JALYVC010000441.1_3	K07667	JALYVC010000441.1	3	1466	2146	-	00	12931	KdpDE	Lagoon Island	3242
desert2025__GCA_030947025.1	GCA_030947025.1	JALYXV010000058.1_9	K01546	JALYXV010000058.1	9	8889	10607	-	00	11666	KdpABC	Kap Hoegh	4531
desert2025__GCA_030947025.1	GCA_030947025.1	JALYXV010000058.1_8	K01547	JALYXV010000058.1	8	6783	8879	-	00	11666	KdpABC	Kap Hoegh	4531
desert2025__GCA_030947025.1	GCA_030947025.1	JALYXV010000058.1_7	K01548	JALYXV010000058.1	7	6077	6781	-	00	11666	KdpABC	Kap Hoegh	4531
desert2025__GCA_030947025.1	GCA_030947025.1	JALYXV010000088.1_3	K07646	JALYXV010000088.1	3	1506	4238	-	00	22518	KdpDE	Kap Hoegh	3452
desert2025__GCA_030947025.1	GCA_030947025.1	JALYXV010000088.1_2	K07667	JALYXV010000088.1	2	787	1509	-	00	22518	KdpDE	Kap Hoegh	3452
desert2025__GCA_030853405.1	GCA_030853405.1	JALYVD010000225.1_7	K01546	JALYVD010000225.1	7	12360	14168	+	00	18711	KdpABC	Lagoon Island	4533
desert2025__GCA_030853405.1	GCA_030853405.1	JALYVD010000225.1_8	K01547	JALYVD010000225.1	8	14172	16292	+	00	18711	KdpABC	Lagoon Island	4533
desert2025__GCA_030853405.1	GCA_030853405.1	JALYVD010000225.1_9	K01548	JALYVD010000225.1	9	16311	16892	+	00	18711	KdpABC	Lagoon Island	4533
desert2025__GCA_030853405.1	GCA_030853405.1	JALYVD010000225.1_11	K07646	JALYVD010000225.1	11	17654	18709	-	01	18711	KdpDE	Lagoon Island	1778
desert2025__GCA_030853405.1	GCA_030853405.1	JALYVD010000225.1_10	K07667	JALYVD010000225.1	10	16932	17657	-	00	18711	KdpDE	Lagoon Island	1778
desert2025__GCA_030774475.1	GCA_030774475.1	JALYLB010000051.1_5	K01546	JALYLB010000051.1	5	2424	4133	+	00	11922	KdpABC	Alex Fiord-Dome	4474
desert2025__GCA_030774475.1	GCA_030774475.1	JALYLB010000051.1_6	K01547	JALYLB010000051.1	6	4138	5229	+	00	11922	KdpABC	Alex Fiord-Dome	4474
desert2025__GCA_030774475.1	GCA_030774475.1	JALYLB010000051.1_8	K01548	JALYLB010000051.1	8	6316	6897	+	00	11922	KdpABC	Alex Fiord-Dome	4474
desert2025__GCA_030858585.1	GCA_030858585.1	JALZLS010000420.1_5	K02000	JALZLS010000420.1	5	6246	7337	-	00	10443	ProVWX	Mount Seuss	4176
desert2025__GCA_030858585.1	GCA_030858585.1	JALZLS010000420.1_4	K02001	JALZLS010000420.1	4	4142	6145	-	00	10443	ProVWX	Mount Seuss	4176
desert2025__GCA_030858585.1	GCA_030858585.1	JALZLS010000420.1_3	K02002	JALZLS010000420.1	3	3162	4127	-	00	10443	ProVWX	Mount Seuss	4176
desert2025__GCA_030857225.1	GCA_030857225.1	JALZOK010000046.1_10	K02000	JALZOK010000046.1	10	12225	13271	-	00	24194	ProVWX	Mount Seuss	4035
desert2025__GCA_030857225.1	GCA_030857225.1	JALZOK010000046.1_9	K02001	JALZOK010000046.1	9	10241	12223	-	00	24194	ProVWX	Mount Seuss	4035
desert2025__GCA_030857225.1	GCA_030857225.1	JALZOK010000046.1_8	K02002	JALZOK010000046.1	8	9237	10205	-	00	24194	ProVWX	Mount Seuss	4035
desert2025__GCA_030775625.1	GCA_030775625.1	JALYIW010000027.1_6	K01546	JALYIW010000027.1	6	6720	8534	-	00	15244	KdpABC	Hietatievat	4479
desert2025__GCA_030775625.1	GCA_030775625.1	JALYIW010000027.1_5	K01547	JALYIW010000027.1	5	4642	6711	-	00	15244	KdpABC	Hietatievat	4479
desert2025__GCA_030775625.1	GCA_030775625.1	JALYIW010000027.1_4	K01548	JALYIW010000027.1	4	4056	4631	-	00	15244	KdpABC	Hietatievat	4479
desert2025__GCA_030775625.1	GCA_030775625.1	JALYIW010000027.1_3	K07646	JALYIW010000027.1	3	1366	4056	-	00	15244	KdpDE	Hietatievat	3380
desert2025__GCA_030775625.1	GCA_030775625.1	JALYIW010000027.1_2	K07667	JALYIW010000027.1	2	677	1357	-	00	15244	KdpDE	Hietatievat	3380
desert2025__GCA_030775645.1	GCA_030775645.1	JALYIT010000012.1_62	K01546	JALYIT010000012.1	62	60215	62029	+	00	128375	KdpABC	Hietatievat	4479
desert2025__GCA_030775645.1	GCA_030775645.1	JALYIT010000012.1_63	K01547	JALYIT010000012.1	63	62037	64106	+	00	128375	KdpABC	Hietatievat	4479
desert2025__GCA_030775645.1	GCA_030775645.1	JALYIT010000012.1_64	K01548	JALYIT010000012.1	64	64118	64693	+	00	128375	KdpABC	Hietatievat	4479
desert2025__GCA_030775645.1	GCA_030775645.1	JALYIT010000012.1_65	K07646	JALYIT010000012.1	65	64693	67383	+	00	128375	KdpDE	Hietatievat	3398
desert2025__GCA_030775645.1	GCA_030775645.1	JALYIT010000012.1_66	K07667	JALYIT010000012.1	66	67380	68090	+	00	128375	KdpDE	Hietatievat	3398
desert2025__GCA_030775645.1	GCA_030775645.1	JALYIT010000118.1_11	K00108	JALYIT010000118.1	11	14248	15912	-	00	34011	BetAB	Hietatievat	3707
desert2025__GCA_030775645.1	GCA_030775645.1	JALYIT010000118.1_12	K00130	JALYIT010000118.1	12	15912	17954	-	00	34011	BetAB	Hietatievat	3707
desert2025__GCA_030853385.1	GCA_030853385.1	JALYVF010000273.1_6	K07646	JALYVF010000273.1	6	9413	12079	+	00	17743	KdpDE	Lagoon Island	3344
desert2025__GCA_030853385.1	GCA_030853385.1	JALYVF010000273.1_7	K07667	JALYVF010000273.1	7	12076	12756	+	00	17743	KdpDE	Lagoon Island	3344
desert2025__GCA_030862115.1	GCA_030862115.1	JALZEI010000042.1_4	K07646	JALZEI010000042.1	4	4022	5425	+	00	6649	KdpDE	Negev Desert	2113
desert2025__GCA_030862115.1	GCA_030862115.1	JALZEI010000042.1_5	K07667	JALZEI010000042.1	5	5400	6134	+	00	6649	KdpDE	Negev Desert	2113
desert2025__GCA_030854615.1	GCA_030854615.1	JALYSW010000115.1_12	K01546	JALYSW010000115.1	12	13623	15338	-	00	22272	KdpABC	Livingston Island	4413
desert2025__GCA_030854615.1	GCA_030854615.1	JALYSW010000115.1_11	K01547	JALYSW010000115.1	11	11540	13621	-	00	22272	KdpABC	Livingston Island	4413
desert2025__GCA_030854615.1	GCA_030854615.1	JALYSW010000115.1_10	K01548	JALYSW010000115.1	10	10926	11543	-	00	22272	KdpABC	Livingston Island	4413
desert2025__GCA_030854615.1	GCA_030854615.1	JALYSW010000426.1_7	K07646	JALYSW010000426.1	7	4811	6283	+	00	6608	KdpDE	Livingston Island	2172
desert2025__GCA_030854615.1	GCA_030854615.1	JALYSW010000426.1_6	K07667	JALYSW010000426.1	6	4112	4807	+	00	6608	KdpDE	Livingston Island	2172
desert2025__GCA_030776205.1	GCA_030776205.1	JALYHV010000082.1_2	K07646	JALYHV010000082.1	2	288	1418	+	00	8758	KdpDE	Hietatievat	1826
desert2025__GCA_030776205.1	GCA_030776205.1	JALYHV010000082.1_3	K07667	JALYHV010000082.1	3	1415	2113	+	00	8758	KdpDE	Hietatievat	1826
desert2025__GCA_030775685.1	GCA_030775685.1	JALYIP010000003.1_4	K01546	JALYIP010000003.1	4	3184	4902	+	00	30814	KdpABC	Hietatievat	4417
desert2025__GCA_030775685.1	GCA_030775685.1	JALYIP010000003.1_5	K01547	JALYIP010000003.1	5	4918	6945	+	00	30814	KdpABC	Hietatievat	4417
desert2025__GCA_030775685.1	GCA_030775685.1	JALYIP010000003.1_6	K01548	JALYIP010000003.1	6	7037	7600	+	00	30814	KdpABC	Hietatievat	4417
desert2025__GCA_030773375.1	GCA_030773375.1	JALYNE010000340.1_2	K07646	JALYNE010000340.1	2	658	2121	-	00	3919	KdpDE	Atacama Desert	2120
desert2025__GCA_030773375.1	GCA_030773375.1	JALYNE010000340.1_1	K07667	JALYNE010000340.1	1	2	661	-	10	3919	KdpDE	Atacama Desert	2120
desert2025__GCA_030948775.1	GCA_030948775.1	JALYZR010000115.1_40	K01546	JALYZR010000115.1	40	45740	47467	-	00	58995	KdpABC	Kap Hoegh	4423
desert2025__GCA_030948775.1	GCA_030948775.1	JALYZR010000115.1_39	K01547	JALYZR010000115.1	39	43671	45731	-	00	58995	KdpABC	Kap Hoegh	4423
desert2025__GCA_030948775.1	GCA_030948775.1	JALYZR010000115.1_38	K01548	JALYZR010000115.1	38	43045	43659	-	00	58995	KdpABC	Kap Hoegh	4423
desert2025__GCA_030948775.1	GCA_030948775.1	JALYZR010000001.1_8	K07646	JALYZR010000001.1	8	5408	6892	-	00	28644	KdpDE	Kap Hoegh	2162
desert2025__GCA_030948775.1	GCA_030948775.1	JALYZR010000001.1_7	K07667	JALYZR010000001.1	7	4731	5411	-	00	28644	KdpDE	Kap Hoegh	2162
desert2025__GCA_030948965.1	GCA_030948965.1	JALYZG010000305.1_3	K07646	JALYZG010000305.1	3	934	2424	-	00	8426	KdpDE	Kap Hoegh	2177
desert2025__GCA_030948965.1	GCA_030948965.1	JALYZG010000305.1_2	K07667	JALYZG010000305.1	2	248	931	-	00	8426	KdpDE	Kap Hoegh	2177
desert2025__GCA_030948665.1	GCA_030948665.1	JALYZY010000002.1_15	K01546	JALYZY010000002.1	15	17329	19098	-	00	27387	KdpABC	Kap Hoegh	4515
desert2025__GCA_030948665.1	GCA_030948665.1	JALYZY010000002.1_13	K01547	JALYZY010000002.1	13	14584	16671	-	00	27387	KdpABC	Kap Hoegh	4515
desert2025__GCA_030948665.1	GCA_030948665.1	JALYZY010000002.1_14	K01548	JALYZY010000002.1	14	16671	17288	-	00	27387	KdpABC	Kap Hoegh	4515
desert2025__GCA_030948665.1	GCA_030948665.1	JALYZY010000002.1_20	K07646	JALYZY010000002.1	20	23151	24566	-	00	27387	KdpDE	Kap Hoegh	2114
desert2025__GCA_030948665.1	GCA_030948665.1	JALYZY010000002.1_19	K07667	JALYZY010000002.1	19	22453	23154	-	00	27387	KdpDE	Kap Hoegh	2114
