genome_id	KdpABC	KdpDE	ProVWX	EctABC	EctD	BetAB	dataset_id	checkm2_completeness	checkm2_contamination	contig_n50	total_contigs	passes_primary_50_10	passes_strict_90_5	accession	domain	phylum	class	order	family	genus	species	taxonomy_source	warnings	site_labels	n_parent_samples	background_flagged	ani_cluster_95	assembly	parent_sample_ids	biosample	shares_ANI95_with_original3904	shares_ANI95_with_any_existing	ANI_site_union	ANI_n_sites	selection_score	id_sort
desert2025__GCA_030948185.1	not_detected	partial	not_detected	not_detected	not_detected	partial	global_desert_PRJNA832417	100.0	0.0	62662	135	True	True	GCA_030948185.1	Bacteria	Acidobacteriota	Thermoanaerobaculia	UBA5066	Gp7-AA6	JALYUA01	JALYUA01 sp030948185	desert_prefixed_r226		Kap Hoegh	1.0	False	ANI95_02237	GCA_030948185.1	SAMN27861916	SAMN28015695	False	False	Kap Hoegh	1	100.0	desert2025__GCA_030948185.1
desert2025__GCA_030861725.1	not_detected	partial	not_detected	not_detected	not_detected	not_detected	global_desert_PRJNA832417	100.0	0.0	61913	76	True	True	GCA_030861725.1	Bacteria	Actinomycetota	CADDZG01	CADDZG01	WHSQ01	JALZEG01	JALZEG01 sp030861725	desert_prefixed_r226		Negev Desert	1.0	False	ANI95_02069	GCA_030861725.1	SAMN27861867	SAMN28015817	False	False	Negev Desert	1	100.0	desert2025__GCA_030861725.1
desert2025__GCA_030855235.1	not_detected	not_detected	not_detected	not_detected	not_detected	not_detected	global_desert_PRJNA832417	99.95	0.02	193401	44	True	True	GCA_030855235.1	Bacteria	Pseudomonadota	Gammaproteobacteria	Burkholderiales	Burkholderiaceae	Polaromonas	Polaromonas sp030855235	desert_prefixed_r226		McMurdo Dry Valleys	1.0	False	ANI95_01790	GCA_030855235.1	SAMN27861884	SAMN28015462	False	False	McMurdo Dry Valleys	1	99.85000000000001	desert2025__GCA_030855235.1
desert2025__GCA_030855635.1	not_detected	not_detected	not_detected	not_detected	not_detected	not_detected	global_desert_PRJNA832417	100.0	0.09	48483	148	True	True	GCA_030855635.1	Bacteria	Bacteroidota	Bacteroidia	AKYH767-A	OLB10	JADKJB01	JADKJB01 sp030855635	desert_prefixed_r226		McMurdo Dry Valleys	3.0	False	ANI95_01807	GCA_030855635.1	SAMN27861883;SAMN27861884;SAMN27861885	SAMN28015438	False	False	McMurdo Dry Valleys	1	99.55	desert2025__GCA_030855635.1
desert2025__GCA_030776625.1	not_detected	partial	not_detected	not_detected	not_detected	not_detected	global_desert_PRJNA832417	100.0	0.26	314447	14	True	True	GCA_030776625.1	Bacteria	Actinomycetota	CADDZG01	CADDZG01	WHSQ01	MB1-2	MB1-2 sp030776625	desert_prefixed_r226		Gobi Desert - China	1.0	False	ANI95_01629	GCA_030776625.1	SAMN27861900	SAMN28004850	False	False	Gobi Desert - China	1	98.7	desert2025__GCA_030776625.1
desert2025__GCA_030853195.1	panel_complete	partial	not_detected	not_detected	not_detected	not_detected	global_desert_PRJNA832417	99.71	0.23	92125	87	True	True	GCA_030853195.1	Bacteria	Bacteroidota	Bacteroidia	Chitinophagales	Chitinophagaceae	Ginsengibacter	Ginsengibacter sp030853195	desert_prefixed_r226		Lagoon Island	1.0	False	ANI95_01697	GCA_030853195.1	SAMN27861892	SAMN28015560	False	False	Lagoon Island	1	98.55999999999999	desert2025__GCA_030853195.1
desert2025__GCA_030855525.1	not_detected	not_detected	not_detected	not_detected	not_detected	not_detected	global_desert_PRJNA832417	98.06	0.17	25028	40	True	True	GCA_030855525.1	Bacteria	Patescibacteriota	Minisyncoccia	UBA9973	JAKAEA01	JALYQZ01	JALYQZ01 sp030855525	desert_prefixed_r226		McMurdo Dry Valleys	3.0	False	ANI95_01802	GCA_030855525.1	SAMN27861883;SAMN27861884;SAMN27861885	SAMN28015441	False	False	McMurdo Dry Valleys	1	97.21000000000001	desert2025__GCA_030855525.1
desert2025__GCA_030774055.1	panel_complete	panel_complete	not_detected	not_detected	not_detected	partial	global_desert_PRJNA832417	96.96	0.01	24934	165	True	True	GCA_030774055.1	Bacteria	Acidobacteriota	Terriglobia	Terriglobales	JACPNR01	JACPNR01	JACPNR01 sp030774055	desert_prefixed_r226		Alex Fiord-Dome	1.0	False	ANI95_01533	GCA_030774055.1	SAMN27861914	SAMN28004965	False	False	Alex Fiord-Dome	1	96.91	desert2025__GCA_030774055.1
desert2025__GCA_030773415.1	not_detected	not_detected	not_detected	not_detected	not_detected	not_detected	global_desert_PRJNA832417	100.0	0.62	20756	192	True	True	GCA_030773415.1	Bacteria	Actinomycetota	Actinomycetes	Mycobacteriales	JALYNC01	JALYNC01	JALYNC01 sp030773415	desert_prefixed_r226		Atacama Desert	3.0	False	ANI95_01509	GCA_030773415.1	SAMN27861919;SAMN27861920;SAMN27861921	SAMN28004997	False	False	Atacama Desert	1	96.9	desert2025__GCA_030773415.1
desert2025__GCA_030855725.1	not_detected	not_detected	not_detected	not_detected	not_detected	not_detected	global_desert_PRJNA832417	97.97	0.26	55566	25	True	True	GCA_030855725.1	Bacteria	Patescibacteriota	Minisyncoccia	UBA9973	UBA9973	UBA9973	UBA9973 sp030855725	desert_prefixed_r226		McMurdo Dry Valleys	3.0	False	ANI95_01811	GCA_030855725.1	SAMN27861883;SAMN27861884;SAMN27861885	SAMN28015434	False	False	McMurdo Dry Valleys	1	96.67	desert2025__GCA_030855725.1
desert2025__GCA_030860485.1	panel_complete	panel_complete	not_detected	not_detected	not_detected	not_detected	global_desert_PRJNA832417	97.92	0.25	18347	395	True	True	GCA_030860485.1	Bacteria	Pseudomonadota	Gammaproteobacteria	JACCXJ01	JACCXJ01	JACCXJ01	JACCXJ01 sp030860485	desert_prefixed_r226		Mojave Desert	3.0	False	ANI95_02015	GCA_030860485.1	SAMN27861880;SAMN27861881;SAMN27861882	SAMN28015896	False	False	Mojave Desert	1	96.67	desert2025__GCA_030860485.1
desert2025__GCA_030858965.1	not_detected	not_detected	not_detected	not_detected	not_detected	partial	global_desert_PRJNA832417	96.62	0.0	27704	197	True	True	GCA_030858965.1	Bacteria	Actinomycetota	CADDZG01	CADDZG01	WHSQ01	JACDDL01	JACDDL01 sp013817045	desert_prefixed_r226		Mount Seuss	3.0	False	ANI95_01948	GCA_030858965.1	SAMN27861886;SAMN27861887;SAMN27861888	SAMN28015975	False	False	Mount Seuss	1	96.62	desert2025__GCA_030858965.1
desert2025__GCA_030948385.1	not_detected	not_detected	not_detected	not_detected	not_detected	not_detected	global_desert_PRJNA832417	98.74	0.54	20345	188	True	True	GCA_030948385.1	Bacteria	Actinomycetota	Actinomycetes	Mycobacteriales	QHCA01	QHCA01	QHCA01 sp030948385	desert_prefixed_r226		Kap Hoegh	3.0	False	ANI95_02246	GCA_030948385.1	SAMN27861916;SAMN27861917;SAMN27861918	SAMN28015686	False	False	Kap Hoegh	1	96.03999999999999	desert2025__GCA_030948385.1
desert2025__GCA_030859905.1	not_detected	panel_complete	not_detected	not_detected	not_detected	not_detected	global_desert_PRJNA832417	96.91	0.19	25818	257	True	True	GCA_030859905.1	Bacteria	Acidobacteriota	Blastocatellia	Pyrinomonadales	Pyrinomonadaceae	PSRF01	PSRF01 sp030859905	desert_prefixed_r226		Mojave Desert	3.0	False	ANI95_01987	GCA_030859905.1	SAMN27861880;SAMN27861881;SAMN27861882	SAMN28015924	False	False	Mojave Desert	1	95.96	desert2025__GCA_030859905.1
desert2025__GCA_030775825.1	panel_complete	panel_complete	not_detected	not_detected	not_detected	not_detected	global_desert_PRJNA832417	98.63	0.57	26546	205	True	True	GCA_030775825.1	Bacteria	Actinomycetota	Actinomycetes	Mycobacteriales	Jatrophihabitantaceae	JALYIS01	JALYIS01 sp030775825	desert_prefixed_r226		Hietatievat	3.0	False	ANI95_01607	GCA_030775825.1	SAMN27861904;SAMN27861905;SAMN27861906	SAMN28004876	False	False	Hietatievat	1	95.78	desert2025__GCA_030775825.1
desert2025__GCA_030776465.1	panel_complete	panel_complete	not_detected	not_detected	not_detected	not_detected	global_desert_PRJNA832417	98.47	0.57	20605	153	True	True	GCA_030776465.1	Bacteria	Pseudomonadota	Alphaproteobacteria	Sphingomonadales	Sphingomonadaceae	Novosphingobium	Novosphingobium sp030776465	desert_prefixed_r226		Hietatievat	3.0	False	ANI95_01625	GCA_030776465.1	SAMN27861904;SAMN27861905;SAMN27861906	SAMN28004856	False	False	Hietatievat	1	95.62	desert2025__GCA_030776465.1
desert2025__GCA_030856205.1	not_detected	not_detected	not_detected	not_detected	not_detected	not_detected	global_desert_PRJNA832417	95.33	0.0	37576	42	True	True	GCA_030856205.1	Bacteria	Patescibacteriota	Saccharimonadia	Saccharimonadales	JAGQNJ01	JALYPT01	JALYPT01 sp030856205	desert_prefixed_r226		McMurdo Dry Valleys	3.0	False	ANI95_01835	GCA_030856205.1	SAMN27861883;SAMN27861884;SAMN27861885	SAMN28015409	False	False	McMurdo Dry Valleys	1	95.33	desert2025__GCA_030856205.1
desert2025__GCA_030856365.1	not_detected	panel_complete	not_detected	not_detected	not_detected	not_detected	global_desert_PRJNA832417	96.45	0.24	18574	217	True	True	GCA_030856365.1	Bacteria	Pseudomonadota	Alphaproteobacteria	Sphingomonadales	Sphingomonadaceae	Sphingomicrobium	Sphingomicrobium sp030856365	desert_prefixed_r226		McMurdo Dry Valleys	3.0	False	ANI95_01841	GCA_030856365.1	SAMN27861883;SAMN27861884;SAMN27861885	SAMN28015402	False	False	McMurdo Dry Valleys	1	95.25	desert2025__GCA_030856365.1
desert2025__GCA_030946875.1	not_detected	not_detected	not_detected	not_detected	not_detected	partial	global_desert_PRJNA832417	96.3	0.32	21841	278	True	True	GCA_030946875.1	Bacteria	Pseudomonadota	Gammaproteobacteria	Burkholderiales	Casimicrobiaceae	CAIWHR01	CAIWHR01 sp030946875	desert_prefixed_r226		Kap Hoegh	3.0	False	ANI95_02199	GCA_030946875.1	SAMN27861916;SAMN27861917;SAMN27861918	SAMN28015622	False	False	Kap Hoegh	1	94.7	desert2025__GCA_030946875.1
desert2025__GCA_030857065.1	not_detected	not_detected	not_detected	not_detected	not_detected	not_detected	global_desert_PRJNA832417	94.8	0.02	9529	63	True	True	GCA_030857065.1	Bacteria	Patescibacteriota	Minisyncoccia	UBA9973	UBA9973	UBA9973	UBA9973 sp030857065	desert_prefixed_r226		McMurdo Dry Valleys	3.0	False	ANI95_01873	GCA_030857065.1	SAMN27861883;SAMN27861884;SAMN27861885	SAMN28015367	False	False	McMurdo Dry Valleys	1	94.7	desert2025__GCA_030857065.1
desert2025__GCA_030853635.1	panel_complete	partial	not_detected	not_detected	not_detected	partial	global_desert_PRJNA832417	96.34	0.33	33736	142	True	True	GCA_030853635.1	Bacteria	Vulcanimicrobiota	Vulcanimicrobiia	Eremiobacterales	Eremiobacteraceae	Mawsoniella	Mawsoniella sp030853635	desert_prefixed_r226		Lagoon Island	3.0	False	ANI95_01716	GCA_030853635.1	SAMN27861892;SAMN27861893;SAMN27861894	SAMN28015537	False	False	Lagoon Island	1	94.69	desert2025__GCA_030853635.1
desert2025__GCA_030860695.1	not_detected	partial	not_detected	not_detected	not_detected	not_detected	global_desert_PRJNA832417	100.0	1.08	17804	513	True	True	GCA_030860695.1	Bacteria	Actinomycetota	Actinomycetes	Mycobacteriales	Pseudonocardiaceae	GCA-003244245	GCA-003244245 sp030860695	desert_prefixed_r226		Sonoran Desert	1.0	False	ANI95_02025	GCA_030860695.1	SAMN27861877	SAMN28015887	False	False	Sonoran Desert	1	94.6	desert2025__GCA_030860695.1
desert2025__GCA_030774015.1	not_detected	panel_complete	not_detected	not_detected	not_detected	not_detected	global_desert_PRJNA832417	97.18	0.54	31557	202	True	True	GCA_030774015.1	Bacteria	Actinomycetota	UBA4738	UBA4738	JACQTL01	JALYLZ01	JALYLZ01 sp030774015	desert_prefixed_r226		Alex Fiord-Dome	1.0	False	ANI95_01531	GCA_030774015.1	SAMN27861915	SAMN28004968	False	False	Alex Fiord-Dome	1	94.48	desert2025__GCA_030774015.1
desert2025__GCA_030913905.1	not_detected	panel_complete	not_detected	not_detected	not_detected	not_detected	global_desert_PRJNA832417	97.75	0.66	7935	659	True	True	GCA_030913905.1	Bacteria	Acidobacteriota	Blastocatellia	Pyrinomonadales	Pyrinomonadaceae	PSRF01	PSRF01 sp030913905	desert_prefixed_r226		Svalbard	3.0	False	ANI95_02157	GCA_030913905.1	SAMN27861907;SAMN27861908;SAMN27861909	SAMN28016063	False	False	Svalbard	1	94.45	desert2025__GCA_030913905.1
desert2025__GCA_030858785.1	not_detected	not_detected	panel_complete	not_detected	not_detected	not_detected	global_desert_PRJNA832417	97.21	0.59	27331	196	True	True	GCA_030858785.1	Bacteria	Actinomycetota	Rubrobacteria	Rubrobacterales	Rubrobacteraceae	JACCWD01	JACCWD01 sp013695475	desert_prefixed_r226		Mount Seuss	3.0	False	ANI95_01940	GCA_030858785.1	SAMN27861886;SAMN27861887;SAMN27861888	SAMN28015980	False	False	Mount Seuss	1	94.25999999999999	desert2025__GCA_030858785.1
desert2025__GCA_030948475.1	not_detected	partial	not_detected	not_detected	not_detected	partial	global_desert_PRJNA832417	94.27	0.06	11931	448	True	True	GCA_030948475.1	Bacteria	Actinomycetota	Actinomycetes	Mycobacteriales	Jatrophihabitantaceae	JALZAI01	JALZAI01 sp030948475	desert_prefixed_r226		Kap Hoegh	3.0	False	ANI95_02250	GCA_030948475.1	SAMN27861916;SAMN27861917;SAMN27861918	SAMN28015684	False	False	Kap Hoegh	1	93.97	desert2025__GCA_030948475.1
desert2025__GCA_030948255.1	not_detected	not_detected	not_detected	not_detected	not_detected	not_detected	global_desert_PRJNA832417	95.76	0.38	48411	89	True	True	GCA_030948255.1	Bacteria	Gemmatimonadota	Gemmatimonadetes	Gemmatimonadales	Gemmatimonadaceae	JALZAQ01	JALZAQ01 sp030948255	desert_prefixed_r226		Kap Hoegh	1.0	False	ANI95_02241	GCA_030948255.1	SAMN27861916	SAMN28015692	False	False	Kap Hoegh	1	93.86	desert2025__GCA_030948255.1
desert2025__GCA_030775045.1	not_detected	not_detected	not_detected	not_detected	not_detected	not_detected	global_desert_PRJNA832417	95.86	0.4	16168	149	True	True	GCA_030775045.1	Bacteria	Pseudomonadota	Alphaproteobacteria	JALYJY01	JALYJY01	JALYJY01	JALYJY01 sp030775045	desert_prefixed_r226		Cambridge Bay	1.0	False	ANI95_01575	GCA_030775045.1	SAMN27861910	SAMN28004915	False	False	Cambridge Bay	1	93.86	desert2025__GCA_030775045.1
desert2025__GCA_030856625.1	not_detected	not_detected	not_detected	not_detected	not_detected	not_detected	global_desert_PRJNA832417	97.85	0.84	12865	282	True	True	GCA_030856625.1	Bacteria	Pseudomonadota	Gammaproteobacteria	Burkholderiales	Burkholderiaceae	JACCZX01	JACCZX01 sp013695705	desert_prefixed_r226		McMurdo Dry Valleys	3.0	False	ANI95_01854	GCA_030856625.1	SAMN27861883;SAMN27861884;SAMN27861885	SAMN28015389	False	False	McMurdo Dry Valleys	1	93.64999999999999	desert2025__GCA_030856625.1
desert2025__GCA_030857095.1	not_detected	not_detected	not_detected	partial	not_detected	not_detected	global_desert_PRJNA832417	96.79	0.63	48972	192	True	True	GCA_030857095.1	Bacteria	Myxococcota	Myxococcia	Myxococcales	Myxococcaceae	JALYOC01	JALYOC01 sp030857095	desert_prefixed_r226		McMurdo Dry Valleys	3.0	False	ANI95_01875	GCA_030857095.1	SAMN27861883;SAMN27861884;SAMN27861885	SAMN28015366	False	False	McMurdo Dry Valleys	1	93.64	desert2025__GCA_030857095.1
desert2025__GCA_030775405.1	panel_complete	panel_complete	panel_complete	not_detected	not_detected	panel_complete	global_desert_PRJNA832417	100.0	1.28	162508	70	True	True	GCA_030775405.1	Bacteria	Pseudomonadota	Gammaproteobacteria	Burkholderiales	Burkholderiaceae	Caballeronia	Caballeronia sp001557535	desert_prefixed_r226		Hietatievat	1.0	False	ANI95_01589	GCA_030775405.1	SAMN27861904	SAMN28004896	False	False	Hietatievat	1	93.6	desert2025__GCA_030775405.1
desert2025__GCA_030853345.1	panel_complete	panel_complete	not_detected	not_detected	not_detected	not_detected	global_desert_PRJNA832417	96.16	0.54	26509	230	True	True	GCA_030853345.1	Bacteria	Actinomycetota	Actinomycetes	Mycobacteriales	Jatrophihabitantaceae	QHCC01	QHCC01 sp030853345	desert_prefixed_r226		Lagoon Island	3.0	False	ANI95_01703	GCA_030853345.1	SAMN27861892;SAMN27861893;SAMN27861894	SAMN28015552	False	False	Lagoon Island	1	93.46	desert2025__GCA_030853345.1
desert2025__GCA_030856445.1	not_detected	not_detected	not_detected	not_detected	not_detected	not_detected	global_desert_PRJNA832417	100.0	1.33	20475	303	True	True	GCA_030856445.1	Bacteria	Bacteroidota	Bacteroidia	JACCXN01	JACCXN01	JACCXN01	JACCXN01 sp030856445	desert_prefixed_r226		McMurdo Dry Valleys	3.0	False	ANI95_01845	GCA_030856445.1	SAMN27861883;SAMN27861884;SAMN27861885	SAMN28015398	False	False	McMurdo Dry Valleys	1	93.35	desert2025__GCA_030856445.1
desert2025__GCA_030856645.1	partial	not_detected	not_detected	not_detected	not_detected	not_detected	global_desert_PRJNA832417	97.65	0.87	8821	404	True	True	GCA_030856645.1	Bacteria	Pseudomonadota	Gammaproteobacteria	Burkholderiales	JACMKV01	JACMKV01	JACMKV01 sp013695435	desert_prefixed_r226		McMurdo Dry Valleys	3.0	False	ANI95_01855	GCA_030856645.1	SAMN27861883;SAMN27861884;SAMN27861885	SAMN28015387	False	False	McMurdo Dry Valleys	1	93.30000000000001	desert2025__GCA_030856645.1
desert2025__GCA_030856025.1	not_detected	partial	panel_complete	not_detected	not_detected	panel_complete	global_desert_PRJNA832417	98.85	1.14	28023	189	True	True	GCA_030856025.1	Bacteria	Actinomycetota	Actinomycetes	Propionibacteriales	Nocardioidaceae	Aeromicrobium	Aeromicrobium sp030856025	desert_prefixed_r226		McMurdo Dry Valleys	3.0	False	ANI95_01826	GCA_030856025.1	SAMN27861883;SAMN27861884;SAMN27861885	SAMN28015419	False	False	McMurdo Dry Valleys	1	93.14999999999999	desert2025__GCA_030856025.1
desert2025__GCA_030799355.1	panel_complete	panel_complete	panel_complete	not_detected	not_detected	panel_complete	global_desert_PRJNA832417	97.8	0.98	61813	132	True	True	GCA_030799355.1	Bacteria	Pseudomonadota	Gammaproteobacteria	Steroidobacterales	Steroidobacteraceae	Bog-1198	Bog-1198 sp030799355	desert_prefixed_r226		Hietatievat	3.0	False	ANI95_01664	GCA_030799355.1	SAMN27861904;SAMN27861905;SAMN27861906	SAMN28004854	False	False	Hietatievat	1	92.89999999999999	desert2025__GCA_030799355.1
desert2025__GCA_030947305.1	partial	not_detected	not_detected	not_detected	not_detected	not_detected	global_desert_PRJNA832417	93.25	0.15	12579	271	True	True	GCA_030947305.1	Bacteria	Actinomycetota	Actinomycetes	Mycobacteriales	Nakamurellaceae	Nakamurella	Nakamurella sp030947305	desert_prefixed_r226		Kap Hoegh	3.0	False	ANI95_02219	GCA_030947305.1	SAMN27861916;SAMN27861917;SAMN27861918	SAMN28015599	False	False	Kap Hoegh	1	92.5	desert2025__GCA_030947305.1
desert2025__GCA_030775785.1	panel_complete	panel_complete	not_detected	not_detected	not_detected	partial	global_desert_PRJNA832417	94.28	0.38	28057	303	True	True	GCA_030775785.1	Bacteria	Acidobacteriota	Terriglobia	Terriglobales	SbA1	JALYIM01	JALYIM01 sp030775785	desert_prefixed_r226		Hietatievat	3.0	False	ANI95_01606	GCA_030775785.1	SAMN27861904;SAMN27861905;SAMN27861906	SAMN28004877	False	False	Hietatievat	1	92.38	desert2025__GCA_030775785.1
desert2025__GCA_030855265.1	not_detected	not_detected	not_detected	not_detected	not_detected	not_detected	global_desert_PRJNA832417	99.17	1.4	14893	342	True	True	GCA_030855265.1	Bacteria	Bacteroidota	Bacteroidia	2-12-FULL-35-15	2-12-FULL-35-15	2-12-FULL-35-15	2-12-FULL-35-15 sp030855265	desert_prefixed_r226		McMurdo Dry Valleys	1.0	False	ANI95_01791	GCA_030855265.1	SAMN27861884	SAMN28015459	False	False	McMurdo Dry Valleys	1	92.17	desert2025__GCA_030855265.1
desert2025__GCA_030855135.1	not_detected	not_detected	not_detected	not_detected	not_detected	not_detected	global_desert_PRJNA832417	94.81	0.53	18872	87	True	True	GCA_030855135.1	Bacteria	Patescibacteriota	Microgenomatia	UBA1400	PJMF01	JALYRS01	JALYRS01 sp030855135	desert_prefixed_r226		McMurdo Dry Valleys	1.0	False	ANI95_01785	GCA_030855135.1	SAMN27861884	SAMN28015460	False	False	McMurdo Dry Valleys	1	92.16	desert2025__GCA_030855135.1
desert2025__GCA_030775165.1	not_detected	not_detected	not_detected	not_detected	not_detected	not_detected	global_desert_PRJNA832417	93.98	0.37	23957	51	True	True	GCA_030775165.1	Bacteria	Patescibacteriota	Minisyncoccia	UBA9973	UBA9973	UBA9973	UBA9973 sp030775165	desert_prefixed_r226		Cambridge Bay	3.0	False	ANI95_01580	GCA_030775165.1	SAMN27861910;SAMN27861911;SAMN27861912	SAMN28004908	False	False	Cambridge Bay	1	92.13000000000001	desert2025__GCA_030775165.1
desert2025__GCA_030855355.1	not_detected	not_detected	not_detected	not_detected	not_detected	not_detected	global_desert_PRJNA832417	92.1	0.0	18038	78	True	True	GCA_030855355.1	Bacteria	Patescibacteriota	Saccharimonadia	Saccharimonadales	SZUA-47	JALYRK01	JALYRK01 sp030855355	desert_prefixed_r226		McMurdo Dry Valleys	1.0	False	ANI95_01795	GCA_030855355.1	SAMN27861883	SAMN28015452	False	False	McMurdo Dry Valleys	1	92.1	desert2025__GCA_030855355.1
desert2025__GCA_030776225.1	panel_complete	panel_complete	not_detected	not_detected	not_detected	not_detected	global_desert_PRJNA832417	97.68	1.12	15552	268	True	True	GCA_030776225.1	Bacteria	Acidobacteriota	Terriglobia	Bryobacterales	Bryobacteraceae	BOG-234	BOG-234 sp030776225	desert_prefixed_r226		Hietatievat	3.0	False	ANI95_01618	GCA_030776225.1	SAMN27861904;SAMN27861905;SAMN27861906	SAMN28004858	False	False	Hietatievat	1	92.08000000000001	desert2025__GCA_030776225.1
desert2025__GCA_030854715.1	not_detected	panel_complete	not_detected	not_detected	not_detected	partial	global_desert_PRJNA832417	95.16	0.71	17774	358	True	True	GCA_030854715.1	Bacteria	Acidobacteriota	Blastocatellia	Pyrinomonadales	Pyrinomonadaceae	PSRF01	PSRF01 sp030854715	desert_prefixed_r226		Livingston Island	3.0	False	ANI95_01765	GCA_030854715.1	SAMN27861889;SAMN27861890;SAMN27861891	SAMN28015485	False	False	Livingston Island	1	91.61	desert2025__GCA_030854715.1
desert2025__GCA_030854905.1	not_detected	not_detected	not_detected	not_detected	not_detected	not_detected	global_desert_PRJNA832417	97.25	1.13	20106	65	True	True	GCA_030854905.1	Bacteria	Patescibacteriota	Saccharimonadia	Saccharimonadales	SZUA-47	JALYRK01	JALYRK01 sp030854905	desert_prefixed_r226		McMurdo Dry Valleys	1.0	False	ANI95_01773	GCA_030854905.1	SAMN27861885	SAMN28015473	False	False	McMurdo Dry Valleys	1	91.6	desert2025__GCA_030854905.1
desert2025__GCA_030856655.1	not_detected	not_detected	not_detected	not_detected	not_detected	not_detected	global_desert_PRJNA832417	93.87	0.47	9125	348	True	True	GCA_030856655.1	Bacteria	Pseudomonadota	Gammaproteobacteria	Burkholderiales	Nitrosomonadaceae	Nitrosospira	Nitrosospira sp030856655	desert_prefixed_r226		McMurdo Dry Valleys	3.0	False	ANI95_01856	GCA_030856655.1	SAMN27861883;SAMN27861884;SAMN27861885	SAMN28015388	False	False	McMurdo Dry Valleys	1	91.52000000000001	desert2025__GCA_030856655.1
desert2025__GCA_030859945.1	not_detected	not_detected	not_detected	not_detected	not_detected	not_detected	global_desert_PRJNA832417	93.89	0.48	23165	181	True	True	GCA_030859945.1	Bacteria	Actinomycetota	Acidimicrobiia	Acidimicrobiales	GCA-2861595	YB1-3	YB1-3 sp030859945	desert_prefixed_r226		Mojave Desert	3.0	False	ANI95_01989	GCA_030859945.1	SAMN27861880;SAMN27861881;SAMN27861882	SAMN28015921	False	False	Mojave Desert	1	91.49	desert2025__GCA_030859945.1
desert2025__GCA_030776345.1	panel_complete	panel_complete	panel_complete	not_detected	not_detected	panel_complete	global_desert_PRJNA832417	99.48	1.63	28796	294	True	True	GCA_030776345.1	Bacteria	Pseudomonadota	Gammaproteobacteria	Steroidobacterales	Steroidobacteraceae	Bog-1198	Bog-1198 sp030776345	desert_prefixed_r226		Hietatievat	3.0	False	ANI95_01621	GCA_030776345.1	SAMN27861904;SAMN27861905;SAMN27861906	SAMN28004859	False	False	Hietatievat	1	91.33000000000001	desert2025__GCA_030776345.1
desert2025__GCA_030859345.1	not_detected	not_detected	not_detected	not_detected	not_detected	not_detected	global_desert_PRJNA832417	94.69	0.74	27490	176	True	True	GCA_030859345.1	Bacteria	Acidobacteriota	Blastocatellia	Pyrinomonadales	Pyrinomonadaceae	Aridibacter	Aridibacter sp030859345	desert_prefixed_r226		Mount Seuss	3.0	False	ANI95_01964	GCA_030859345.1	SAMN27861886;SAMN27861887;SAMN27861888	SAMN28015952	False	False	Mount Seuss	1	90.99	desert2025__GCA_030859345.1
desert2025__GCA_030775365.1	panel_complete	panel_complete	not_detected	not_detected	not_detected	not_detected	global_desert_PRJNA832417	100.0	1.85	8386	309	True	True	GCA_030775365.1	Bacteria	Pseudomonadota	Alphaproteobacteria	UBA9219	UBA9219	JALYJG01	JALYJG01 sp030775365	desert_prefixed_r226		Hietatievat	1.0	False	ANI95_01587	GCA_030775365.1	SAMN27861905	SAMN28004897	False	False	Hietatievat	1	90.75	desert2025__GCA_030775365.1
desert2025__GCA_030948915.1	not_detected	partial	not_detected	not_detected	not_detected	not_detected	global_desert_PRJNA832417	98.48	1.56	22710	302	True	True	GCA_030948915.1	Bacteria	Acidobacteriota	Thermoanaerobaculia	Gp7-AA8	Gp7-AA8	Gp7-AA10	Gp7-AA10 sp030948915	desert_prefixed_r226		Kap Hoegh	3.0	False	ANI95_02270	GCA_030948915.1	SAMN27861916;SAMN27861917;SAMN27861918	SAMN28015658	False	False	Kap Hoegh	1	90.68	desert2025__GCA_030948915.1
desert2025__GCA_030913985.1	not_detected	panel_complete	not_detected	not_detected	not_detected	not_detected	global_desert_PRJNA832417	91.68	0.21	30412	247	True	True	GCA_030913985.1	Bacteria	Chloroflexota	Chloroflexia	QHBQ01	JADMIH01	JADMIH01	JADMIH01 sp030913985	desert_prefixed_r226		Peary Land	1.0	False	ANI95_02017	GCA_030913985.1	SAMN27861876	SAMN28015875	False	False	Mojave Desert;Peary Land	2	90.63000000000001	desert2025__GCA_030913985.1
desert2025__GCA_030854185.1	not_detected	panel_complete	not_detected	not_detected	not_detected	not_detected	global_desert_PRJNA832417	98.17	1.51	36343	237	True	True	GCA_030854185.1	Bacteria	Actinomycetota	Actinomycetes	Mycobacteriales	Pseudonocardiaceae	GCA-003244245	GCA-003244245 sp030854185	desert_prefixed_r226		Livingston Island	1.0	False	ANI95_01742	GCA_030854185.1	SAMN27861891	SAMN28015512	False	False	Livingston Island	1	90.62	desert2025__GCA_030854185.1
desert2025__GCA_030856215.1	not_detected	not_detected	not_detected	not_detected	not_detected	not_detected	global_desert_PRJNA832417	99.0	1.71	35508	173	True	True	GCA_030856215.1	Bacteria	Bacteroidota	Bacteroidia	Chitinophagales	Saprospiraceae	Vicinibacter	Vicinibacter sp030856215	desert_prefixed_r226		McMurdo Dry Valleys	3.0	False	ANI95_01836	GCA_030856215.1	SAMN27861883;SAMN27861884;SAMN27861885	SAMN28015410	False	False	McMurdo Dry Valleys	1	90.45	desert2025__GCA_030856215.1
desert2025__GCA_030948685.1	not_detected	not_detected	not_detected	not_detected	not_detected	partial	global_desert_PRJNA832417	93.53	0.68	23741	165	True	True	GCA_030948685.1	Bacteria	Vulcanimicrobiota	Vulcanimicrobiia	Eremiobacterales	Eremiobacteraceae	JAFANK01	JAFANK01 sp030948685	desert_prefixed_r226		Kap Hoegh	3.0	False	ANI95_02259	GCA_030948685.1	SAMN27861916;SAMN27861917;SAMN27861918	SAMN28015671	False	False	Kap Hoegh	1	90.13	desert2025__GCA_030948685.1
desert2025__GCA_030853805.1	partial	partial	panel_complete	not_detected	not_detected	panel_complete	global_desert_PRJNA832417	92.72	0.52	11417	502	True	True	GCA_030853805.1	Bacteria	Actinomycetota	Actinomycetes	Actinomycetales	Dermatophilaceae	Allobranchiibius	Allobranchiibius sp030853805	desert_prefixed_r226		Lagoon Island	3.0	False	ANI95_01724	GCA_030853805.1	SAMN27861892;SAMN27861893;SAMN27861894	SAMN28015530	False	False	Lagoon Island	1	90.12	desert2025__GCA_030853805.1
desert2025__GCA_030855825.1	not_detected	not_detected	not_detected	not_detected	not_detected	not_detected	global_desert_PRJNA832417	97.69	1.52	110107	25	True	True	GCA_030855825.1	Bacteria	Patescibacteriota	Microgenomatia	JALYQM01	JALYQM01	JALYQM01	JALYQM01 sp030855825	desert_prefixed_r226		McMurdo Dry Valleys	3.0	False	ANI95_01816	GCA_030855825.1	SAMN27861883;SAMN27861884;SAMN27861885	SAMN28015428	False	False	McMurdo Dry Valleys	1	90.09	desert2025__GCA_030855825.1
desert2025__GCA_030946705.1	not_detected	panel_complete	panel_complete	not_detected	not_detected	panel_complete	global_desert_PRJNA832417	96.7	1.33	19167	297	True	True	GCA_030946705.1	Bacteria	Actinomycetota	Actinomycetes	Actinomycetales	Micrococcaceae	Arthrobacter_M	Arthrobacter_M sp030946705	desert_prefixed_r226		Kap Hoegh	3.0	False	ANI95_02190	GCA_030946705.1	SAMN27861916;SAMN27861917;SAMN27861918	SAMN28015632	False	False	Kap Hoegh	1	90.05	desert2025__GCA_030946705.1
desert2025__GCA_030774575.1	panel_complete	panel_complete	not_detected	not_detected	not_detected	not_detected	global_desert_PRJNA832417	94.51	0.9	71648	89	True	True	GCA_030774575.1	Bacteria	Chloroflexota	Dehalococcoidia	DSTF01	JACRBR01	JALYKW01	JALYKW01 sp030774575	desert_prefixed_r226		Alex Fiord-Dome	3.0	False	ANI95_01557	GCA_030774575.1	SAMN27861913;SAMN27861914;SAMN27861915	SAMN28004939	False	False	Alex Fiord-Dome	1	90.01	desert2025__GCA_030774575.1
desert2025__GCA_030863545.1	not_detected	not_detected	not_detected	not_detected	not_detected	not_detected	global_desert_PRJNA832417	90.85	0.2	18229	102	True	True	GCA_030863545.1	Bacteria	Actinomycetota	CADDZG01	JAHWKV01	JAHWKV01	JALZBO01	JALZBO01 sp030863545	desert_prefixed_r226		Namib Desert	3.0	False	ANI95_02147	GCA_030863545.1	SAMN27861853;SAMN27861854;SAMN27861855	SAMN28015725	False	False	Namib Desert	1	89.85	desert2025__GCA_030863545.1
desert2025__GCA_030946825.1	not_detected	not_detected	not_detected	not_detected	not_detected	not_detected	global_desert_PRJNA832417	91.67	0.38	9246	245	True	True	GCA_030946825.1	Bacteria	Chloroflexota	Limnocylindria	QHBO01	QHBO01	QHBO01	QHBO01 sp030946825	desert_prefixed_r226		Kap Hoegh	3.0	False	ANI95_02196	GCA_030946825.1	SAMN27861916;SAMN27861917;SAMN27861918	SAMN28015623	False	False	Kap Hoegh	1	89.77	desert2025__GCA_030946825.1
desert2025__GCA_030854105.1	not_detected	not_detected	not_detected	not_detected	not_detected	not_detected	global_desert_PRJNA832417	94.45	0.99	27075	149	True	True	GCA_030854105.1	Bacteria	Verrucomicrobiota	Verrucomicrobiia	Chthoniobacterales	UBA10450	AV69	AV69 sp030854105	desert_prefixed_r226		Livingston Island	1.0	False	ANI95_01738	GCA_030854105.1	SAMN27861891	SAMN28015515	False	False	Livingston Island	1	89.5	desert2025__GCA_030854105.1
desert2025__GCA_030854325.1	panel_complete	panel_complete	not_detected	partial	not_detected	not_detected	global_desert_PRJNA832417	93.16	0.75	16276	377	True	True	GCA_030854325.1	Bacteria	Actinomycetota	Actinomycetes	Mycobacteriales	Jatrophihabitantaceae	Jatrophihabitans_A	Jatrophihabitans_A sp030853265	desert_prefixed_r226		Livingston Island	1.0	False	ANI95_01700	GCA_030854325.1	SAMN27861890	SAMN28015504	False	False	Lagoon Island;Livingston Island	2	89.41	desert2025__GCA_030854325.1
desert2025__GCA_030855025.1	not_detected	partial	not_detected	not_detected	not_detected	not_detected	global_desert_PRJNA832417	92.47	0.62	16523	293	True	True	GCA_030855025.1	Bacteria	Pseudomonadota	Gammaproteobacteria	Burkholderiales	Usitatibacteraceae	Usitatibacter	Usitatibacter sp030855025	desert_prefixed_r226		McMurdo Dry Valleys	1.0	False	ANI95_01779	GCA_030855025.1	SAMN27861885	SAMN28015469	False	False	McMurdo Dry Valleys	1	89.37	desert2025__GCA_030855025.1
desert2025__GCA_030854055.1	panel_complete	panel_complete	not_detected	not_detected	not_detected	not_detected	global_desert_PRJNA832417	91.26	0.39	27315	147	True	True	GCA_030854055.1	Bacteria	Gemmatimonadota	Gemmatimonadetes	Gemmatimonadales	Gemmatimonadaceae	Fen-1247	Fen-1247 sp030854055	desert_prefixed_r226		Lagoon Island	3.0	False	ANI95_01736	GCA_030854055.1	SAMN27861892;SAMN27861893;SAMN27861894	SAMN28015517	False	False	Lagoon Island	1	89.31	desert2025__GCA_030854055.1
desert2025__GCA_030775865.1	panel_complete	panel_complete	panel_complete	not_detected	not_detected	panel_complete	global_desert_PRJNA832417	96.8	1.5	41554	160	True	True	GCA_030775865.1	Bacteria	Pseudomonadota	Gammaproteobacteria	Steroidobacterales	Steroidobacteraceae	Bog-1198	Bog-1198 sp030775865	desert_prefixed_r226		Hietatievat	3.0	False	ANI95_01609	GCA_030775865.1	SAMN27861904;SAMN27861905;SAMN27861906	SAMN28004872	False	False	Hietatievat	1	89.3	desert2025__GCA_030775865.1
desert2025__GCA_030860665.1	not_detected	partial	not_detected	not_detected	not_detected	not_detected	global_desert_PRJNA832417	90.73	0.31	10466	586	True	True	GCA_030860665.1	Bacteria	Acidobacteriota	Blastocatellia	Pyrinomonadales	Pyrinomonadaceae	JALZHR01	JALZHR01 sp030860665	desert_prefixed_r226		Sonoran Desert	3.0	False	ANI95_02023	GCA_030860665.1	SAMN27861877;SAMN27861878;SAMN27861879	SAMN28015884	False	False	Sonoran Desert	1	89.18	desert2025__GCA_030860665.1
desert2025__GCA_030854945.1	not_detected	not_detected	not_detected	not_detected	not_detected	not_detected	global_desert_PRJNA832417	94.7	1.12	52967	79	True	True	GCA_030854945.1	Bacteria	Armatimonadota	Fimbriimonadia	Fimbriimonadales	ATM1	JACDEQ01	JACDEQ01 sp030854945	desert_prefixed_r226		McMurdo Dry Valleys	1.0	False	ANI95_01775	GCA_030854945.1	SAMN27861885	SAMN28015474	False	False	McMurdo Dry Valleys	1	89.10000000000001	desert2025__GCA_030854945.1
desert2025__GCA_030852845.1	not_detected	not_detected	not_detected	not_detected	not_detected	not_detected	global_desert_PRJNA832417	95.94	1.37	32979	201	True	True	GCA_030852845.1	Bacteria	Pseudomonadota	Gammaproteobacteria	Steroidobacterales	Steroidobacteraceae	ZC4RG30	ZC4RG30 sp030852845	desert_prefixed_r226		Kuwait Desert	3.0	False	ANI95_01681	GCA_030852845.1	SAMN27861901;SAMN27861902;SAMN27861903	SAMN28015577	False	False	Kuwait Desert	1	89.09	desert2025__GCA_030852845.1
desert2025__GCA_030856925.1	not_detected	not_detected	not_detected	not_detected	not_detected	not_detected	global_desert_PRJNA832417	93.67	0.94	5577	568	True	True	GCA_030856925.1	Bacteria	Pseudomonadota	Gammaproteobacteria	Burkholderiales	JALYOK01	JALYOK01	JALYOK01 sp030856925	desert_prefixed_r226		McMurdo Dry Valleys	3.0	False	ANI95_01867	GCA_030856925.1	SAMN27861883;SAMN27861884;SAMN27861885	SAMN28015374	False	False	McMurdo Dry Valleys	1	88.97	desert2025__GCA_030856925.1
desert2025__GCA_030774235.1	panel_complete	panel_complete	not_detected	not_detected	not_detected	partial	global_desert_PRJNA832417	94.14	1.04	18780	205	True	True	GCA_030774235.1	Bacteria	Actinomycetota	UBA4738	UBA4738	HRBIN12	JALYLM01	JALYLM01 sp030774235	desert_prefixed_r226		Alex Fiord-Dome	3.0	False	ANI95_01540	GCA_030774235.1	SAMN27861913;SAMN27861914;SAMN27861915	SAMN28004955	False	False	Alex Fiord-Dome	1	88.94	desert2025__GCA_030774235.1
desert2025__GCA_030862825.1	not_detected	panel_complete	panel_complete	not_detected	not_detected	partial	global_desert_PRJNA832417	91.38	0.5	13159	490	True	True	GCA_030862825.1	Bacteria	Actinomycetota	Actinomycetes	Propionibacteriales	Nocardioidaceae	Nocardioides	Nocardioides sp030862825	desert_prefixed_r226		Sahara Desert - Ksar Ghilane	3.0	False	ANI95_02116	GCA_030862825.1	SAMN27861859;SAMN27861860;SAMN27861861	SAMN28015762	False	False	Sahara Desert - Ksar Ghilane	1	88.88	desert2025__GCA_030862825.1
desert2025__GCA_030859565.1	partial	not_detected	not_detected	not_detected	not_detected	partial	global_desert_PRJNA832417	98.84	2.0	23971	298	True	True	GCA_030859565.1	Bacteria	Pseudomonadota	Gammaproteobacteria	JACCXJ01	JACCXJ01	USCg-Taylor	USCg-Taylor sp030859565	desert_prefixed_r226		Mojave Desert	1.0	False	ANI95_01975	GCA_030859565.1	SAMN27861880	SAMN28015941	False	False	Mojave Desert	1	88.84	desert2025__GCA_030859565.1
desert2025__GCA_030862065.1	not_detected	panel_complete	not_detected	not_detected	not_detected	not_detected	global_desert_PRJNA832417	95.97	1.44	22720	187	True	True	GCA_030862065.1	Bacteria	Actinomycetota	CADDZG01	CADDZG01	WHSQ01	JALZEK01	JALZEK01 sp030862065	desert_prefixed_r226		Negev Desert	3.0	False	ANI95_02083	GCA_030862065.1	SAMN27861865;SAMN27861866;SAMN27861867	SAMN28015799	False	False	Negev Desert	1	88.77	desert2025__GCA_030862065.1
desert2025__GCA_030852965.1	not_detected	not_detected	not_detected	partial	not_detected	not_detected	global_desert_PRJNA832417	95.48	1.36	11782	524	True	True	GCA_030852965.1	Bacteria	Actinomycetota	Actinomycetes	Mycobacteriales	Pseudonocardiaceae	Pseudonocardia	Pseudonocardia sp030852965	desert_prefixed_r226		Lagoon Island	1.0	False	ANI95_01687	GCA_030852965.1	SAMN27861893	SAMN28015571	False	False	Lagoon Island	1	88.68	desert2025__GCA_030852965.1
desert2025__GCA_030859785.1	panel_complete	panel_complete	not_detected	not_detected	not_detected	partial	global_desert_PRJNA832417	93.48	0.97	17684	449	True	True	GCA_030859785.1	Bacteria	Acidobacteriota	Blastocatellia	Pyrinomonadales	Pyrinomonadaceae	JACDEG01	JACDEG01 sp030859785	desert_prefixed_r226		Mojave Desert	3.0	False	ANI95_01984	GCA_030859785.1	SAMN27861880;SAMN27861881;SAMN27861882	SAMN28015930	False	False	Mojave Desert	1	88.63000000000001	desert2025__GCA_030859785.1
desert2025__GCA_030948995.1	not_detected	not_detected	not_detected	not_detected	not_detected	not_detected	global_desert_PRJNA832417	91.39	0.56	19229	320	True	True	GCA_030948995.1	Bacteria	Acidobacteriota	Blastocatellia	Pyrinomonadales	Pyrinomonadaceae	GCA-002050365	GCA-002050365 sp030948995	desert_prefixed_r226		Kap Hoegh	3.0	False	ANI95_02274	GCA_030948995.1	SAMN27861916;SAMN27861917;SAMN27861918	SAMN28015655	False	False	Kap Hoegh	1	88.59	desert2025__GCA_030948995.1
desert2025__GCA_030773755.1	not_detected	not_detected	not_detected	not_detected	not_detected	not_detected	global_desert_PRJNA832417	97.72	1.83	27107	215	True	True	GCA_030773755.1	Bacteria	Actinomycetota	Acidimicrobiia	Acidimicrobiales	GCA-2861595	GCA-2861595	GCA-2861595 sp002861595	desert_prefixed_r226		Atacama Desert	3.0	False	ANI95_01519	GCA_030773755.1	SAMN27861919;SAMN27861920;SAMN27861921	SAMN28004980	False	False	Atacama Desert	1	88.57	desert2025__GCA_030773755.1
desert2025__GCA_030857405.1	not_detected	partial	panel_complete	not_detected	not_detected	panel_complete	global_desert_PRJNA832417	97.48	1.83	20031	227	True	True	GCA_030857405.1	Bacteria	Actinomycetota	Actinomycetes	Propionibacteriales	Nocardioidaceae	JACCVL01	JACCVL01 sp013696365	desert_prefixed_r226		Mount Seuss	1.0	False	ANI95_01888	GCA_030857405.1	SAMN27861887	SAMN28016050	False	False	Mount Seuss	1	88.33	desert2025__GCA_030857405.1
desert2025__GCA_030775085.1	panel_complete	panel_complete	not_detected	not_detected	not_detected	not_detected	global_desert_PRJNA832417	98.82	2.13	42070	227	True	True	GCA_030775085.1	Bacteria	Acidobacteriota	Thermoanaerobaculia	Gp7-AA8	Gp7-AA8	QHVT01	QHVT01 sp030775085	desert_prefixed_r226		Cambridge Bay	1.0	False	ANI95_01577	GCA_030775085.1	SAMN27861910	SAMN28004913	False	False	Cambridge Bay	1	88.16999999999999	desert2025__GCA_030775085.1
desert2025__GCA_030860505.1	not_detected	partial	not_detected	not_detected	not_detected	not_detected	global_desert_PRJNA832417	90.22	0.42	21296	156	True	True	GCA_030860505.1	Bacteria	Actinomycetota	CADDZG01	CADDZG01	WHSQ01	WHSV01	WHSV01 sp030860505	desert_prefixed_r226		Mojave Desert	3.0	False	ANI95_02016	GCA_030860505.1	SAMN27861880;SAMN27861881;SAMN27861882	SAMN28015894	False	False	Mojave Desert	1	88.12	desert2025__GCA_030860505.1
desert2025__GCA_030857165.1	not_detected	not_detected	not_detected	not_detected	not_detected	partial	global_desert_PRJNA832417	93.96	1.2	5882	930	True	True	GCA_030857165.1	Bacteria	Planctomycetota	Planctomycetia	Planctomycetales	Planctomycetaceae	JACCRE01	JACCRE01 sp013813775	desert_prefixed_r226		Mount Seuss	1.0	False	ANI95_01878	GCA_030857165.1	SAMN27861888	SAMN28016060	False	False	Mount Seuss	1	87.96	desert2025__GCA_030857165.1
desert2025__GCA_030855105.1	not_detected	not_detected	not_detected	not_detected	not_detected	not_detected	global_desert_PRJNA832417	95.84	1.6	69895	110	True	True	GCA_030855105.1	Bacteria	Bacteroidota_A	Ignavibacteria	SJA-28	B-1AR	JAGPCH01	JAGPCH01 sp030855105	desert_prefixed_r226		McMurdo Dry Valleys	1.0	False	ANI95_01783	GCA_030855105.1	SAMN27861885	SAMN28015465	False	False	McMurdo Dry Valleys	1	87.84	desert2025__GCA_030855105.1
desert2025__GCA_030856345.1	not_detected	not_detected	panel_complete	not_detected	not_detected	partial	global_desert_PRJNA832417	91.01	0.7	8262	433	True	True	GCA_030856345.1	Bacteria	Actinomycetota	Rubrobacteria	Rubrobacterales	Rubrobacteraceae	JACDGB01	JACDGB01 sp013815485	desert_prefixed_r226		McMurdo Dry Valleys	3.0	False	ANI95_01840	GCA_030856345.1	SAMN27861883;SAMN27861884;SAMN27861885	SAMN28015403	False	False	McMurdo Dry Valleys;Mount Seuss	2	87.51	desert2025__GCA_030856345.1
desert2025__GCA_030774335.1	panel_complete	panel_complete	not_detected	not_detected	not_detected	partial	global_desert_PRJNA832417	92.91	1.12	24305	254	True	True	GCA_030774335.1	Bacteria	Acidobacteriota	Terriglobia	Acidiferrales	UBA7541	Acidiferrum	Acidiferrum sp030774335	desert_prefixed_r226		Alex Fiord-Dome	3.0	False	ANI95_01545	GCA_030774335.1	SAMN27861913;SAMN27861914;SAMN27861915	SAMN28004951	False	False	Alex Fiord-Dome	1	87.31	desert2025__GCA_030774335.1
desert2025__GCA_030914045.1	not_detected	panel_complete	not_detected	not_detected	not_detected	not_detected	global_desert_PRJNA832417	92.89	1.15	24116	730	True	True	GCA_030914045.1	Bacteria	Chloroflexota	Chloroflexia	QHBQ01	JADMIH01	JADMIH01	JADMIH01 sp030914045	desert_prefixed_r226		Peary Land	1.0	False	ANI95_02160	GCA_030914045.1	SAMN27861875	SAMN28015873	False	False	Peary Land	1	87.14	desert2025__GCA_030914045.1
desert2025__GCA_030947185.1	not_detected	not_detected	not_detected	not_detected	not_detected	not_detected	global_desert_PRJNA832417	90.79	0.75	14933	227	True	True	GCA_030947185.1	Bacteria	Actinomycetota	Actinomycetes	Mycobacteriales	JALYXH01	JALYXH01	JALYXH01 sp030947185	desert_prefixed_r226		Kap Hoegh	3.0	False	ANI95_02213	GCA_030947185.1	SAMN27861916;SAMN27861917;SAMN27861918	SAMN28015605	False	False	Kap Hoegh	1	87.04	desert2025__GCA_030947185.1
desert2025__GCA_030853485.1	panel_complete	panel_complete	not_detected	not_detected	not_detected	not_detected	global_desert_PRJNA832417	100.0	2.62	41796	194	True	True	GCA_030853485.1	Bacteria	Acidobacteriota	Terriglobia	Terriglobales	Acidobacteriaceae	Edaphobacter	Edaphobacter sp030853485	desert_prefixed_r226		Lagoon Island	3.0	False	ANI95_01709	GCA_030853485.1	SAMN27861892;SAMN27861893;SAMN27861894	SAMN28015546	False	False	Lagoon Island	1	86.9	desert2025__GCA_030853485.1
desert2025__GCA_030856405.1	not_detected	not_detected	not_detected	not_detected	not_detected	not_detected	global_desert_PRJNA832417	92.3	1.08	14436	314	True	True	GCA_030856405.1	Bacteria	Actinomycetota	Acidimicrobiia	Acidimicrobiales	Ilumatobacteraceae	JACDHN01	JACDHN01 sp030857495	desert_prefixed_r226		McMurdo Dry Valleys	3.0	False	ANI95_01843	GCA_030856405.1	SAMN27861883;SAMN27861884;SAMN27861885	SAMN28015400	False	False	McMurdo Dry Valleys;Mount Seuss	2	86.89999999999999	desert2025__GCA_030856405.1
desert2025__GCA_030862235.1	not_detected	not_detected	not_detected	not_detected	not_detected	not_detected	global_desert_PRJNA832417	90.26	0.83	7417	466	True	True	GCA_030862235.1	Bacteria	Actinomycetota	Acidimicrobiia	Acidimicrobiales	AC-14	JALZEC01	JALZEC01 sp030862235	desert_prefixed_r226		Negev Desert	3.0	False	ANI95_02091	GCA_030862235.1	SAMN27861865;SAMN27861866;SAMN27861867	SAMN28015791	False	False	Negev Desert	1	86.11	desert2025__GCA_030862235.1
desert2025__GCA_030860205.1	not_detected	not_detected	not_detected	not_detected	not_detected	partial	global_desert_PRJNA832417	93.75	1.53	32754	119	True	True	GCA_030860205.1	Bacteria	Actinomycetota	CADDZG01	CADDZG01	WHSQ01	JACDDL01	JACDDL01 sp030860205	desert_prefixed_r226		Mojave Desert	3.0	False	ANI95_02001	GCA_030860205.1	SAMN27861880;SAMN27861881;SAMN27861882	SAMN28015909	False	False	Mojave Desert	1	86.1	desert2025__GCA_030860205.1
desert2025__GCA_030946925.1	partial	not_detected	not_detected	not_detected	not_detected	partial	global_desert_PRJNA832417	96.26	2.05	15272	337	True	True	GCA_030946925.1	Bacteria	Pseudomonadota	Gammaproteobacteria	Burkholderiales	Burkholderiaceae	Schlegelella_A	Schlegelella_A sp030946925	desert_prefixed_r226		Kap Hoegh	3.0	False	ANI95_02201	GCA_030946925.1	SAMN27861916;SAMN27861917;SAMN27861918	SAMN28015618	False	False	Kap Hoegh	1	86.01	desert2025__GCA_030946925.1
desert2025__GCA_030856795.1	not_detected	panel_complete	panel_complete	not_detected	not_detected	partial	global_desert_PRJNA832417	93.72	1.6	18480	233	True	True	GCA_030856795.1	Bacteria	Actinomycetota	CADDZG01	CADDZG01	WHSQ01	JACDAL01	JACDAL01 sp013695465	desert_prefixed_r226		McMurdo Dry Valleys	3.0	False	ANI95_01861	GCA_030856795.1	SAMN27861883;SAMN27861884;SAMN27861885	SAMN28015380	False	False	McMurdo Dry Valleys	1	85.72	desert2025__GCA_030856795.1
desert2025__GCA_030862645.1	not_detected	partial	not_detected	partial	not_detected	not_detected	global_desert_PRJNA832417	93.88	1.66	23419	171	True	True	GCA_030862645.1	Bacteria	Chloroflexota	Limnocylindria	QHBO01	QHBO01	JACDBZ01	JACDBZ01 sp030862645	desert_prefixed_r226		Sahara Desert - Ksar Ghilane	3.0	False	ANI95_02108	GCA_030862645.1	SAMN27861859;SAMN27861860;SAMN27861861	SAMN28015768	False	False	Sahara Desert - Ksar Ghilane	1	85.58	desert2025__GCA_030862645.1
desert2025__GCA_030855125.1	not_detected	not_detected	not_detected	not_detected	not_detected	not_detected	global_desert_PRJNA832417	92.01	1.33	20085	68	True	True	GCA_030855125.1	Bacteria	Patescibacteriota	Minisyncoccia	UBA9973	JAKAEA01	JAIFWI01	JAIFWI01 sp030855125	desert_prefixed_r226		McMurdo Dry Valleys	1.0	False	ANI95_01784	GCA_030855125.1	SAMN27861884	SAMN28015458	False	False	McMurdo Dry Valleys	1	85.36	desert2025__GCA_030855125.1
desert2025__GCA_030854475.1	not_detected	partial	not_detected	not_detected	not_detected	not_detected	global_desert_PRJNA832417	95.5	2.04	45116	106	True	True	GCA_030854475.1	Bacteria	Actinomycetota	Thermoleophilia	Gaiellales	Gaiellaceae	13-2-20CM-68-14	13-2-20CM-68-14 sp030854475	desert_prefixed_r226		Livingston Island	3.0	False	ANI95_01755	GCA_030854475.1	SAMN27861889;SAMN27861890;SAMN27861891	SAMN28015497	False	False	Livingston Island	1	85.3	desert2025__GCA_030854475.1
desert2025__GCA_030853005.1	not_detected	not_detected	not_detected	not_detected	not_detected	not_detected	global_desert_PRJNA832417	90.85	1.11	15971	188	True	True	GCA_030853005.1	Bacteria	Vulcanimicrobiota	Vulcanimicrobiia	Vulcanimicrobiales	Vulcanimicrobiaceae	JALYVW01	JALYVW01 sp030853005	desert_prefixed_r226		Lagoon Island	1.0	False	ANI95_01689	GCA_030853005.1	SAMN27861893	SAMN28015568	False	False	Lagoon Island	1	85.3	desert2025__GCA_030853005.1
desert2025__GCA_030775485.1	panel_complete	partial	not_detected	not_detected	not_detected	not_detected	global_desert_PRJNA832417	92.67	1.5	139912	49	True	True	GCA_030775485.1	Bacteria	Planctomycetota	Phycisphaerae	Tepidisphaerales	Tepidisphaeraceae	JALYJB01	JALYJB01 sp030775485	desert_prefixed_r226		Hietatievat	1.0	False	ANI95_01593	GCA_030775485.1	SAMN27861904	SAMN28004892	False	False	Hietatievat	1	85.17	desert2025__GCA_030775485.1
desert2025__GCA_030857025.1	not_detected	not_detected	not_detected	not_detected	not_detected	not_detected	global_desert_PRJNA832417	94.93	1.98	54854	100	True	True	GCA_030857025.1	Bacteria	Pseudomonadota	Gammaproteobacteria	Xanthomonadales	Xanthomonadaceae	JALZKJ01	JALZKJ01 sp030857025	desert_prefixed_r226		McMurdo Dry Valleys	3.0	False	ANI95_01871	GCA_030857025.1	SAMN27861883;SAMN27861884;SAMN27861885	SAMN28015369	False	False	McMurdo Dry Valleys	1	85.03	desert2025__GCA_030857025.1
desert2025__GCA_030859685.1	not_detected	partial	not_detected	not_detected	not_detected	partial	global_desert_PRJNA832417	92.05	1.44	18191	190	True	True	GCA_030859685.1	Bacteria	Actinomycetota	CADDZG01	CADDZG01	WHSQ01	JACCXF01	JACCXF01 sp030859685	desert_prefixed_r226		Mojave Desert	3.0	False	ANI95_01979	GCA_030859685.1	SAMN27861880;SAMN27861881;SAMN27861882	SAMN28015935	False	False	Mojave Desert	1	84.85	desert2025__GCA_030859685.1
desert2025__GCA_030856685.1	not_detected	partial	not_detected	not_detected	not_detected	not_detected	global_desert_PRJNA832417	90.07	1.06	8734	572	True	True	GCA_030856685.1	Bacteria	Acidobacteriota	Vicinamibacteria	Vicinamibacterales	2-12-FULL-66-21	JALZOC01		desert_prefixed_r226		McMurdo Dry Valleys	3.0	False	ANI95_01857	GCA_030856685.1	SAMN27861883;SAMN27861884;SAMN27861885	SAMN28015386	False	False	McMurdo Dry Valleys	1	84.77	desert2025__GCA_030856685.1
desert2025__GCA_030776545.1	panel_complete	panel_complete	not_detected	not_detected	not_detected	not_detected	global_desert_PRJNA832417	93.66	1.88	15627	310	True	True	GCA_030776545.1	Bacteria	Pseudomonadota	Gammaproteobacteria	Burkholderiales	Burkholderiaceae	LMDS01	LMDS01 sp030776545	desert_prefixed_r226		Hietatievat	3.0	False	ANI95_01626	GCA_030776545.1	SAMN27861904;SAMN27861905;SAMN27861906	SAMN28004853	False	False	Hietatievat	1	84.25999999999999	desert2025__GCA_030776545.1
desert2025__GCA_030854955.1	not_detected	not_detected	not_detected	not_detected	not_detected	not_detected	global_desert_PRJNA832417	95.29	2.22	16468	401	True	True	GCA_030854955.1	Bacteria	Fibrobacterota	Fibrobacteria	UBA11236	UBA11236	Chersky-265	Chersky-265 sp030854955	desert_prefixed_r226		McMurdo Dry Valleys	1.0	False	ANI95_01776	GCA_030854955.1	SAMN27861885	SAMN28015472	False	False	McMurdo Dry Valleys	1	84.19	desert2025__GCA_030854955.1
desert2025__GCA_030945745.1	not_detected	not_detected	not_detected	not_detected	not_detected	not_detected	global_desert_PRJNA832417	96.28	2.44	27423	231	True	True	GCA_030945745.1	Bacteria	Actinomycetota	Acidimicrobiia	Acidimicrobiales	Palsa-688	JALZAH01	JALZAH01 sp030945745	desert_prefixed_r226		Kap Hoegh	3.0	False	ANI95_02168	GCA_030945745.1	SAMN27861916;SAMN27861917;SAMN27861918	SAMN28015664	False	False	Kap Hoegh	1	84.08	desert2025__GCA_030945745.1
desert2025__GCA_030774035.1	not_detected	panel_complete	not_detected	not_detected	not_detected	not_detected	global_desert_PRJNA832417	96.67	2.55	112684	48	True	True	GCA_030774035.1	Bacteria	Actinomycetota	UBA4738	UBA4738	HRBIN12	JALYLM01	JALYLM01 sp030774035	desert_prefixed_r226		Alex Fiord-Dome	1.0	False	ANI95_01532	GCA_030774035.1	SAMN27861913	SAMN28004964	False	False	Alex Fiord-Dome	1	83.92	desert2025__GCA_030774035.1
desert2025__GCA_030777105.1	not_detected	not_detected	not_detected	not_detected	not_detected	partial	global_desert_PRJNA832417	93.73	1.98	16295	179	True	True	GCA_030777105.1	Bacteria	Actinomycetota	UBA4738	UBA4738	UBA4738	JALYGK01	JALYGK01 sp030777105	desert_prefixed_r226		Gobi Desert - China	3.0	False	ANI95_01648	GCA_030777105.1	SAMN27861898;SAMN27861899;SAMN27861900	SAMN28004823	False	False	Gobi Desert - China	1	83.83	desert2025__GCA_030777105.1
desert2025__GCA_030856765.1	not_detected	panel_complete	not_detected	not_detected	not_detected	not_detected	global_desert_PRJNA832417	90.52	1.34	10172	384	True	True	GCA_030856765.1	Bacteria	Verrucomicrobiota	Verrucomicrobiia	Chthoniobacterales	UBA10450	Palsa-1392	Palsa-1392 sp030856765	desert_prefixed_r226		McMurdo Dry Valleys	3.0	False	ANI95_01859	GCA_030856765.1	SAMN27861883;SAMN27861884;SAMN27861885	SAMN28015381	False	False	McMurdo Dry Valleys	1	83.82	desert2025__GCA_030856765.1
desert2025__GCA_030856155.1	not_detected	not_detected	not_detected	not_detected	not_detected	partial	global_desert_PRJNA832417	96.1	2.46	9025	447	True	True	GCA_030856155.1	Bacteria	Gemmatimonadota	Gemmatimonadetes	Gemmatimonadales	GWC2-71-9	JACDDX01	JACDDX01 sp013812695	desert_prefixed_r226		McMurdo Dry Valleys	3.0	False	ANI95_01833	GCA_030856155.1	SAMN27861883;SAMN27861884;SAMN27861885	SAMN28015413	False	False	McMurdo Dry Valleys	1	83.8	desert2025__GCA_030856155.1
desert2025__GCA_030862345.1	not_detected	not_detected	not_detected	partial	not_detected	not_detected	global_desert_PRJNA832417	90.75	1.42	8995	479	True	True	GCA_030862345.1	Bacteria	Actinomycetota	Actinomycetes	Mycobacteriales	Geodermatophilaceae	JACCQS01	JACCQS01 sp030862345	desert_prefixed_r226		Sahara Desert - Douz-Matmata	3.0	False	ANI95_02097	GCA_030862345.1	SAMN27861862;SAMN27861863;SAMN27861864	SAMN28015784	False	False	Sahara Desert - Douz-Matmata	1	83.65	desert2025__GCA_030862345.1
desert2025__GCA_030857245.1	not_detected	partial	not_detected	not_detected	not_detected	not_detected	global_desert_PRJNA832417	96.7	2.7	9460	1036	True	True	GCA_030857245.1	Bacteria	Myxococcota	Polyangia	Haliangiales	Haliangiaceae	JABFXX01	JABFXX01 sp030857245	desert_prefixed_r226		Mount Seuss	1.0	False	ANI95_01882	GCA_030857245.1	SAMN27861888	SAMN28016057	False	False	Mount Seuss	1	83.2	desert2025__GCA_030857245.1
desert2025__GCA_030853105.1	not_detected	partial	not_detected	not_detected	not_detected	not_detected	global_desert_PRJNA832417	90.1	1.43	10758	289	True	True	GCA_030853105.1	Bacteria	Vulcanimicrobiota	Vulcanimicrobiia	Vulcanimicrobiales	Vulcanimicrobiaceae	JALYVT01	JALYVT01 sp030853105	desert_prefixed_r226		Lagoon Island	1.0	False	ANI95_01692	GCA_030853105.1	SAMN27861892	SAMN28015565	False	False	Lagoon Island	1	82.94999999999999	desert2025__GCA_030853105.1
desert2025__GCA_030855975.1	not_detected	not_detected	not_detected	not_detected	not_detected	not_detected	global_desert_PRJNA832417	90.35	1.48	7839	471	True	True	GCA_030855975.1	Bacteria	Verrucomicrobiota	Verrucomicrobiia	Chthoniobacterales	UBA10450	JACCTI01	JACCTI01 sp013697365	desert_prefixed_r226		McMurdo Dry Valleys	3.0	False	ANI95_01825	GCA_030855975.1	SAMN27861883;SAMN27861884;SAMN27861885	SAMN28015422	False	False	McMurdo Dry Valleys	1	82.94999999999999	desert2025__GCA_030855975.1
desert2025__GCA_030776305.1	panel_complete	panel_complete	not_detected	not_detected	not_detected	not_detected	global_desert_PRJNA832417	94.76	2.37	6056	946	True	True	GCA_030776305.1	Bacteria	Myxococcota	Polyangia	Polyangiales	Polyangiaceae	Palsa-1150	Palsa-1150 sp030776305	desert_prefixed_r226		Hietatievat	3.0	False	ANI95_01620	GCA_030776305.1	SAMN27861904;SAMN27861905;SAMN27861906	SAMN28004862	False	False	Hietatievat	1	82.91	desert2025__GCA_030776305.1
desert2025__GCA_030857965.1	not_detected	not_detected	panel_complete	not_detected	not_detected	partial	global_desert_PRJNA832417	95.21	2.57	12738	291	True	True	GCA_030857965.1	Bacteria	Actinomycetota	Acidimicrobiia	Acidimicrobiales	Ilumatobacteraceae	JACDHN01	JACDHN01 sp013821025	desert_prefixed_r226		Mount Seuss	3.0	False	ANI95_01907	GCA_030857965.1	SAMN27861886;SAMN27861887;SAMN27861888	SAMN28016021	False	False	Mount Seuss	1	82.36	desert2025__GCA_030857965.1
desert2025__GCA_030854075.1	not_detected	not_detected	not_detected	not_detected	not_detected	partial	global_desert_PRJNA832417	91.0	1.83	18248	206	True	True	GCA_030854075.1	Bacteria	Pseudomonadota	Alphaproteobacteria	Sphingomonadales	Sphingomonadaceae	Sphingomonas	Sphingomonas sp030854075	desert_prefixed_r226		Lagoon Island	3.0	False	ANI95_01737	GCA_030854075.1	SAMN27861892;SAMN27861893;SAMN27861894	SAMN28015516	False	False	Lagoon Island	1	81.85	desert2025__GCA_030854075.1
desert2025__GCA_030859715.1	not_detected	partial	not_detected	not_detected	not_detected	not_detected	global_desert_PRJNA832417	93.51	2.38	31264	251	True	True	GCA_030859715.1	Bacteria	Chloroflexota	Chloroflexia	Thermomicrobiales	UBA6265	JACCYK01	JACCYK01 sp030859715	desert_prefixed_r226		Mojave Desert	3.0	False	ANI95_01981	GCA_030859715.1	SAMN27861880;SAMN27861881;SAMN27861882	SAMN28015934	False	False	Mojave Desert	1	81.61000000000001	desert2025__GCA_030859715.1
desert2025__GCA_030857175.1	not_detected	not_detected	not_detected	not_detected	not_detected	not_detected	global_desert_PRJNA832417	97.5	3.24	136264	170	True	True	GCA_030857175.1	Bacteria	Myxococcota	Polyangia	Haliangiales	Haliangiaceae	JABFXX01	JABFXX01 sp030857175	desert_prefixed_r226		Mount Seuss	1.0	False	ANI95_01879	GCA_030857175.1	SAMN27861888	SAMN28016058	False	False	Mount Seuss	1	81.3	desert2025__GCA_030857175.1
desert2025__GCA_030858465.1	not_detected	not_detected	not_detected	not_detected	not_detected	not_detected	global_desert_PRJNA832417	95.39	2.83	13746	389	True	True	GCA_030858465.1	Bacteria	Deinococcota	Deinococci	Deinococcales	Trueperaceae	JALZLY01	JALZLY01 sp030858465	desert_prefixed_r226		Mount Seuss	3.0	False	ANI95_01925	GCA_030858465.1	SAMN27861886;SAMN27861887;SAMN27861888	SAMN28015995	False	False	Mount Seuss	1	81.24	desert2025__GCA_030858465.1
desert2025__GCA_030773115.1	not_detected	not_detected	not_detected	not_detected	not_detected	not_detected	global_desert_PRJNA832417	99.99	3.78	45621	111	True	True	GCA_030773115.1	Bacteria	Pseudomonadota	Alphaproteobacteria	Sphingomonadales	Sphingomonadaceae	Sphingomicrobium	Sphingomicrobium sp030773115	desert_prefixed_r226		Drass Desert	3.0	False	ANI95_01499	GCA_030773115.1	SAMN27861922;SAMN27861923;SAMN27861924	SAMN28005011	False	False	Drass Desert	1	81.09	desert2025__GCA_030773115.1
desert2025__GCA_030855295.1	not_detected	partial	not_detected	panel_complete	panel_complete	not_detected	global_desert_PRJNA832417	91.63	2.11	7134	1292	True	True	GCA_030855295.1	Bacteria	Myxococcota	Polyangia	Polyangiales	Sandaracinaceae	Sandaracinus	Sandaracinus sp030855295	desert_prefixed_r226		McMurdo Dry Valleys	1.0	False	ANI95_01792	GCA_030855295.1	SAMN27861883	SAMN28015455	False	False	McMurdo Dry Valleys	1	81.08	desert2025__GCA_030855295.1
desert2025__GCA_030858445.1	not_detected	not_detected	panel_complete	not_detected	not_detected	panel_complete	global_desert_PRJNA832417	98.58	3.54	14113	364	True	True	GCA_030858445.1	Bacteria	Actinomycetota	Actinomycetes	Mycobacteriales	Geodermatophilaceae	JACCTY01	JACCTY01 sp013695685	desert_prefixed_r226		Mount Seuss	3.0	False	ANI95_01924	GCA_030858445.1	SAMN27861886;SAMN27861887;SAMN27861888	SAMN28015996	False	False	Mount Seuss	1	80.88	desert2025__GCA_030858445.1
desert2025__GCA_030852515.1	not_detected	not_detected	not_detected	not_detected	not_detected	not_detected	global_desert_PRJNA832417	90.77	2.02	24858	171	True	True	GCA_030852515.1	Bacteria	Pseudomonadota	Gammaproteobacteria	Xanthomonadales	Xanthomonadaceae	Cognatiluteimonas	Cognatiluteimonas sp030852515	desert_prefixed_r226		Kuwait Desert	1.0	False	ANI95_01669	GCA_030852515.1	SAMN27861901	SAMN28015594	False	False	Kuwait Desert	1	80.67	desert2025__GCA_030852515.1
desert2025__GCA_030776725.1	not_detected	not_detected	not_detected	not_detected	not_detected	not_detected	global_desert_PRJNA832417	95.56	3.0	14133	287	True	True	GCA_030776725.1	Bacteria	Actinomycetota	Nitriliruptoria	Nitriliruptorales	JAHWKO01	JAHWKW01	JAHWKW01 sp030776725	desert_prefixed_r226		Gobi Desert - China	3.0	False	ANI95_01633	GCA_030776725.1	SAMN27861898;SAMN27861899;SAMN27861900	SAMN28004845	False	False	Gobi Desert - China	1	80.56	desert2025__GCA_030776725.1
desert2025__GCA_030853745.1	panel_complete	panel_complete	not_detected	not_detected	not_detected	not_detected	global_desert_PRJNA832417	97.41	3.38	48246	205	True	True	GCA_030853745.1	Bacteria	Pseudomonadota	Gammaproteobacteria	Burkholderiales	Burkholderiaceae	Telluria	Telluria sp030853745	desert_prefixed_r226		Lagoon Island	3.0	False	ANI95_01722	GCA_030853745.1	SAMN27861892;SAMN27861893;SAMN27861894	SAMN28015532	False	False	Lagoon Island	1	80.50999999999999	desert2025__GCA_030853745.1
desert2025__GCA_030855205.1	not_detected	not_detected	not_detected	not_detected	not_detected	partial	global_desert_PRJNA832417	99.98	4.01	15011	380	True	True	GCA_030855205.1	Bacteria	Acidobacteriota	Vicinamibacteria	Vicinamibacterales	SCN-69-37	JALYRV01	JALYRV01 sp030855205	desert_prefixed_r226		McMurdo Dry Valleys	1.0	False	ANI95_01788	GCA_030855205.1	SAMN27861884	SAMN28015463	False	False	McMurdo Dry Valleys	1	79.93	desert2025__GCA_030855205.1
desert2025__GCA_030853445.1	panel_complete	panel_complete	not_detected	not_detected	not_detected	not_detected	global_desert_PRJNA832417	91.57	2.39	11114	515	True	True	GCA_030853445.1	Bacteria	Actinomycetota	Actinomycetes	Actinomycetales	Dermatophilaceae	Lapillicoccus	Lapillicoccus sp030853445	desert_prefixed_r226		Lagoon Island	3.0	False	ANI95_01707	GCA_030853445.1	SAMN27861892;SAMN27861893;SAMN27861894	SAMN28015548	False	False	Lagoon Island	1	79.61999999999999	desert2025__GCA_030853445.1
desert2025__GCA_030867425.1	not_detected	not_detected	partial	not_detected	not_detected	not_detected	global_desert_PRJNA832417	92.85	2.67	9369	422	True	True	GCA_030867425.1	Bacteria	Actinomycetota	Rubrobacteria	Rubrobacterales	Rubrobacteraceae	Rubrobacter_F	Rubrobacter_F sp030867425	desert_prefixed_r226		North Australian Desert	3.0	False	ANI95_02148	GCA_030867425.1	SAMN27861868;SAMN27861869;SAMN27861870	SAMN28015824	False	False	North Australian Desert	1	79.5	desert2025__GCA_030867425.1
desert2025__GCA_030862075.1	not_detected	not_detected	not_detected	not_detected	not_detected	not_detected	global_desert_PRJNA832417	91.26	2.48	7646	411	True	True	GCA_030862075.1	Bacteria	Actinomycetota	Rubrobacteria	Rubrobacterales	Rubrobacteraceae	Rubrobacter_F	Rubrobacter_F sp030862075	desert_prefixed_r226		Negev Desert	3.0	False	ANI95_02084	GCA_030862075.1	SAMN27861865;SAMN27861866;SAMN27861867	SAMN28015800	False	False	Negev Desert	1	78.86	desert2025__GCA_030862075.1
desert2025__GCA_030947025.1	panel_complete	panel_complete	not_detected	not_detected	not_detected	not_detected	global_desert_PRJNA832417	93.87	3.06	17366	422	True	True	GCA_030947025.1	Bacteria	Actinomycetota	Acidimicrobiia	Acidimicrobiales	Palsa-688	JALYXV01	JALYXV01 sp030947025	desert_prefixed_r226		Kap Hoegh	3.0	False	ANI95_02205	GCA_030947025.1	SAMN27861916;SAMN27861917;SAMN27861918	SAMN28015619	False	False	Kap Hoegh	1	78.57000000000001	desert2025__GCA_030947025.1
desert2025__GCA_030853405.1	panel_complete	panel_complete	not_detected	not_detected	not_detected	partial	global_desert_PRJNA832417	90.15	2.34	14893	454	True	True	GCA_030853405.1	Bacteria	Acidobacteriota	Terriglobia	Bryobacterales	Bryobacteraceae	Bog-105	Bog-105 sp030853405	desert_prefixed_r226		Lagoon Island	3.0	False	ANI95_01705	GCA_030853405.1	SAMN27861892;SAMN27861893;SAMN27861894	SAMN28015549	False	False	Lagoon Island	1	78.45	desert2025__GCA_030853405.1
desert2025__GCA_030774475.1	panel_complete	partial	not_detected	partial	not_detected	not_detected	global_desert_PRJNA832417	90.94	2.5	24123	209	True	True	GCA_030774475.1	Bacteria	Chloroflexota	Limnocylindria	QHBO01	QHBO01	CF-82	CF-82 sp030774475	desert_prefixed_r226		Alex Fiord-Dome	3.0	False	ANI95_01552	GCA_030774475.1	SAMN27861913;SAMN27861914;SAMN27861915	SAMN28004944	False	False	Alex Fiord-Dome	1	78.44	desert2025__GCA_030774475.1
desert2025__GCA_030859405.1	not_detected	not_detected	not_detected	not_detected	not_detected	not_detected	global_desert_PRJNA832417	93.77	3.11	13864	244	True	True	GCA_030859405.1	Bacteria	Actinomycetota	Acidimicrobiia	Acidimicrobiales	GCA-2861595	YB1-3	YB1-3 sp030859405	desert_prefixed_r226		Mojave Desert	1.0	False	ANI95_01967	GCA_030859405.1	SAMN27861882	SAMN28015948	False	False	Mojave Desert	1	78.22	desert2025__GCA_030859405.1
desert2025__GCA_030858585.1	not_detected	not_detected	panel_complete	not_detected	not_detected	partial	global_desert_PRJNA832417	91.26	2.64	8767	533	True	True	GCA_030858585.1	Bacteria	Actinomycetota	Actinomycetes	Mycobacteriales	Geodermatophilaceae	JACCSC01	JACCSC01 sp013813215	desert_prefixed_r226		Mount Seuss	3.0	False	ANI95_01931	GCA_030858585.1	SAMN27861886;SAMN27861887;SAMN27861888	SAMN28015989	False	False	Mount Seuss	1	78.06	desert2025__GCA_030858585.1
desert2025__GCA_030857225.1	not_detected	not_detected	panel_complete	not_detected	not_detected	partial	global_desert_PRJNA832417	96.91	3.78	39041	151	True	True	GCA_030857225.1	Bacteria	Actinomycetota	Thermoleophilia	Gaiellales	Gaiellaceae	GMQP-bins7	GMQP-bins7 sp030857225	desert_prefixed_r226		Mount Seuss	1.0	False	ANI95_01881	GCA_030857225.1	SAMN27861888	SAMN28016059	False	False	Mount Seuss	1	78.00999999999999	desert2025__GCA_030857225.1
desert2025__GCA_030775625.1	panel_complete	panel_complete	not_detected	not_detected	not_detected	not_detected	global_desert_PRJNA832417	90.36	2.5	17979	261	True	True	GCA_030775625.1	Bacteria	Pseudomonadota	Gammaproteobacteria	Steroidobacterales	Steroidobacteraceae	Bog-1198	Bog-1198 sp030775625	desert_prefixed_r226		Hietatievat	3.0	False	ANI95_01599	GCA_030775625.1	SAMN27861904;SAMN27861905;SAMN27861906	SAMN28004887	False	False	Hietatievat	1	77.86	desert2025__GCA_030775625.1
desert2025__GCA_030859955.1	not_detected	partial	not_detected	partial	not_detected	not_detected	global_desert_PRJNA832417	94.32	3.3	15871	367	True	True	GCA_030859955.1	Bacteria	Chloroflexota	Limnocylindria	QHBO01	QHBO01	JACDBZ01	JACDBZ01 sp030859955	desert_prefixed_r226		Mojave Desert	3.0	False	ANI95_01990	GCA_030859955.1	SAMN27861880;SAMN27861881;SAMN27861882	SAMN28015923	False	False	Mojave Desert	1	77.82	desert2025__GCA_030859955.1
desert2025__GCA_030777325.1	not_detected	not_detected	not_detected	not_detected	not_detected	not_detected	global_desert_PRJNA832417	92.5	2.96	35812	80	True	True	GCA_030777325.1	Bacteria	Actinomycetota	Acidimicrobiia	Acidimicrobiales	GCA-2861595	YB1-3	YB1-3 sp030777325	desert_prefixed_r226		Gobi Desert - China	3.0	False	ANI95_01659	GCA_030777325.1	SAMN27861898;SAMN27861899;SAMN27861900	SAMN28004818	False	False	Gobi Desert - China	1	77.7	desert2025__GCA_030777325.1
desert2025__GCA_030775645.1	panel_complete	panel_complete	panel_complete	not_detected	not_detected	panel_complete	global_desert_PRJNA832417	99.07	4.38	86958	118	True	True	GCA_030775645.1	Bacteria	Pseudomonadota	Gammaproteobacteria	Steroidobacterales	Steroidobacteraceae	Bog-1198	Bog-1198 sp030775645	desert_prefixed_r226		Hietatievat	3.0	False	ANI95_01600	GCA_030775645.1	SAMN27861904;SAMN27861905;SAMN27861906	SAMN28004884	False	False	Hietatievat	1	77.16999999999999	desert2025__GCA_030775645.1
desert2025__GCA_030948025.1	not_detected	not_detected	not_detected	not_detected	not_detected	not_detected	global_desert_PRJNA832417	93.89	3.38	15691	332	True	True	GCA_030948025.1	Bacteria	Pseudomonadota	Alphaproteobacteria	Rhizobiales	Beijerinckiaceae	Methylocapsa	Methylocapsa sp030948025	desert_prefixed_r226		Kap Hoegh	1.0	False	ANI95_02233	GCA_030948025.1	SAMN27861916	SAMN28015700	False	False	Kap Hoegh	1	76.99000000000001	desert2025__GCA_030948025.1
desert2025__GCA_030853385.1	panel_complete	panel_complete	not_detected	partial	not_detected	not_detected	global_desert_PRJNA832417	97.3	4.07	23767	308	True	True	GCA_030853385.1	Bacteria	Actinomycetota	Actinomycetes	Mycobacteriales	Nakamurellaceae	Nakamurella	Nakamurella sp030853385	desert_prefixed_r226		Lagoon Island	3.0	False	ANI95_01704	GCA_030853385.1	SAMN27861892;SAMN27861893;SAMN27861894	SAMN28015551	False	False	Lagoon Island	1	76.94999999999999	desert2025__GCA_030853385.1
desert2025__GCA_030774675.1	not_detected	partial	not_detected	not_detected	not_detected	not_detected	global_desert_PRJNA832417	95.2	3.66	19058	309	True	True	GCA_030774675.1	Bacteria	Gemmatimonadota	Gemmatimonadetes	Gemmatimonadales	Gemmatimonadaceae	UBA4720	UBA4720 sp030774675	desert_prefixed_r226		Alex Fiord-Dome	3.0	False	ANI95_01562	GCA_030774675.1	SAMN27861913;SAMN27861914;SAMN27861915	SAMN28004933	False	False	Alex Fiord-Dome	1	76.9	desert2025__GCA_030774675.1
desert2025__GCA_030775105.1	not_detected	not_detected	not_detected	not_detected	not_detected	partial	global_desert_PRJNA832417	93.58	3.36	10741	513	True	True	GCA_030775105.1	Bacteria	Pseudomonadota	Gammaproteobacteria	Nevskiales	Nevskiaceae	Fontimonas	Fontimonas sp030775105	desert_prefixed_r226		Cambridge Bay	3.0	False	ANI95_01578	GCA_030775105.1	SAMN27861910;SAMN27861911;SAMN27861912	SAMN28004912	False	False	Cambridge Bay	1	76.78	desert2025__GCA_030775105.1
desert2025__GCA_030862115.1	not_detected	panel_complete	not_detected	not_detected	not_detected	not_detected	global_desert_PRJNA832417	92.39	3.22	14265	283	True	True	GCA_030862115.1	Bacteria	Actinomycetota	CADDZG01	CADDZG01	WHSQ01	JALZEK01	JALZEK01 sp030862115	desert_prefixed_r226		Negev Desert	3.0	False	ANI95_02086	GCA_030862115.1	SAMN27861865;SAMN27861866;SAMN27861867	SAMN28015797	False	False	Negev Desert	1	76.28999999999999	desert2025__GCA_030862115.1
desert2025__GCA_030857985.1	not_detected	not_detected	not_detected	not_detected	not_detected	not_detected	global_desert_PRJNA832417	96.41	4.12	12081	329	True	True	GCA_030857985.1	Bacteria	Actinomycetota	Actinomycetes	Propionibacteriales	Nocardioidaceae	JALZMX01	JALZMX01 sp030857985	desert_prefixed_r226		Mount Seuss	3.0	False	ANI95_01864	GCA_030857985.1	SAMN27861886;SAMN27861887;SAMN27861888	SAMN28016020	False	False	McMurdo Dry Valleys;Mount Seuss	2	75.81	desert2025__GCA_030857985.1
desert2025__GCA_030854615.1	panel_complete	panel_complete	not_detected	not_detected	not_detected	not_detected	global_desert_PRJNA832417	93.51	3.57	12020	444	True	True	GCA_030854615.1	Bacteria	Gemmatimonadota	Gemmatimonadetes	Gemmatimonadales	Gemmatimonadaceae	FEN-1250	FEN-1250 sp030854615	desert_prefixed_r226		Livingston Island	3.0	False	ANI95_01760	GCA_030854615.1	SAMN27861889;SAMN27861890;SAMN27861891	SAMN28015490	False	False	Livingston Island	1	75.66000000000001	desert2025__GCA_030854615.1
desert2025__GCA_030776205.1	panel_complete	panel_complete	not_detected	not_detected	not_detected	not_detected	global_desert_PRJNA832417	93.71	3.62	14158	508	True	True	GCA_030776205.1	Bacteria	Myxococcota	Polyangia	Polyangiales	Polyangiaceae	Palsa-1150	Palsa-1150 sp030776205	desert_prefixed_r226		Hietatievat	3.0	False	ANI95_01617	GCA_030776205.1	SAMN27861904;SAMN27861905;SAMN27861906	SAMN28004860	False	False	Hietatievat	1	75.60999999999999	desert2025__GCA_030776205.1
desert2025__GCA_030775685.1	panel_complete	partial	not_detected	not_detected	not_detected	not_detected	global_desert_PRJNA832417	99.99	4.96	153289	89	True	True	GCA_030775685.1	Bacteria	Bacteroidota	Bacteroidia	Sphingobacteriales	Sphingobacteriaceae	Mucilaginibacter	Mucilaginibacter sp030775685	desert_prefixed_r226		Hietatievat	3.0	False	ANI95_01601	GCA_030775685.1	SAMN27861904;SAMN27861905;SAMN27861906	SAMN28004880	False	False	Hietatievat	1	75.19	desert2025__GCA_030775685.1
desert2025__GCA_030776765.1	not_detected	not_detected	not_detected	not_detected	not_detected	not_detected	global_desert_PRJNA832417	92.04	3.45	9989	308	True	True	GCA_030776765.1	Bacteria	Actinomycetota	Acidimicrobiia	UBA5794	JALYHC01	JALYHC01	JALYHC01 sp030776765	desert_prefixed_r226		Gobi Desert - China	3.0	False	ANI95_01635	GCA_030776765.1	SAMN27861898;SAMN27861899;SAMN27861900	SAMN28004841	False	False	Gobi Desert - China	1	74.79	desert2025__GCA_030776765.1
desert2025__GCA_030773375.1	not_detected	panel_complete	not_detected	not_detected	not_detected	not_detected	global_desert_PRJNA832417	90.4	3.27	8366	567	True	True	GCA_030773375.1	Bacteria	Pseudomonadota	Alphaproteobacteria	Sphingomonadales	Sphingomonadaceae	Allosphingosinicella	Allosphingosinicella sp030773375	desert_prefixed_r226		Atacama Desert	1.0	False	ANI95_01507	GCA_030773375.1	SAMN27861919	SAMN28004999	False	False	Atacama Desert	1	74.05000000000001	desert2025__GCA_030773375.1
desert2025__GCA_030948775.1	panel_complete	panel_complete	not_detected	partial	not_detected	not_detected	global_desert_PRJNA832417	95.68	4.34	36673	212	True	True	GCA_030948775.1	Bacteria	Chloroflexota	Dormibacteria	Dormibacterales	Dormibacteraceae	Nephthysia	Nephthysia sp955652675	desert_prefixed_r226		Kap Hoegh	3.0	False	ANI95_02263	GCA_030948775.1	SAMN27861916;SAMN27861917;SAMN27861918	SAMN28015667	False	False	Kap Hoegh	1	73.98	desert2025__GCA_030948775.1
desert2025__GCA_030855955.1	not_detected	not_detected	not_detected	not_detected	not_detected	not_detected	global_desert_PRJNA832417	98.18	4.97	16054	70	True	True	GCA_030855955.1	Bacteria	Patescibacteriota	Saccharimonadia	Saccharimonadales	JACDBH01	JALYQY01	JALYQY01 sp030855955	desert_prefixed_r226		McMurdo Dry Valleys	3.0	False	ANI95_01823	GCA_030855955.1	SAMN27861883;SAMN27861884;SAMN27861885	SAMN28015424	False	False	McMurdo Dry Valleys	1	73.33000000000001	desert2025__GCA_030855955.1
desert2025__GCA_030948965.1	not_detected	panel_complete	not_detected	not_detected	not_detected	not_detected	global_desert_PRJNA832417	90.61	3.73	11854	351	True	True	GCA_030948965.1	Bacteria	Chloroflexota	Dormibacteria	Dormibacterales	Dormibacteraceae	Dormiibacter	Dormiibacter sp030948965	desert_prefixed_r226		Kap Hoegh	3.0	False	ANI95_02272	GCA_030948965.1	SAMN27861916;SAMN27861917;SAMN27861918	SAMN28015656	False	False	Kap Hoegh	1	71.96000000000001	desert2025__GCA_030948965.1
desert2025__GCA_030948665.1	panel_complete	panel_complete	not_detected	partial	not_detected	not_detected	global_desert_PRJNA832417	92.51	4.19	28451	253	True	True	GCA_030948665.1	Bacteria	Actinomycetota	Thermoleophilia	Solirubrobacterales	Solirubrobacteraceae	Palsa-465	Palsa-465 sp030948665	desert_prefixed_r226		Kap Hoegh	3.0	False	ANI95_02257	GCA_030948665.1	SAMN27861916;SAMN27861917;SAMN27861918	SAMN28015674	False	False	Kap Hoegh	1	71.56	desert2025__GCA_030948665.1
desert2025__GCA_030855855.1	not_detected	not_detected	not_detected	not_detected	not_detected	not_detected	global_desert_PRJNA832417	92.07	4.35	16852	392	True	True	GCA_030855855.1	Bacteria	Bacteroidota	Bacteroidia	Palsa-965	Palsa-965	GCA-2737665	GCA-2737665 sp030855855	desert_prefixed_r226		McMurdo Dry Valleys	3.0	False	ANI95_01819	GCA_030855855.1	SAMN27861883;SAMN27861884;SAMN27861885	SAMN28015427	False	False	McMurdo Dry Valleys	1	70.32	desert2025__GCA_030855855.1
