analysis	domain	strict	block_definition	excluded_source	fit_status	n_genomes	n_sources	n_exchangeable_blocks	reduced_rank	full_rank	maintenance_modules	energy_modules	dropped_maintenance_modules	dropped_energy_modules	maintenance_source_partial_r2	maintenance_upper_tail_p	maintenance_null_z	energy_source_partial_r2	energy_upper_tail_p	energy_null_z	energy_minus_maintenance	difference_null_mean	difference_null_low_95	difference_null_high_95	difference_null_z	difference_p_two_sided	permutations	seed
primary_bacteria_tree_lineage	Bacteria	FALSE	lineage_id		ok	2693	7	30	32	38	5	2	""	light_energy	0.0500639985319616	1e-04	84.5815204551565	0.0219316714306687	1e-04	24.1012505892762	-0.028132327101293	-0.000377185839989529	-0.00217326047502283	0.00187531907481318	-27.5387616360071	1e-04	9999	20260803
strict_bacteria_tree_lineage	Bacteria	TRUE	lineage_id		ok	813	7	24	26	32	5	2	""	light_energy	0.0696027225008918	1e-04	32.9998487442671	0.0283033488927436	1e-04	7.95799979285448	-0.0412993736081483	-0.00118864759833464	-0.00716992048907572	0.00629405163050505	-11.6705544659756	1e-04	9999	20260804
primary_bacteria_GTDB_class	Bacteria	FALSE	class		ok	2681	7	44	46	52	5	2	""	light_energy	0.049628660029606	1e-04	81.4701946097362	0.0282862865939371	1e-04	30.0471183605459	-0.0213423734356689	-0.000388142335845709	-0.00222230822950645	0.00196214567958074	-19.8542435198647	1e-04	9999	20260805
primary_bacteria_GTDB_order	Bacteria	FALSE	order		ok	2466	7	89	91	97	5	2	""	light_energy	0.0426641828831907	1e-04	62.7602752640978	0.0158400457772856	1e-04	13.5974159212935	-0.0268241371059051	-0.000407745733479777	-0.00249506967742512	0.00228947672383085	-22.0559887841891	1e-04	9999	20260806
boundary_archaea_tree_lineage	Archaea	FALSE	lineage_id		ok	233	6	6	8	13	4	3	dormancy_resuscitation	""	0.0820734644578964	1e-04	8.33104662949986	0.170082518550763	1e-04	13.8791556528724	0.0880090540928661	-0.00327714855356643	-0.0235075901301068	0.0299684394278549	7.14037395252931	1e-04	9999	20260807
boundary_strict_archaea_tree_lineage	Archaea	TRUE	lineage_id		ok	31	6	4	6	11	4	2	dormancy_resuscitation	sulfur_chemolithotrophy	0.406671446509005	0.0039	3.09265901297647	0.533701704348508	1e-04	4.15659513749473	0.127030257839502	0.0065744582424628	-0.182792035403971	0.205979317762023	1.208520456242	0.2295	9999	20260808
LOO_primary_bacteria_without_alaska_permafrost_reference	Bacteria	FALSE	lineage_id	alaska_permafrost_reference	ok	2179	6	27	29	34	5	2	""	light_energy	0.0493279996168439	5e-04	74.8810325810034	0.00791420240254959	5e-04	6.52628633992789	-0.0414137972142943	-0.000407576582892852	-0.00232328530757816	0.00217642488074852	-36.5600869108277	5e-04	1999	20260904
LOO_primary_bacteria_without_atacama_halite_rainfall_prjna484015	Bacteria	FALSE	lineage_id	atacama_halite_rainfall_prjna484015	ok	2677	6	29	31	36	5	2	""	light_energy	0.0494261264173171	5e-04	94.6458611485421	0.0221007494393778	5e-04	25.5489264708228	-0.0273253769779394	-0.000251530012408169	-0.00190642492472976	0.00190070940789743	-28.3495891995672	5e-04	1999	20260905
LOO_primary_bacteria_without_atacama_salt_crust_prjna351262	Bacteria	FALSE	lineage_id	atacama_salt_crust_prjna351262	ok	2676	6	30	32	37	5	2	""	light_energy	0.0498314126973504	5e-04	87.5819572911791	0.0217938419366002	5e-04	23.884234353961	-0.0280375707607502	-0.000123386305333262	-0.0018416843561455	0.00198636120298589	-28.0709295904514	5e-04	1999	20260906
LOO_primary_bacteria_without_australian_basalt_lava_tubes_bay_2025	Bacteria	FALSE	lineage_id	australian_basalt_lava_tubes_bay_2025	ok	2118	6	26	28	33	5	2	""	light_energy	0.0546535652998014	5e-04	80.6458814344632	0.0234474328082157	5e-04	22.4722867892486	-0.0312061324915857	-0.00042474547491904	-0.00248678011772542	0.00227613664880628	-26.3551528761596	5e-04	1999	20260907
LOO_primary_bacteria_without_mauna_loa_lava_tube_fishman_2023	Bacteria	FALSE	lineage_id	mauna_loa_lava_tube_fishman_2023	ok	2596	6	29	31	36	5	2	""	light_energy	0.0476891378226104	5e-04	86.4633675423662	0.0181291717928661	5e-04	21.3179007969805	-0.0295599660297443	-0.000279503673786925	-0.00188291447940775	0.00180981137617129	-31.0887670201533	5e-04	1999	20260908
LOO_primary_bacteria_without_qaidam_basin_mmag_1773	Bacteria	FALSE	lineage_id	qaidam_basin_mmag_1773	ok	1500	6	27	29	34	5	2	""	light_energy	0.0330883679017932	5e-04	32.5927831930904	0.0243350252094939	5e-04	17.2574937940607	-0.00875334269229922	-0.000751207905838163	-0.00358708346331327	0.00270889769924283	-5.1031188391487	0.001	1999	20260909
LOO_primary_bacteria_without_stordalen_mire_2019_hybrid_mags	Bacteria	FALSE	lineage_id	stordalen_mire_2019_hybrid_mags	ok	2343	6	24	26	31	5	2	""	light_energy	0.0407874897894155	5e-04	65.0683944568195	0.022752499148075	5e-04	24.096821933478	-0.0180349906413405	-0.000433817913342666	-0.00231201941148341	0.0019056547076078	-16.6437674994964	5e-04	1999	20260910
