genome_id	sample_id	region_group	water_percent	EC_dS_m	pH	TOC_value	TOC_censored
NEE56_mackay__GCA_013821465.1	BG12-2	Benson Glacier	2.5173611111111036	0.04665	8.77	0.02	True
NEE56_mackay__GCA_013821425.1	BG12-2	Benson Glacier	2.5173611111111036	0.04665	8.77	0.02	True
NEE56_mackay__GCA_013821375.1	BG12-2	Benson Glacier	2.5173611111111036	0.04665	8.77	0.02	True
NEE56_mackay__GCA_013821365.1	BG12-2	Benson Glacier	2.5173611111111036	0.04665	8.77	0.02	True
NEE56_mackay__GCA_013821325.1	BG12-2	Benson Glacier	2.5173611111111036	0.04665	8.77	0.02	True
NEE56_mackay__GCA_013821315.1	BG12-2	Benson Glacier	2.5173611111111036	0.04665	8.77	0.02	True
NEE56_mackay__GCA_013821305.1	BG12-2	Benson Glacier	2.5173611111111036	0.04665	8.77	0.02	True
NEE56_mackay__GCA_013821265.1	BG12-2	Benson Glacier	2.5173611111111036	0.04665	8.77	0.02	True
NEE56_mackay__GCA_013821245.1	BG12-2	Benson Glacier	2.5173611111111036	0.04665	8.77	0.02	True
NEE56_mackay__GCA_013821205.1	SP-2	Spaulding Pond	0.5783689994216391	0.20207	9.74	0.0497	False
NEE56_mackay__GCA_013821195.1	SP-2	Spaulding Pond	0.5783689994216391	0.20207	9.74	0.0497	False
NEE56_mackay__GCA_013821145.1	SP-2	Spaulding Pond	0.5783689994216391	0.20207	9.74	0.0497	False
NEE56_mackay__GCA_013821125.1	SP-2	Spaulding Pond	0.5783689994216391	0.20207	9.74	0.0497	False
NEE56_mackay__GCA_013821115.1	SP-2	Spaulding Pond	0.5783689994216391	0.20207	9.74	0.0497	False
NEE56_mackay__GCA_013821095.1	SP-2	Spaulding Pond	0.5783689994216391	0.20207	9.74	0.0497	False
NEE56_mackay__GCA_013821085.1	SP-2	Spaulding Pond	0.5783689994216391	0.20207	9.74	0.0497	False
NEE56_mackay__GCA_013821005.1	SP-2	Spaulding Pond	0.5783689994216391	0.20207	9.74	0.0497	False
NEE56_mackay__GCA_013821025.1	SP-2	Spaulding Pond	0.5783689994216391	0.20207	9.74	0.0497	False
NEE56_mackay__GCA_013820975.1	FI-1	Flatiron	6.662804171494797	0.50057	10.2	0.0741	False
NEE56_mackay__GCA_013820985.1	FI-1	Flatiron	6.662804171494797	0.50057	10.2	0.0741	False
NEE56_mackay__GCA_013820965.1	FI-1	Flatiron	6.662804171494797	0.50057	10.2	0.0741	False
NEE56_mackay__GCA_013820915.1	FI-1	Flatiron	6.662804171494797	0.50057	10.2	0.0741	False
NEE56_mackay__GCA_013820885.1	FI-1	Flatiron	6.662804171494797	0.50057	10.2	0.0741	False
NEE56_mackay__GCA_013820865.1	FI-1	Flatiron	6.662804171494797	0.50057	10.2	0.0741	False
NEE56_mackay__GCA_013820875.1	FI-1	Flatiron	6.662804171494797	0.50057	10.2	0.0741	False
NEE56_mackay__GCA_013820855.1	FI-1	Flatiron	6.662804171494797	0.50057	10.2	0.0741	False
NEE56_mackay__GCA_013817655.1	MS4-1	Mount Seuss	3.3603707995365104	0.22097	8.9	0.0649	False
NEE56_mackay__GCA_013817595.1	MS4-1	Mount Seuss	3.3603707995365104	0.22097	8.9	0.0649	False
NEE56_mackay__GCA_013817565.1	MS5-1	Mount Seuss	4.6376811594202945	0.13371	9.37	0.02	True
NEE56_mackay__GCA_013817555.1	MS4-1	Mount Seuss	3.3603707995365104	0.22097	8.9	0.0649	False
NEE56_mackay__GCA_013817545.1	MS4-1	Mount Seuss	3.3603707995365104	0.22097	8.9	0.0649	False
NEE56_mackay__GCA_013817465.1	MS5-1	Mount Seuss	4.6376811594202945	0.13371	9.37	0.02	True
NEE56_mackay__GCA_013817485.1	MS5-1	Mount Seuss	4.6376811594202945	0.13371	9.37	0.02	True
NEE56_mackay__GCA_013817455.1	MS5-1	Mount Seuss	4.6376811594202945	0.13371	9.37	0.02	True
NEE56_mackay__GCA_013817435.1	MS5-1	Mount Seuss	4.6376811594202945	0.13371	9.37	0.02	True
NEE56_mackay__GCA_013817425.1	MS5-1	Mount Seuss	4.6376811594202945	0.13371	9.37	0.02	True
NEE56_mackay__GCF_013817365.1	MS5-1	Mount Seuss	4.6376811594202945	0.13371	9.37	0.02	True
NEE56_mackay__GCA_013817375.1	MS6-5	Mount Seuss	3.946637020566986	0.2985799999999999	10.24	0.0215	False
NEE56_mackay__GCA_013817355.1	MS6-5	Mount Seuss	3.946637020566986	0.2985799999999999	10.24	0.0215	False
NEE56_mackay__GCF_013817345.1	MS6-5	Mount Seuss	3.946637020566986	0.2985799999999999	10.24	0.0215	False
NEE56_mackay__GCA_013817305.1	MS6-5	Mount Seuss	3.946637020566986	0.2985799999999999	10.24	0.0215	False
NEE56_mackay__GCA_013817245.1	MS6-5	Mount Seuss	3.946637020566986	0.2985799999999999	10.24	0.0215	False
NEE56_mackay__GCA_013817265.1	MS6-5	Mount Seuss	3.946637020566986	0.2985799999999999	10.24	0.0215	False
NEE56_mackay__GCA_013817225.1	MS6-5	Mount Seuss	3.946637020566986	0.2985799999999999	10.24	0.0215	False
NEE56_mackay__GCF_013817205.1	MS6-5	Mount Seuss	3.946637020566986	0.2985799999999999	10.24	0.0215	False
NEE56_mackay__GCA_013817175.1	MS6-5	Mount Seuss	3.946637020566986	0.2985799999999999	10.24	0.0215	False
NEE56_mackay__GCA_013817135.1	MS6-5	Mount Seuss	3.946637020566986	0.2985799999999999	10.24	0.0215	False
NEE56_mackay__GCA_013817115.1	MS6-5	Mount Seuss	3.946637020566986	0.2985799999999999	10.24	0.0215	False
NEE56_mackay__GCA_013817125.1	MS7-5	Mount Seuss	5.077452667814102	0.40605	9.2	0.176	False
NEE56_mackay__GCA_013817085.1	MS7-5	Mount Seuss	5.077452667814102	0.40605	9.2	0.176	False
NEE56_mackay__GCA_013817065.1	MS7-5	Mount Seuss	5.077452667814102	0.40605	9.2	0.176	False
NEE56_mackay__GCA_013817045.1	MS7-5	Mount Seuss	5.077452667814102	0.40605	9.2	0.176	False
NEE56_mackay__GCA_013817025.1	MS7-5	Mount Seuss	5.077452667814102	0.40605	9.2	0.176	False
NEE56_mackay__GCA_013817005.1	MS7-5	Mount Seuss	5.077452667814102	0.40605	9.2	0.176	False
NEE56_mackay__GCA_013816965.1	MS7-5	Mount Seuss	5.077452667814102	0.40605	9.2	0.176	False
NEE56_mackay__GCA_013816955.1	MS7-5	Mount Seuss	5.077452667814102	0.40605	9.2	0.176	False
NEE56_mackay__GCA_013816925.1	MS7-5	Mount Seuss	5.077452667814102	0.40605	9.2	0.176	False
NEE56_mackay__GCA_013816895.1	MG3-2	Mackay Glacier	2.631578947368417	0.01948	7.47	0.0229	False
NEE56_mackay__GCA_013816885.1	MS7-5	Mount Seuss	5.077452667814102	0.40605	9.2	0.176	False
NEE56_mackay__GCA_013816855.1	MG3-2	Mackay Glacier	2.631578947368417	0.01948	7.47	0.0229	False
NEE56_mackay__GCA_013816845.1	MG3-2	Mackay Glacier	2.631578947368417	0.01948	7.47	0.0229	False
NEE56_mackay__GCF_013816785.1	MG3-2	Mackay Glacier	2.631578947368417	0.01948	7.47	0.0229	False
NEE56_mackay__GCA_013816765.1	MG3-2	Mackay Glacier	2.631578947368417	0.01948	7.47	0.0229	False
NEE56_mackay__GCA_013816805.1	MG3-2	Mackay Glacier	2.631578947368417	0.01948	7.47	0.0229	False
NEE56_mackay__GCA_013816725.1	MG3-2	Mackay Glacier	2.631578947368417	0.01948	7.47	0.0229	False
NEE56_mackay__GCA_013816705.1	MG3-2	Mackay Glacier	2.631578947368417	0.01948	7.47	0.0229	False
NEE56_mackay__GCA_013816645.1	MG6-4	Mackay Glacier	2.023706273489456	0.02476	8.17	0.02	True
NEE56_mackay__GCA_013816695.1	MG3-2	Mackay Glacier	2.631578947368417	0.01948	7.47	0.0229	False
NEE56_mackay__GCA_013816685.1	MG3-2	Mackay Glacier	2.631578947368417	0.01948	7.47	0.0229	False
NEE56_mackay__GCA_013816615.1	MG6-4	Mackay Glacier	2.023706273489456	0.02476	8.17	0.02	True
NEE56_mackay__GCA_013816595.1	MG3-2	Mackay Glacier	2.631578947368417	0.01948	7.47	0.0229	False
NEE56_mackay__GCA_013816585.1	MG6-4	Mackay Glacier	2.023706273489456	0.02476	8.17	0.02	True
NEE56_mackay__GCA_013816565.1	MG6-4	Mackay Glacier	2.023706273489456	0.02476	8.17	0.02	True
NEE56_mackay__GCA_013816525.1	MG6-4	Mackay Glacier	2.023706273489456	0.02476	8.17	0.02	True
NEE56_mackay__GCA_013816505.1	MG6-4	Mackay Glacier	2.023706273489456	0.02476	8.17	0.02	True
NEE56_mackay__GCA_013816485.1	MG6-4	Mackay Glacier	2.023706273489456	0.02476	8.17	0.02	True
NEE56_mackay__GCA_013816455.1	MG6-4	Mackay Glacier	2.023706273489456	0.02476	8.17	0.02	True
NEE56_mackay__GCA_013816445.1	MGM-3	Mount Murray	4.878048780487804	0.04088	8.14	0.0238	False
NEE56_mackay__GCA_013816415.1	MGM-3	Mount Murray	4.878048780487804	0.04088	8.14	0.0238	False
NEE56_mackay__GCA_013816405.1	MGM-3	Mount Murray	4.878048780487804	0.04088	8.14	0.0238	False
NEE56_mackay__GCA_013816375.1	MGM-3	Mount Murray	4.878048780487804	0.04088	8.14	0.0238	False
NEE56_mackay__GCA_013816365.1	MGM-3	Mount Murray	4.878048780487804	0.04088	8.14	0.0238	False
NEE56_mackay__GCA_013816325.1	MGM-3	Mount Murray	4.878048780487804	0.04088	8.14	0.0238	False
NEE56_mackay__GCA_013816275.1	MGM-3	Mount Murray	4.878048780487804	0.04088	8.14	0.0238	False
NEE56_mackay__GCA_013816265.1	MGM-3	Mount Murray	4.878048780487804	0.04088	8.14	0.0238	False
NEE56_mackay__GCA_013816255.1	MGM-3	Mount Murray	4.878048780487804	0.04088	8.14	0.0238	False
NEE56_mackay__GCA_013816245.1	MGM-3	Mount Murray	4.878048780487804	0.04088	8.14	0.0238	False
NEE56_mackay__GCA_013816225.1	MGM-3	Mount Murray	4.878048780487804	0.04088	8.14	0.0238	False
NEE56_mackay__GCA_013816185.1	MtG22-5	Mount Gran	1.4752675730402025	0.13182	8.7	0.252	False
NEE56_mackay__GCA_013816125.1	MtG22-5	Mount Gran	1.4752675730402025	0.13182	8.7	0.252	False
NEE56_mackay__GCA_013816135.1	MGM-3	Mount Murray	4.878048780487804	0.04088	8.14	0.0238	False
NEE56_mackay__GCA_013816105.1	MtG22-5	Mount Gran	1.4752675730402025	0.13182	8.7	0.252	False
NEE56_mackay__GCA_013816115.1	MtG22-5	Mount Gran	1.4752675730402025	0.13182	8.7	0.252	False
NEE56_mackay__GCF_013815995.1	MtG-4	Mount Gran	3.7197231833910007	0.05043	9.03	0.102	False
NEE56_mackay__GCA_013815985.1	MtG-4	Mount Gran	3.7197231833910007	0.05043	9.03	0.102	False
NEE56_mackay__GCA_013816005.1	MtG22-5	Mount Gran	1.4752675730402025	0.13182	8.7	0.252	False
NEE56_mackay__GCA_013815965.1	MtG-4	Mount Gran	3.7197231833910007	0.05043	9.03	0.102	False
NEE56_mackay__GCA_013815875.1	MtG-4	Mount Gran	3.7197231833910007	0.05043	9.03	0.102	False
NEE56_mackay__GCA_013815915.1	MtG-4	Mount Gran	3.7197231833910007	0.05043	9.03	0.102	False
NEE56_mackay__GCA_013815905.1	MtG-4	Mount Gran	3.7197231833910007	0.05043	9.03	0.102	False
NEE56_mackay__GCA_013815805.1	MtG-4	Mount Gran	3.7197231833910007	0.05043	9.03	0.102	False
NEE56_mackay__GCA_013815795.1	MtG-4	Mount Gran	3.7197231833910007	0.05043	9.03	0.102	False
NEE56_mackay__GCA_013815765.1	MtG-4	Mount Gran	3.7197231833910007	0.05043	9.03	0.102	False
NEE56_mackay__GCA_013815775.1	MtG-4	Mount Gran	3.7197231833910007	0.05043	9.03	0.102	False
NEE56_mackay__GCA_013815785.1	MtG-4	Mount Gran	3.7197231833910007	0.05043	9.03	0.102	False
NEE56_mackay__GCA_013815725.1	TG1-5	Towle Glacier	1.476976542137266	0.01499	7.76	0.02	True
NEE56_mackay__GCA_013815685.1	TG1-5	Towle Glacier	1.476976542137266	0.01499	7.76	0.02	True
NEE56_mackay__GCA_013815715.1	MtG-4	Mount Gran	3.7197231833910007	0.05043	9.03	0.102	False
NEE56_mackay__GCA_013815675.1	TG1-5	Towle Glacier	1.476976542137266	0.01499	7.76	0.02	True
NEE56_mackay__GCA_013815665.1	TG1-5	Towle Glacier	1.476976542137266	0.01499	7.76	0.02	True
NEE56_mackay__GCA_013815635.1	TG5-1	Towle Glacier	1.288290867449172	0.03132	8.66	0.0351	False
NEE56_mackay__GCA_013815585.1	TG1-5	Towle Glacier	1.476976542137266	0.01499	7.76	0.02	True
NEE56_mackay__GCA_013815575.1	TG5-1	Towle Glacier	1.288290867449172	0.03132	8.66	0.0351	False
NEE56_mackay__GCA_013815565.1	TG5-1	Towle Glacier	1.288290867449172	0.03132	8.66	0.0351	False
NEE56_mackay__GCA_013815505.1	TG5-1	Towle Glacier	1.288290867449172	0.03132	8.66	0.0351	False
NEE56_mackay__GCA_013815485.1	TG5-1	Towle Glacier	1.288290867449172	0.03132	8.66	0.0351	False
