claim_id	claim_short	manuscript_location	linked_figure	key_value	evidence_file_in_repo	external_input_needed	status
C01	4,213 original MAGs -> 3,904 primary -> 1,072 strict -> 3,079 ANI95 (2,845 bacteria/233 archaea/1 unclassified)	Results: A genome-resolved comparison	Fig1	4213/3904/1072/3079	data/derived/figure1_cohort_counts.tsv	41/host/primary_quality_taxonomy_ANI.tsv (4,921 rows superset)	existing-not-retested
C02	Annotation-audited core = 65 KOs (43 maintenance/18 energy/4 surface, 9 modules); restoration panel 74 KO	Methods: Annotation	Fig1/Fig4	data/derived/figure1_module_means.tsv (9 modules)	data/derived/figure1_module_means.tsv;data/upstream/panel_repair/amended_inputs/core65_panel.tsv;data/upstream/panel_repair/amended_inputs/restored74_panel.tsv	(panel definitions now bundled)	verified-in-metadata
C03	260 core KO-by-domain-by-quality combos; 211 informative; bacterial source-preserving null: 42/43 maintenance + 14/15 energy clustered; restoration 51/52	Results: Widely occurring markers	FigS3	42/43,14/15,51/52	data/derived/figure2_clustered_counts.tsv	(bundled: data/upstream/panel_repair/recurrence/KO_recurrence_null_results.csv)	verified
C04	Archaeal primary tree: 15/33 maintenance + 6/11 energy clustered; only 5 maintenance in 34-genome strict subset	Results: Widely occurring markers	FigS3	15/33,6/11,5	data/derived/figure2_clustered_counts.tsv	(bundled: data/upstream/panel_repair/recurrence/KO_recurrence_null_results.csv)	verified
C05	Mobile-context energy-vs-maintenance adjusted OR 2.210 (0.864-5.649) primary; 3.290 (0.872-12.417) strict	Results: Widely occurring markers	-	2.210/3.290	(none copied)	15/34 mobile-context corrected models; geNomad outputs	external-input-required
C06	Source partial R2: maintenance 5.0064% vs energy 2.1932%; difference 2.813 pp; 95% conditional range -1.016..5.280 pp	Results: maintenance-energy contrast	Fig3	5.0064/2.1932/2.813/-1.016..5.280	data/derived/paired_uncertainty.tsv + module_decomposition.tsv	(bundled: data/upstream/panel_repair/portfolio/portfolio_core65_portfolio_source_partition_summary.tsv)	verified
C07	Strict strata: 813 reps/24 blocks; difference 4.130 pp; range 1.297..8.071 pp	Results: maintenance-energy contrast	Fig3	4.130/1.297..8.071	data/derived/paired_uncertainty.tsv	(bundled: data/upstream/panel_repair/portfolio/portfolio_core65_portfolio_source_partition_summary.tsv)	verified
C08	Solute/ion module source partial R2 12.322% (largest); omitting it -> 0.441 pp; equal subgroup weighting -> 0.319 pp (range -2.807..2.553)	Results: maintenance-energy contrast	Fig3	12.322/0.441/0.319	data/derived/equal_submodule_uncertainty.tsv;data/derived/module_decomposition.tsv	(bundled: data/upstream/panel_repair/portfolio/portfolio_core65_portfolio_source_partition_summary.tsv)	verified
C09	Solute/ion subgroups: Kdp 44.745% vs 0.138-6.381%; equal subgroup weighting lowers aggregate 12.322%->2.145%	Results: Specific gene combinations	Fig4	44.745/0.138-6.381/12.322->2.145	data/derived/submodule_decomposition.tsv	(bundled: data/upstream/panel_repair/portfolio/portfolio_core65_portfolio_source_partition_summary.tsv)	verified
C10	1,061 reps/30 families: KdpABC 18.720%, KdpDE 21.647%, ProVWX 1.249%, EctABC 4.296%, BetAB 0.397%	Results: Specific gene combinations	Fig4b	18.720/21.647/1.249/4.296/0.397	data/derived/figure4_family_associations.tsv	(bundled: data/upstream/cohorts/original_primary_system_states.tsv)	verified
C11	Identifier proximity proxy: 271/312, 325/362, 51/66, 54/60, 33/46	Results: Specific gene combinations	Fig4c	271/312 etc.	data/derived/system_context_summary.tsv	(bundled: data/upstream/context/original_target_proteins.tsv)	verified
C12	Additional dryland catalogue: 826 MAGs (783 Bacteria/43 Archaea); 739 primary + 154 stringent representatives	Results: Dryland genomes	Fig5	826/783/43/739/154	(none copied)	(bundled: data/upstream/cohorts/new_catalogue/alignment_summary.json)	existing-not-retested
C13	Strict dryland: KdpABC 38/43 all-marker; ProVWX 17/18; EctABC 1/11; BetAB 10/39	Results: Dryland genomes	Fig5a	38/43,17/18,1/11,10/39	data/derived/system_state_summary.tsv	(bundled: data/upstream/cohorts/new_desert_strict_system_states.tsv)	verified
C14	10 kb same contig+strand: KdpABC 35/38, KdpDE 45/50, ProVWX 12/17, BetAB 9/10	Results: Dryland genomes	Fig5b	35/38,45/50,12/17,9/10	data/derived/system_context_summary.tsv	(bundled: data/upstream/context/strict_compact_locus_candidates.tsv)	verified
C15	Primary dryland comparison retains 147 reps/5 families/22 groups; KdpABC site partial R2 15.125% -> 0.147% after df adjustment	Results: Dryland genomes	Fig5c	147/5/22	15.125/0.147 data/derived/lineage_group_support.tsv	(bundled: data/upstream/cohorts/lineage_group_associations.tsv)	existing-not-retested
C16	75 deposited field samples -> 25 labels; primary reps 561 (3 parents) + 178 (1 parent); parent spans Drass 54.6/Kalahari 37.8/Richtersveld 23.6/N.Australian 14.0 km	Results: Mars analogue relevance	data/accessions/Supplementary_Table_S1_site_scope.tsv	54.6/37.8/23.6/14.0	data/accessions/Supplementary_Table_S1_site_scope.tsv	none	verified-in-metadata
C17	Six regional candidates contain 301 primary + 70 stringent representatives; gate retains only 41 primary in 2 families	Results: Mars analogue relevance	data/accessions/Supplementary_Table_S1_site_scope.tsv	301/70/41	data/accessions/Supplementary_Table_S1_site_scope.tsv	none	verified-in-metadata
C18	Bayesian ordinal: 879 strict reps/7 sources/272 family paths; Stordalen-Qaidam osmotic-marker support +17.70 pp (14.12-21.16); shared-family 17.04 (12.66-21.22); priors 17.14-17.93	Results: Source-associated repertoires	FigS2	17.70/17.04/17.14-17.93	data/derived/figS2_source_profile_posteriors.tsv	15 summary tables (external)	existing-not-retested
C19	Within-Qaidam: 1,484 MAGs/54 samples/16 sites; strict 330/39/15; 60 contrasts medians -0.10..0.20 pp; EC negative prob 97.0% (unpooled) vs 71.6% (main)	Results: Source-associated repertoires	-	-0.10..0.20/97.0/71.6	(none copied)	15 Qaidam environment models (external)	external-input-required
C20	Carbon-route linkage: 1,492 bacterial MAGs/58 samples/17 sites; strict 349 reps, 5 route-positive in 4 samples/2 sites/3 families	Results: Reaction-level evidence	-	1492/5	(none copied)	34 existing_carbon_environment_link.tsv + legacy route calls (external)	external-input-required
C21	Independent recruitment: 58/65 dual-mate (43 maintenance, 11/18 energy, 4/4 surface); restoration 63/74	Results: Reaction-level evidence	FigS4	58/65,63/74	data/upstream/figs4/core65/Figure5A_strategy_detection.csv;data/upstream/figs4/core65/Figure5C_threshold_breadth.csv;data/upstream/figs4/WGS_evidence_core65/independent_WGS_sample_summary.tsv	raw reads / DIAMOND recruitment alignments (not bundled)	verified
C22	DPFQ008: 63 proteins/61 MAGs/58 ANI95/4 catalogues (56 Qaidam,3 Mauna Loa,2 Aust,2 Alaska); 62 Actinomycetota/1 Gemmatimonadota; ProtNote 0.815, mDeepFRI 0.114, DPFunc rank 648/8.26e-6	Results: AI-prioritized candidate	Fig6	data/accessions/Supplementary_Table_S3_candidate_evidence.tsv	data/accessions/Supplementary_Table_S3_candidate_evidence.tsv;data/upstream/fig6_dpfq008/Figure3_DPFQ008_lineage_context.svg;data/upstream/fig6_dpfq008/hits/DPFQ008_HMM_hit_architecture.tsv	AI model checkpoints / InterPro vectors (not bundled)	verified
C23	DPFQ008 gene- vs host-tree distance Spearman r=0.666 (P=0.0001); excluding Q-Q pairs 378 pairs r=0.305	Results: AI-prioritized candidate	Fig6b	0.666/0.305	data/upstream/fig6_dpfq008/congruence/DPFQ008_gene_host_tree_congruence.tsv;data/upstream/fig6_dpfq008/tree/DPFQ008_strict63.treefile;data/upstream/fig6_dpfq008/Source_Data/Figure3_tree_sensitivity.csv	(bundled)	verified-in-metadata
C24	DPFQ008 context: 54/63 proteins and 53/61 carrier MAGs context-positive; matched null mean 3.752, 95% range 1-8 (100,000 permutations)	Results: AI-prioritized candidate	Fig6c	54/63,53/61,3.752	data/upstream/fig6_dpfq008/context/null_distribution_frequency.tsv;data/upstream/fig6_dpfq008/context/matched_target_control_strata.tsv	(bundled)	verified-in-metadata
C25	Tool versions: CheckM2 v1.1.0; skani v0.3.2; GTDB-Tk r226 + IQ-TREE v2.0.7; Prodigal v2.6.3; eggNOG-mapper v2.1.15; KOfamScan v1.3.0; HMMER v3.3.2; DIAMOND; geNomad v1.9	Methods	-	versions	env/environment_notes.md	external tool installs (compute server)	existing-not-retested
