figure_label	manuscript_anchor	figure_short_title	panels	primary_script_in_repo	upstream_scripts	copied_figure_input_tables	required_external_inputs	cli_command	outputs	status
Fig1	Figures and legends / Figure 1	Catalogue composition and encoded strategy profiles	a: cohort counts; b: phylum composition; c: mean core65 module breadth heatmap (annotated values)	scripts/figures/manuscript_figures.py::fig1_cohort_strategies	legacy/corrected_panels/411.audit_and_stage_KO_panel_repair_20260926.py;legacy/corrected_panels/413.build_annotation_audited_panels_20260926.py;scripts/pipeline/r51/build_figures.py (原段)	data/upstream/panel_repair/amended_inputs/core65_MAG_module_breadth.tsv.gz;data/upstream/cohorts/core65_primary_cohort.tsv;data/derived/figure1_cohort_counts.tsv;data/derived/figure1_taxonomic_counts.tsv;data/derived/figure1_module_means.tsv	assembly/annotation FASTA+models (not bundled; server-side upstream)	python bin/nee_recon.py plot fig1	figure1_cohort_strategies.png/pdf	host-verified-regeneration
Fig2	Figures and legends / Figure 2	Encoded strategies form heterogeneous mosaics across lineages	a: 73 bacterial lineage blocks (archived tree); b: 6 archaeal lineage blocks (archived tree); aligned mean module-breadth heatmap	scripts/figures/manuscript_figures.py::fig2_lineage_mosaic	legacy/primary_figures/207.make_ISME_figure2_lineage_mosaic.R;legacy/corrected_panels/436.redraw_corrected_lineage_figure_20260927.R;scripts/pipeline/r51/restore_tree_figure.py (原文件)	data/upstream/panel_repair/figure2_source/Figure2B_lineage_module_breadth.csv;data/upstream/panel_repair/figure2_source/Figure2B_tree_tip_order.csv;data/upstream/panel_repair/figure2_source/monophyletic_lineage_summary.csv;data/derived/bacteria_tree_nodes.tsv;data/derived/bacteria_tree_edges.tsv;data/derived/archaea_tree_nodes.tsv;data/derived/archaea_tree_edges.tsv	GTDB-Tk/IQ-TREE tree inference itself (archived, not retested)	python bin/nee_recon.py plot fig2	figure2_lineage_mosaic.png/pdf	host-verified-regeneration
Fig3	Figures and legends / Figure 3	The maintenance-energy source contrast depends on uncertainty and aggregation	A: paired reweighting ranges (4 cohorts x 2 weightings); B: module source partial R2 (7 modules); C: panel sensitivity (3 rows); original statistical footnote retained	scripts/figures/manuscript_figures.py::fig3_portfolio_uncertainty	legacy/corrected_panels/437.redraw_corrected_portfolio_supplement_20260927.R;scripts/pipeline/r48/plot_diagnostics.py (原文件)	data/derived/paired_uncertainty.tsv;data/derived/module_decomposition.tsv;data/derived/equal_submodule_uncertainty.tsv	draw-level bootstrap arrays (.npz, not bundled)	python bin/nee_recon.py plot fig3	figure3_portfolio_uncertainty.png/pdf	host-verified-regeneration
Fig4	Figures and legends / Figure 4	Specific molecular combinations carry unequal source associations	a: all-marker % (systems x sources, denominators below columns); b: raw and df-adjusted source partial R2 within 30 supported families; c: original CDS-order proximity proxy	scripts/figures/manuscript_figures.py::fig4_molecular_configurations	scripts/pipeline/r49/plot_systems.py;legacy/corrected_panels/439.redraw_corrected_source_figure_20260927.R;scripts/pipeline/r51/build_figures.py (原段)	data/upstream/cohorts/original_primary_system_states.tsv;data/upstream/cohorts/lineage_group_associations.tsv;data/derived/system_context_summary.tsv;data/derived/figure4_source_codetection.tsv;data/derived/figure4_family_associations.tsv	(none; Fig4 inputs now bundled)	python bin/nee_recon.py plot fig4	figure4_molecular_configurations.png/pdf	host-verified-regeneration
Fig5	Figures and legends / Figure 5	Local genomic organization supports some combinations	a: dryland marker sets; b: 10 kb same-strand/contig fractions; c: cross-site lineage support; d: illustrative observed loci with coloured gene arrows and gene names	scripts/figures/manuscript_figures.py::fig5_dryland_context	scripts/pipeline/r49/plot_systems.py;scripts/pipeline/r51/analyse_context.py;scripts/pipeline/r51/build_figures.py (原段)	data/derived/system_state_summary.tsv;data/derived/lineage_group_support.tsv;data/derived/system_context_summary.tsv;data/upstream/context/strict_compact_locus_candidates.tsv	(none; Fig5 inputs now bundled)	python bin/nee_recon.py plot fig5	figure5_dryland_context.png/pdf	host-verified-regeneration
Fig6	Figures and legends / Figure 6	AI-assisted prioritization of DPFQ008	a: sequence architecture; b: 63-protein gene tree; c: matched context null	scripts/figures/manuscript_figures.py::fig6_dpfq008	legacy/dpfq008/256.make_ISME_figure3_DPFQ008_lineage_context.R;legacy/dpfq008/255.analyze_DPFQ008_gene_host_tree_congruence.R;legacy/dpfq008/251.test_DPFQ008_matched_context_enrichment.py;scripts/pipeline/r52/restore_candidate_figure.py (原文件)	data/upstream/fig6_dpfq008/Figure3_DPFQ008_lineage_context.svg;data/upstream/fig6_dpfq008/Source_Data/Figure3_statistics.csv;data/upstream/fig6_dpfq008/tree/DPFQ008_strict63.treefile;data/upstream/fig6_dpfq008/context/null_distribution_frequency.tsv;data/accessions/Supplementary_Table_S3_candidate_evidence.tsv	AI model checkpoints / InterPro vectors (ProtNote, mDeepFRI, DPFunc) not bundled	python bin/nee_recon.py plot fig6	figure6_DPFQ008.svg/pdf/png	host-verified-regeneration
FigS1	Figures and legends / Supplementary Figure S1	Environmental constraints, resource context and genomic strategies (conceptual)	single conceptual panel (no data input)	scripts/figures/manuscript_figures.py::figs1_framework	scripts/pipeline/r34/build_figures.py (原段)	none (self-contained conceptual panel, exactly as in the original 34 script)	none	python bin/nee_recon.py plot figS1	figureS1_framework.png/pdf	host-verified-regeneration
FigS2	Figures and legends / Supplementary Figure S2	Existing Bayesian source-profile contrast and sensitivity	single panel of 5 posterior contrasts (median + 95% CrI)	scripts/figures/manuscript_figures.py::figs2_bayesian_profiles	scripts/pipeline/r15/run_ordinal.py;scripts/pipeline/r15/summarize_results.py;scripts/pipeline/r34/build_figures.py (原段)	none (five archived values fixed in the original 34 script — reference table data/derived/figS2_source_profile_posteriors.tsv retained)	PyMC posterior arrays (*.nc) not bundled	python bin/nee_recon.py plot figS2	figureS2_bayesian_profiles.png/pdf	host-verified-regeneration
FigS3	Figures and legends / Supplementary Figure S3	Most informative bacterial markers remain clustered under a source-preserving null	a: observed vs source-preserving null transitions/tip (Bacteria); b: same (Archaea); c: BH-significant clustered counts under global and within-source nulls	scripts/figures/manuscript_figures.py::figs3_null_details	legacy/corrected_panels/411.audit_and_stage_KO_panel_repair_20260926.py;416.rerun_new_KO_nulls_with_control_20260926.R;scripts/pipeline/r51/build_figures.py (原段)	data/upstream/panel_repair/recurrence/KO_recurrence_null_results.csv;data/derived/figure2_KO_null_data.tsv;data/derived/figure2_clustered_counts.tsv	(none; FigS3 null table now bundled)	python bin/nee_recon.py plot figS3	figureS3_null_details.png/pdf	host-verified-regeneration
FigS4	Figures and legends / Supplementary Figure S4	Independent metagenomes support sequence occurrence for 58 of 65 core markers	(A) detection by strategy | (B) across-library occurrence over (C) alignment-stringency sensitivity; tags A/B/C	scripts/figures/manuscript_figures.py::figs4_independent_occurrence	legacy/corrected_panels/435.redraw_corrected_WGS_figure_20260927.R (原文件)	data/upstream/figs4/core65/Figure5A_strategy_detection.csv;data/upstream/figs4/core65/Figure5B_detection_frequency.csv;data/upstream/figs4/core65/Figure5C_threshold_breadth.csv	raw metagenome reads / DIAMOND recruitment alignments not bundled	python bin/nee_recon.py plot figS4	figureS4_independent_occurrence.png/pdf	host-verified-regeneration
FigS5	Supplementary Figure S5	Joint configuration and lineage support	A-D observed and marginal expected joint counts; E support families	scripts/figures/plot_joint_support.py	scripts/joint/joint_configuration_support.py	data/upstream/joint/reference_outputs/joint_summary.tsv;data/upstream/joint/reference_outputs/joint_support.tsv		python bin/nee_recon.py plot figS5	figures_out/figureS5_joint_configuration_support.png;figures_out/figureS5_joint_configuration_support.pdf	host-verified-regeneration
