domain,stratum,KO,gene,strategy_axis,module,n_tips,n_present,prevalence,n_sources,observed_score,observed_normalized,n_permutations,null_model,null_mean,null_sd,null_q025,null_q50,null_q975,observed_minus_null,z_score,p_greater,p_less,null_unique_scores,p_greater_bh,p_less_bh,null_interpretation,variable_trait,provenance,recurrence_value,stratum_label
Archaea,primary_ANI95_representatives,K00384,"trxB, TRR",Maintenance,oxidative_redox,233,165,0.708154506437768,6,48,0.206896551724138,999,within_source_prevalence_preserving,58.8128128128128,2.81848962451929,53,59,64,-10.8128128128128,-3.83638553030224,0.999,0.002,20,1,0.0068421052631579,fewer_transitions_than_null,TRUE,unchanged_trait_archived_raw_statistic,-0.293096085415136,Primary
Archaea,primary_ANI95_representatives,K00697,otsA,Maintenance,osmotic_desiccation_salt,233,97,0.416309012875536,6,43,0.185344827586207,999,within_source_prevalence_preserving,63.1721721721722,3.87717052616522,56,63,71,-20.1721721721722,-5.20280757218171,1,0.001,23,1,0.00382352941176471,fewer_transitions_than_null,TRUE,unchanged_trait_archived_raw_statistic,-0.554952520257671,Primary
Archaea,primary_ANI95_representatives,K01087,otsB,Maintenance,osmotic_desiccation_salt,233,95,0.407725321888412,6,46,0.198275862068966,999,within_source_prevalence_preserving,64.7347347347347,3.72484276338327,57,65,72,-18.7347347347347,-5.02967129751217,1,0.001,24,1,0.00382352941176471,fewer_transitions_than_null,TRUE,unchanged_trait_archived_raw_statistic,-0.492906166085807,Primary
Archaea,primary_ANI95_representatives,K01546,kdpA,Maintenance,osmotic_desiccation_salt,233,21,0.0901287553648069,6,15,0.0646551724137931,999,within_source_prevalence_preserving,18.4914914914915,1.37457505828506,16,19,21,-3.49149149149149,-2.54005153843511,0.999,0.019,8,1,0.0536956521739131,not_distinguished_from_null,TRUE,unchanged_trait_archived_raw_statistic,-0.301899093982937,Primary
Archaea,primary_ANI95_representatives,K01547,kdpB,Maintenance,osmotic_desiccation_salt,233,23,0.0987124463519313,6,14,0.0603448275862069,999,within_source_prevalence_preserving,17.963963963964,1.62109796741054,15,18,21,-3.96396396396396,-2.44523405966377,0.996,0.024,12,1,0.06,not_distinguished_from_null,TRUE,unchanged_trait_archived_raw_statistic,-0.359678905990489,Primary
Archaea,primary_ANI95_representatives,K01548,kdpC,Maintenance,osmotic_desiccation_salt,233,22,0.0944206008583691,6,16,0.0689655172413793,999,within_source_prevalence_preserving,18.3463463463463,1.51946758031207,15,18,21,-2.34634634634634,-1.54418980486866,0.969,0.12,10,1,0.26,not_distinguished_from_null,TRUE,unchanged_trait_archived_raw_statistic,-0.197420875512253,Primary
Archaea,primary_ANI95_representatives,K01669,"phr, PHR1",Maintenance,dna_repair_radiation,233,80,0.343347639484979,6,45,0.193965517241379,999,within_source_prevalence_preserving,45.8418418418418,3.20242440271762,40,46,52,-0.841841841841841,-0.262876413609465,0.658,0.453,20,1,0.949838709677419,not_distinguished_from_null,TRUE,unchanged_trait_archived_raw_statistic,-0.0267400086801995,Primary
Archaea,primary_ANI95_representatives,K02000,proV,Maintenance,osmotic_desiccation_salt,233,3,0.0128755364806867,6,3,0.0129310344827586,999,within_source_prevalence_preserving,2.98498498498499,0.121673265518183,3,3,3,0.015015015015015,0.123404389214581,0.985,1,2,1,1,not_distinguished_from_null,TRUE,unchanged_trait_archived_raw_statistic,0.00723882623012973,Primary
Archaea,primary_ANI95_representatives,K02001,proW,Maintenance,osmotic_desiccation_salt,233,3,0.0128755364806867,6,3,0.0129310344827586,999,within_source_prevalence_preserving,2.96796796796797,0.181771992037151,2,3,3,0.0320320320320322,0.17622094401367,0.969,1,3,1,1,not_distinguished_from_null,TRUE,unchanged_trait_archived_raw_statistic,0.0154869790802074,Primary
Archaea,primary_ANI95_representatives,K02002,proX,Maintenance,osmotic_desiccation_salt,233,3,0.0128755364806867,6,3,0.0129310344827586,999,within_source_prevalence_preserving,2.97997997997998,0.140138778909724,3,3,3,0.02002002002002,0.142858530492239,0.98,1,2,1,1,not_distinguished_from_null,TRUE,unchanged_trait_archived_raw_statistic,0.00965986227553848,Primary
Archaea,primary_ANI95_representatives,K03386,"PRDX2_4, ahpC",Maintenance,oxidative_redox,233,10,0.0429184549356223,6,7,0.0301724137931035,999,within_source_prevalence_preserving,9.82782782782783,0.413192257999262,9,10,10,-2.82782782782783,-6.84385482322585,1,0.001,3,1,0.00382352941176471,fewer_transitions_than_null,TRUE,unchanged_trait_archived_raw_statistic,-0.489517661516026,Primary
Archaea,primary_ANI95_representatives,K03387,ahpF,Maintenance,oxidative_redox,233,5,0.0214592274678112,6,3,0.0129310344827586,999,within_source_prevalence_preserving,4.68268268268268,0.555903289561326,3,5,5,-1.68268268268268,-3.02693420650653,1,0.047,3,1,0.109107142857143,not_distinguished_from_null,TRUE,unchanged_trait_archived_raw_statistic,-0.642372777838852,Primary
Archaea,primary_ANI95_representatives,K03553,recA,Maintenance,dna_repair_radiation,233,3,0.0128755364806867,6,3,0.0129310344827586,999,within_source_prevalence_preserving,2.98398398398398,0.125599738584158,3,3,3,0.0160160160160161,0.127516316487271,0.984,1,2,1,1,not_distinguished_from_null,TRUE,unchanged_trait_archived_raw_statistic,0.00772270852240759,Primary
Archaea,primary_ANI95_representatives,K03555,mutS,Maintenance,dna_repair_radiation,233,150,0.643776824034335,6,20,0.0862068965517242,999,within_source_prevalence_preserving,51.8418418418418,2.57103704251008,47,52,56,-31.8418418418418,-12.3848242228183,1,0.001,16,1,0.00382352941176471,fewer_transitions_than_null,TRUE,unchanged_trait_archived_raw_statistic,-1.37411697533843,Primary
Archaea,primary_ANI95_representatives,K03572,mutL,Maintenance,dna_repair_radiation,233,130,0.55793991416309,6,36,0.155172413793103,999,within_source_prevalence_preserving,62.5495495495496,3.31137852756264,56,63,69,-26.5495495495496,-8.0176727995792,1,0.001,23,1,0.00382352941176471,fewer_transitions_than_null,TRUE,unchanged_trait_archived_raw_statistic,-0.797002588308232,Primary
Archaea,primary_ANI95_representatives,K03581,recD,Maintenance,dna_repair_radiation,233,1,0.00429184549356223,6,1,0.00431034482758621,999,within_source_prevalence_preserving,1,0,1,1,1,0,,1,1,1,1,1,not_distinguished_from_null,TRUE,unchanged_trait_archived_raw_statistic,0,Primary
Archaea,primary_ANI95_representatives,K03583,recC,Maintenance,dna_repair_radiation,233,1,0.00429184549356223,6,1,0.00431034482758621,999,within_source_prevalence_preserving,1,0,1,1,1,0,,1,1,1,1,1,not_distinguished_from_null,TRUE,unchanged_trait_archived_raw_statistic,0,Primary
Archaea,primary_ANI95_representatives,K03657,"uvrD, pcrA",Maintenance,dna_repair_radiation,233,8,0.0343347639484979,6,7,0.0301724137931035,999,within_source_prevalence_preserving,7.8968968968969,0.313970596475663,7,8,8,-0.896896896896897,-2.8566270439481,0.997,0.101,3,1,0.226379310344828,not_distinguished_from_null,TRUE,unchanged_trait_archived_raw_statistic,-0.173930932379803,Primary
Archaea,primary_ANI95_representatives,K03671,"TXN, trxA",Maintenance,oxidative_redox,233,132,0.566523605150215,6,45,0.193965517241379,999,within_source_prevalence_preserving,69.993993993994,3.94754736822913,62,70,78,-24.993993993994,-6.33152478299615,1,0.001,27,1,0.00382352941176471,fewer_transitions_than_null,TRUE,unchanged_trait_archived_raw_statistic,-0.637306131946385,Primary
Archaea,primary_ANI95_representatives,K03701,uvrA,Maintenance,dna_repair_radiation,233,192,0.824034334763949,6,32,0.137931034482759,999,within_source_prevalence_preserving,38.1911911911912,1.57716752352978,35,38,41,-6.19119119119119,-3.92551273014741,1,0.001,9,1,0.00382352941176471,fewer_transitions_than_null,TRUE,unchanged_trait_archived_raw_statistic,-0.255168013507738,Primary
Archaea,primary_ANI95_representatives,K03702,uvrB,Maintenance,dna_repair_radiation,233,177,0.759656652360515,6,45,0.193965517241379,999,within_source_prevalence_preserving,50.3383383383383,2.24135874408382,46,51,54,-5.33833833833834,-2.38174203590976,0.992,0.025,15,1,0.0601851851851852,not_distinguished_from_null,TRUE,unchanged_trait_archived_raw_statistic,-0.161732592676657,Primary
Archaea,primary_ANI95_representatives,K03703,uvrC,Maintenance,dna_repair_radiation,233,189,0.811158798283262,6,33,0.142241379310345,999,within_source_prevalence_preserving,40.8788788788789,1.71119862839941,37,41,44,-7.87887887887888,-4.60430411065049,1,0.001,10,1,0.00382352941176471,fewer_transitions_than_null,TRUE,unchanged_trait_archived_raw_statistic,-0.308889605804911,Primary
Archaea,primary_ANI95_representatives,K03704,cspA,Maintenance,cold_protein_quality,233,95,0.407725321888412,6,43,0.185344827586207,999,within_source_prevalence_preserving,67.9399399399399,3.77875036288536,60,68,75,-24.9399399399399,-6.60004963145975,1,0.001,22,1,0.00382352941176471,fewer_transitions_than_null,TRUE,unchanged_trait_archived_raw_statistic,-0.659923283036038,Primary
Archaea,primary_ANI95_representatives,K03781,"katE, CAT, catB, srpA",Maintenance,oxidative_redox,233,15,0.0643776824034335,6,13,0.0560344827586207,999,within_source_prevalence_preserving,13.4354354354354,1.0871750018073,11,13,15,-0.435435435435435,-0.400520095395476,0.818,0.501,6,1,1,not_distinguished_from_null,TRUE,unchanged_trait_archived_raw_statistic,-0.0475314558467606,Primary
Archaea,primary_ANI95_representatives,K03782,katG,Maintenance,oxidative_redox,233,93,0.399141630901288,6,56,0.241379310344828,999,within_source_prevalence_preserving,66.5905905905906,3.67867051869582,59,67,74,-10.5905905905906,-2.87891795059298,0.998,0.007,23,1,0.02275,fewer_transitions_than_null,TRUE,unchanged_trait_archived_raw_statistic,-0.24989150827448,Primary
Archaea,primary_ANI95_representatives,K04047,dps,Maintenance,dna_repair_radiation,233,135,0.579399141630901,6,41,0.176724137931034,999,within_source_prevalence_preserving,54.8828828828829,2.85510078601332,49,55,60,-13.8828828828829,-4.86248434762545,1,0.001,19,1,0.00382352941176471,fewer_transitions_than_null,TRUE,unchanged_trait_archived_raw_statistic,-0.420732355519103,Primary
Archaea,primary_ANI95_representatives,K04564,SOD2,Maintenance,oxidative_redox,233,195,0.836909871244635,6,29,0.125,999,within_source_prevalence_preserving,35.8398398398398,1.43683798012743,32,36,38,-6.83983983983984,-4.76034176047687,1,0.001,9,1,0.00382352941176471,fewer_transitions_than_null,TRUE,unchanged_trait_archived_raw_statistic,-0.305511290090989,Primary
Archaea,primary_ANI95_representatives,K04565,SOD1,Maintenance,oxidative_redox,233,2,0.00858369098712446,6,2,0.00862068965517241,999,within_source_prevalence_preserving,2,0,2,2,2,0,,1,1,1,1,1,not_distinguished_from_null,TRUE,unchanged_trait_archived_raw_statistic,0,Primary
Archaea,primary_ANI95_representatives,K05343,treS,Maintenance,osmotic_desiccation_salt,233,40,0.171673819742489,6,27,0.116379310344828,999,within_source_prevalence_preserving,35.3863863863864,1.90107417553778,31,35,39,-8.38638638638638,-4.41139356596333,1,0.001,13,1,0.00382352941176471,fewer_transitions_than_null,TRUE,unchanged_trait_archived_raw_statistic,-0.390235035791898,Primary
Archaea,primary_ANI95_representatives,K05592,"deaD, cshA",Maintenance,cold_protein_quality,233,25,0.107296137339056,6,14,0.0603448275862069,999,within_source_prevalence_preserving,21.5105105105105,1.60711083940714,18,22,24,-7.51051051051051,-4.67329964203409,1,0.001,10,1,0.00382352941176471,fewer_transitions_than_null,TRUE,unchanged_trait_archived_raw_statistic,-0.619614937583383,Primary
Archaea,primary_ANI95_representatives,K06718,ectA,Maintenance,osmotic_desiccation_salt,233,1,0.00429184549356223,6,1,0.00431034482758621,999,within_source_prevalence_preserving,1,0,1,1,1,0,,1,1,1,1,1,not_distinguished_from_null,TRUE,unchanged_trait_archived_raw_statistic,0,Primary
Archaea,primary_ANI95_representatives,K06720,ectC,Maintenance,osmotic_desiccation_salt,233,1,0.00429184549356223,6,1,0.00431034482758621,999,within_source_prevalence_preserving,1,0,1,1,1,0,,1,1,1,1,1,not_distinguished_from_null,TRUE,unchanged_trait_archived_raw_statistic,0,Primary
Archaea,primary_ANI95_representatives,K07646,kdpD,Maintenance,osmotic_desiccation_salt,233,7,0.0300429184549356,6,4,0.0172413793103448,999,within_source_prevalence_preserving,6.38138138138138,0.781610852498343,5,7,7,-2.38138138138138,-3.04676089612821,1,0.02,4,1,0.0541666666666667,not_distinguished_from_null,TRUE,unchanged_trait_archived_raw_statistic,-0.673868758841164,Primary
Archaea,primary_ANI95_representatives,K00436,hoxH,Energy,trace_gas_energy,233,2,0.00858369098712446,6,2,0.00862068965517241,999,within_source_prevalence_preserving,1.98898898898899,0.104406322793965,2,2,2,0.0110110110110111,0.105463066951799,0.989,1,2,1,1,not_distinguished_from_null,TRUE,unchanged_trait_archived_raw_statistic,0.00796471054274745,Primary
Archaea,primary_ANI95_representatives,K00440,frhA,Energy,trace_gas_energy,233,9,0.0386266094420601,6,5,0.021551724137931,999,within_source_prevalence_preserving,7.73873873873874,1.052152489201,6,8,9,-2.73873873873874,-2.60298651274258,0.997,0.023,6,1,0.0598,not_distinguished_from_null,TRUE,unchanged_trait_archived_raw_statistic,-0.630170359900995,Primary
Archaea,primary_ANI95_representatives,K00441,frhB,Energy,trace_gas_energy,233,71,0.304721030042918,6,44,0.189655172413793,999,within_source_prevalence_preserving,53.0520520520521,2.81302675642413,47,53,58,-9.05205205205205,-3.21790471113715,0.999,0.002,18,1,0.0068421052631579,fewer_transitions_than_null,TRUE,unchanged_trait_archived_raw_statistic,-0.269905031877621,Primary
Archaea,primary_ANI95_representatives,K01601,"rbcL, cbbL",Energy,trace_gas_energy,233,41,0.175965665236052,6,29,0.125,999,within_source_prevalence_preserving,36.4874874874875,1.86991624601955,32,37,40,-7.48748748748749,-4.00418334426792,1,0.001,12,1,0.00382352941176471,fewer_transitions_than_null,TRUE,unchanged_trait_archived_raw_statistic,-0.331348910749606,Primary
Archaea,primary_ANI95_representatives,K01602,"rbcS, cbbS",Energy,trace_gas_energy,233,1,0.00429184549356223,6,1,0.00431034482758621,999,within_source_prevalence_preserving,1,0,1,1,1,0,,1,1,1,1,1,not_distinguished_from_null,TRUE,unchanged_trait_archived_raw_statistic,0,Primary
Archaea,primary_ANI95_representatives,K03518,coxS,Energy,trace_gas_energy,233,63,0.270386266094421,6,40,0.172413793103448,999,within_source_prevalence_preserving,54.4324324324324,2.62239262417737,49,54,59,-14.4324324324324,-5.50353608356407,1,0.001,17,1,0.00382352941176471,fewer_transitions_than_null,TRUE,unchanged_trait_archived_raw_statistic,-0.444466507490472,Primary
Archaea,primary_ANI95_representatives,K03519,"coxM, cutM",Energy,trace_gas_energy,233,65,0.278969957081545,6,39,0.168103448275862,999,within_source_prevalence_preserving,55.8598598598599,2.63899772610306,51,56,61,-16.8598598598599,-6.38873603152222,1,0.001,18,1,0.00382352941176471,fewer_transitions_than_null,TRUE,unchanged_trait_archived_raw_statistic,-0.518337830241997,Primary
Archaea,primary_ANI95_representatives,K03520,"coxL, cutL",Energy,trace_gas_energy,233,52,0.223175965665236,6,31,0.133620689655172,999,within_source_prevalence_preserving,46.8598598598599,2.1338901928381,42,47,51,-15.8598598598599,-7.43236925362409,1,0.001,14,1,0.00382352941176471,fewer_transitions_than_null,TRUE,unchanged_trait_archived_raw_statistic,-0.59608442415208,Primary
Archaea,primary_ANI95_representatives,K04641,bop,Energy,light_energy,233,68,0.291845493562232,6,35,0.150862068965517,999,within_source_prevalence_preserving,43.3383383383383,3.11979291898619,37,43,49,-8.33833833833834,-2.67272173341812,0.996,0.009,21,1,0.0278571428571429,fewer_transitions_than_null,TRUE,unchanged_trait_archived_raw_statistic,-0.30828891718395,Primary
Archaea,primary_ANI95_representatives,K04642,hop,Energy,light_energy,233,43,0.184549356223176,6,30,0.129310344827586,999,within_source_prevalence_preserving,35.6406406406406,2.38523976309403,31,36,40,-5.64064064064064,-2.36481075316464,0.991,0.019,16,1,0.0536956521739131,not_distinguished_from_null,TRUE,unchanged_trait_archived_raw_statistic,-0.248560768820173,Primary
Archaea,primary_ANI95_representatives,K17224,soxB,Energy,sulfur_chemolithotrophy,233,1,0.00429184549356223,6,1,0.00431034482758621,999,within_source_prevalence_preserving,1,0,1,1,1,0,,1,1,1,1,1,not_distinguished_from_null,TRUE,unchanged_trait_archived_raw_statistic,0,Primary
Archaea,strict_90_5_ANI95_representatives,K00384,"trxB, TRR",Maintenance,oxidative_redox,34,25,0.735294117647059,6,4,0.121212121212121,999,within_source_prevalence_preserving,8.05605605605606,0.921172066887881,6,8,9,-4.05605605605606,-4.40314703610062,1,0.002,6,1,0.026,fewer_transitions_than_null,TRUE,unchanged_trait_archived_raw_statistic,-1.01007372201311,Strict 90/5
Archaea,strict_90_5_ANI95_representatives,K00697,otsA,Maintenance,osmotic_desiccation_salt,34,7,0.205882352941176,6,4,0.121212121212121,999,within_source_prevalence_preserving,6.18118118118118,0.804674597973274,4,6,7,-2.18118118118118,-2.7106375504768,0.998,0.031,5,1,0.221,not_distinguished_from_null,TRUE,unchanged_trait_archived_raw_statistic,-0.627882553566984,Strict 90/5
Archaea,strict_90_5_ANI95_representatives,K01087,otsB,Maintenance,osmotic_desiccation_salt,34,6,0.176470588235294,6,4,0.121212121212121,999,within_source_prevalence_preserving,5.14614614614615,0.829481006499212,3,5,6,-1.14614614614615,-1.38176297849592,0.96,0.196,5,1,0.749411764705882,not_distinguished_from_null,TRUE,unchanged_trait_archived_raw_statistic,-0.36349242895791,Strict 90/5
Archaea,strict_90_5_ANI95_representatives,K01546,kdpA,Maintenance,osmotic_desiccation_salt,34,9,0.264705882352941,6,4,0.121212121212121,999,within_source_prevalence_preserving,7.52252252252252,0.960775427499797,6,8,9,-3.52252252252252,-3.66633286166477,1,0.001,5,1,0.01625,fewer_transitions_than_null,TRUE,unchanged_trait_archived_raw_statistic,-0.911216521011308,Strict 90/5
Archaea,strict_90_5_ANI95_representatives,K01547,kdpB,Maintenance,osmotic_desiccation_salt,34,10,0.294117647058824,6,6,0.181818181818182,999,within_source_prevalence_preserving,6.83983983983984,0.854303249706618,5,7,8,-0.83983983983984,-0.983069934625972,0.959,0.376,4,1,1,not_distinguished_from_null,TRUE,unchanged_trait_archived_raw_statistic,-0.189000042961064,Strict 90/5
Archaea,strict_90_5_ANI95_representatives,K01548,kdpC,Maintenance,osmotic_desiccation_salt,34,11,0.323529411764706,6,7,0.212121212121212,999,within_source_prevalence_preserving,7.75375375375375,0.880325718222387,6,8,9,-0.753753753753753,-0.856221439577823,0.934,0.403,5,1,1,not_distinguished_from_null,TRUE,unchanged_trait_archived_raw_statistic,-0.147539996178324,Strict 90/5
Archaea,strict_90_5_ANI95_representatives,K01669,"phr, PHR1",Maintenance,dna_repair_radiation,34,10,0.294117647058824,6,6,0.181818181818182,999,within_source_prevalence_preserving,6,0,6,6,6,0,,1,1,1,1,1,not_distinguished_from_null,TRUE,unchanged_trait_archived_raw_statistic,0,Strict 90/5
Archaea,strict_90_5_ANI95_representatives,K02000,proV,Maintenance,osmotic_desiccation_salt,34,1,0.0294117647058824,6,1,0.0303030303030303,999,within_source_prevalence_preserving,1,0,1,1,1,0,,1,1,1,1,1,not_distinguished_from_null,TRUE,unchanged_trait_archived_raw_statistic,0,Strict 90/5
Archaea,strict_90_5_ANI95_representatives,K02001,proW,Maintenance,osmotic_desiccation_salt,34,1,0.0294117647058824,6,1,0.0303030303030303,999,within_source_prevalence_preserving,1,0,1,1,1,0,,1,1,1,1,1,not_distinguished_from_null,TRUE,unchanged_trait_archived_raw_statistic,0,Strict 90/5
Archaea,strict_90_5_ANI95_representatives,K02002,proX,Maintenance,osmotic_desiccation_salt,34,1,0.0294117647058824,6,1,0.0303030303030303,999,within_source_prevalence_preserving,1,0,1,1,1,0,,1,1,1,1,1,not_distinguished_from_null,TRUE,unchanged_trait_archived_raw_statistic,0,Strict 90/5
Archaea,strict_90_5_ANI95_representatives,K03386,"PRDX2_4, ahpC",Maintenance,oxidative_redox,34,3,0.0882352941176471,6,3,0.0909090909090909,999,within_source_prevalence_preserving,3,0,3,3,3,0,,1,1,1,1,1,not_distinguished_from_null,TRUE,unchanged_trait_archived_raw_statistic,0,Strict 90/5
Archaea,strict_90_5_ANI95_representatives,K03387,ahpF,Maintenance,oxidative_redox,34,2,0.0588235294117647,6,2,0.0606060606060606,999,within_source_prevalence_preserving,2,0,2,2,2,0,,1,1,1,1,1,not_distinguished_from_null,TRUE,unchanged_trait_archived_raw_statistic,0,Strict 90/5
Archaea,strict_90_5_ANI95_representatives,K03553,recA,Maintenance,dna_repair_radiation,34,2,0.0588235294117647,6,2,0.0606060606060606,999,within_source_prevalence_preserving,2,0,2,2,2,0,,1,1,1,1,1,not_distinguished_from_null,TRUE,unchanged_trait_archived_raw_statistic,0,Strict 90/5
Archaea,strict_90_5_ANI95_representatives,K03555,mutS,Maintenance,dna_repair_radiation,34,12,0.352941176470588,6,4,0.121212121212121,999,within_source_prevalence_preserving,10.024024024024,1.1410641867924,8,10,12,-6.02402402402402,-5.27930338516534,1,0.001,8,1,0.01625,fewer_transitions_than_null,TRUE,unchanged_trait_archived_raw_statistic,-1.32538987229133,Strict 90/5
Archaea,strict_90_5_ANI95_representatives,K03572,mutL,Maintenance,dna_repair_radiation,34,13,0.382352941176471,6,3,0.0909090909090909,999,within_source_prevalence_preserving,10.6266266266266,1.23806192348546,8,11,13,-7.62662662662663,-6.1601334165546,1,0.001,8,1,0.01625,fewer_transitions_than_null,TRUE,unchanged_trait_archived_raw_statistic,-1.82464928685662,Strict 90/5
Archaea,strict_90_5_ANI95_representatives,K03581,recD,Maintenance,dna_repair_radiation,34,1,0.0294117647058824,6,1,0.0303030303030303,999,within_source_prevalence_preserving,1,0,1,1,1,0,,1,1,1,1,1,not_distinguished_from_null,TRUE,unchanged_trait_archived_raw_statistic,0,Strict 90/5
Archaea,strict_90_5_ANI95_representatives,K03657,"uvrD, pcrA",Maintenance,dna_repair_radiation,34,3,0.0882352941176471,6,3,0.0909090909090909,999,within_source_prevalence_preserving,3,0,3,3,3,0,,1,1,1,1,1,not_distinguished_from_null,TRUE,unchanged_trait_archived_raw_statistic,0,Strict 90/5
Archaea,strict_90_5_ANI95_representatives,K03671,"TXN, trxA",Maintenance,oxidative_redox,34,29,0.852941176470588,6,4,0.121212121212121,999,within_source_prevalence_preserving,4.6956956956957,0.460342613860334,4,5,5,-0.695695695695695,-1.51125634418622,1,0.305,2,1,0.99125,not_distinguished_from_null,TRUE,unchanged_trait_archived_raw_statistic,-0.231338917703564,Strict 90/5
Archaea,strict_90_5_ANI95_representatives,K03701,uvrA,Maintenance,dna_repair_radiation,34,29,0.852941176470588,6,3,0.0909090909090909,999,within_source_prevalence_preserving,4.68968968968969,0.498297506127641,4,5,5,-1.68968968968969,-3.39092543894223,1,0.018,3,1,0.14625,not_distinguished_from_null,TRUE,unchanged_trait_archived_raw_statistic,-0.644529964032975,Strict 90/5
Archaea,strict_90_5_ANI95_representatives,K03702,uvrB,Maintenance,dna_repair_radiation,34,28,0.823529411764706,6,4,0.121212121212121,999,within_source_prevalence_preserving,5.68068068068068,0.483326334714748,5,6,6,-1.68068068068068,-3.47732072508028,1,0.009,3,1,0.0975,not_distinguished_from_null,TRUE,unchanged_trait_archived_raw_statistic,-0.506063809273221,Strict 90/5
Archaea,strict_90_5_ANI95_representatives,K03703,uvrC,Maintenance,dna_repair_radiation,34,29,0.852941176470588,6,3,0.0909090909090909,999,within_source_prevalence_preserving,4.6946946946947,0.484097699899492,4,5,5,-1.69469469469469,-3.50072866499169,1,0.012,3,1,0.111428571428571,not_distinguished_from_null,TRUE,unchanged_trait_archived_raw_statistic,-0.646068838889166,Strict 90/5
Archaea,strict_90_5_ANI95_representatives,K03704,cspA,Maintenance,cold_protein_quality,34,8,0.235294117647059,6,6,0.181818181818182,999,within_source_prevalence_preserving,6.997997997998,0.821794797607498,5,7,8,-0.997997997997997,-1.21441265009645,0.966,0.271,4,1,0.978611111111111,not_distinguished_from_null,TRUE,unchanged_trait_archived_raw_statistic,-0.221979751127431,Strict 90/5
Archaea,strict_90_5_ANI95_representatives,K03781,"katE, CAT, catB, srpA",Maintenance,oxidative_redox,34,4,0.117647058823529,6,2,0.0606060606060606,999,within_source_prevalence_preserving,3.34634634634635,0.647303768335368,2,3,4,-1.34634634634635,-2.07992972110863,1,0.097,3,1,0.485,not_distinguished_from_null,TRUE,unchanged_trait_archived_raw_statistic,-0.742586771824987,Strict 90/5
Archaea,strict_90_5_ANI95_representatives,K03782,katG,Maintenance,oxidative_redox,34,12,0.352941176470588,6,7,0.212121212121212,999,within_source_prevalence_preserving,9.84184184184184,1.18228872288436,7,10,12,-2.84184184184184,-2.403678379769,0.996,0.034,8,1,0.221,not_distinguished_from_null,TRUE,unchanged_trait_archived_raw_statistic,-0.491573410522639,Strict 90/5
Archaea,strict_90_5_ANI95_representatives,K04047,dps,Maintenance,dna_repair_radiation,34,13,0.382352941176471,6,5,0.151515151515152,999,within_source_prevalence_preserving,9.75175175175175,1.1623840621112,7,10,12,-4.75175175175175,-4.08793608467179,1,0.001,7,1,0.01625,fewer_transitions_than_null,TRUE,unchanged_trait_archived_raw_statistic,-0.963733305160667,Strict 90/5
Archaea,strict_90_5_ANI95_representatives,K04564,SOD2,Maintenance,oxidative_redox,34,32,0.941176470588235,6,1,0.0303030303030303,999,within_source_prevalence_preserving,1.93093093093093,0.253698561593367,1,2,2,-0.930930930930931,-3.66943716623449,1,0.07,2,1,0.411666666666667,not_distinguished_from_null,TRUE,unchanged_trait_archived_raw_statistic,-0.949296560256684,Strict 90/5
Archaea,strict_90_5_ANI95_representatives,K05343,treS,Maintenance,osmotic_desiccation_salt,34,5,0.147058823529412,6,4,0.121212121212121,999,within_source_prevalence_preserving,4.8028028028028,0.420125174771887,4,5,5,-0.802802802802803,-1.91086573957082,0.991,0.189,3,1,0.749411764705882,not_distinguished_from_null,TRUE,unchanged_trait_archived_raw_statistic,-0.263876574501015,Strict 90/5
Archaea,strict_90_5_ANI95_representatives,K05592,"deaD, cshA",Maintenance,cold_protein_quality,34,9,0.264705882352941,6,8,0.242424242424242,999,within_source_prevalence_preserving,6.85585585585586,0.996609102230423,5,7,8,1.14414414414414,1.14803702031572,0.324,1,5,1,1,not_distinguished_from_null,TRUE,unchanged_trait_archived_raw_statistic,0.22266322284656,Strict 90/5
Archaea,strict_90_5_ANI95_representatives,K06718,ectA,Maintenance,osmotic_desiccation_salt,34,1,0.0294117647058824,6,1,0.0303030303030303,999,within_source_prevalence_preserving,1,0,1,1,1,0,,1,1,1,1,1,not_distinguished_from_null,TRUE,unchanged_trait_archived_raw_statistic,0,Strict 90/5
Archaea,strict_90_5_ANI95_representatives,K07646,kdpD,Maintenance,osmotic_desiccation_salt,34,4,0.117647058823529,6,3,0.0909090909090909,999,within_source_prevalence_preserving,3.32732732732733,0.671465334440039,2,3,4,-0.327327327327327,-0.487482094068636,0.885,0.558,3,1,1,not_distinguished_from_null,TRUE,unchanged_trait_archived_raw_statistic,-0.149401298256771,Strict 90/5
Archaea,strict_90_5_ANI95_representatives,K00436,hoxH,Energy,trace_gas_energy,34,2,0.0588235294117647,6,1,0.0303030303030303,999,within_source_prevalence_preserving,1.85185185185185,0.355424714291416,1,2,2,-0.851851851851852,-2.39671530312721,1,0.149,2,1,0.691785714285714,not_distinguished_from_null,TRUE,unchanged_trait_archived_raw_statistic,-0.888968687611255,Strict 90/5
Archaea,strict_90_5_ANI95_representatives,K00440,frhA,Energy,trace_gas_energy,34,4,0.117647058823529,6,3,0.0909090909090909,999,within_source_prevalence_preserving,3.32332332332332,0.764024891371897,1,3,4,-0.323323323323323,-0.423184279693765,0.898,0.535,4,1,1,not_distinguished_from_null,TRUE,unchanged_trait_archived_raw_statistic,-0.147664157720711,Strict 90/5
Archaea,strict_90_5_ANI95_representatives,K00441,frhB,Energy,trace_gas_energy,34,11,0.323529411764706,6,6,0.181818181818182,999,within_source_prevalence_preserving,7.7997997997998,0.894180674201913,6,8,9,-1.7997997997998,-2.01279210312411,0.998,0.076,5,1,0.411666666666667,not_distinguished_from_null,TRUE,unchanged_trait_archived_raw_statistic,-0.378474593568768,Strict 90/5
Archaea,strict_90_5_ANI95_representatives,K01601,"rbcL, cbbL",Energy,trace_gas_energy,34,9,0.264705882352941,6,6,0.181818181818182,999,within_source_prevalence_preserving,7.5005005005005,0.991825178203292,5,8,9,-1.5005005005005,-1.51286792619913,0.973,0.174,6,1,0.749411764705882,not_distinguished_from_null,TRUE,unchanged_trait_archived_raw_statistic,-0.322024367620433,Strict 90/5
Archaea,strict_90_5_ANI95_representatives,K03518,coxS,Energy,trace_gas_energy,34,3,0.0882352941176471,6,3,0.0909090909090909,999,within_source_prevalence_preserving,3,0,3,3,3,0,,1,1,1,1,1,not_distinguished_from_null,TRUE,unchanged_trait_archived_raw_statistic,0,Strict 90/5
Archaea,strict_90_5_ANI95_representatives,K03519,"coxM, cutM",Energy,trace_gas_energy,34,3,0.0882352941176471,6,3,0.0909090909090909,999,within_source_prevalence_preserving,3,0,3,3,3,0,,1,1,1,1,1,not_distinguished_from_null,TRUE,unchanged_trait_archived_raw_statistic,0,Strict 90/5
Archaea,strict_90_5_ANI95_representatives,K03520,"coxL, cutL",Energy,trace_gas_energy,34,3,0.0882352941176471,6,3,0.0909090909090909,999,within_source_prevalence_preserving,3,0,3,3,3,0,,1,1,1,1,1,not_distinguished_from_null,TRUE,unchanged_trait_archived_raw_statistic,0,Strict 90/5
Archaea,strict_90_5_ANI95_representatives,K04641,bop,Energy,light_energy,34,4,0.117647058823529,6,3,0.0909090909090909,999,within_source_prevalence_preserving,3.6996996996997,0.458618110252982,3,4,4,-0.6996996996997,-1.52566958010824,1,0.301,2,1,0.99125,not_distinguished_from_null,TRUE,unchanged_trait_archived_raw_statistic,-0.302445672902483,Strict 90/5
Archaea,strict_90_5_ANI95_representatives,K04642,hop,Energy,light_energy,34,1,0.0294117647058824,6,1,0.0303030303030303,999,within_source_prevalence_preserving,1,0,1,1,1,0,,1,1,1,1,1,not_distinguished_from_null,TRUE,unchanged_trait_archived_raw_statistic,0,Strict 90/5
Bacteria,primary_ANI95_representatives,K00130,"betB, gbsA",Maintenance,osmotic_desiccation_salt,2845,368,0.129349736379613,7,228,0.080168776371308,999,within_source_prevalence_preserving,350.176176176176,4.13850788182999,342,350,358,-122.176176176176,-29.5217937635416,1,0.001,25,1,0.00112068965517241,fewer_transitions_than_null,TRUE,unchanged_trait_archived_raw_statistic,-0.619047110661756,Primary
Bacteria,primary_ANI95_representatives,K00383,"GSR, gor",Maintenance,oxidative_redox,2845,382,0.13427065026362,7,160,0.0562587904360056,999,within_source_prevalence_preserving,363.043043043043,4.30281041926756,355,363,371,-203.043043043043,-47.1884706176773,1,0.001,27,1,0.00112068965517241,fewer_transitions_than_null,TRUE,unchanged_trait_archived_raw_statistic,-1.18206870179536,Primary
Bacteria,primary_ANI95_representatives,K00384,"trxB, TRR",Maintenance,oxidative_redox,2845,2296,0.807029876977153,7,466,0.163853727144866,999,within_source_prevalence_preserving,503.970970970971,6.48600761236476,490,504,517,-37.970970970971,-5.85429022602196,1,0.001,41,1,0.00112068965517241,fewer_transitions_than_null,TRUE,unchanged_trait_archived_raw_statistic,-0.113010681142548,Primary
Bacteria,primary_ANI95_representatives,K00697,otsA,Maintenance,osmotic_desiccation_salt,2845,1069,0.375746924428823,7,467,0.164205344585091,999,within_source_prevalence_preserving,853.862862862863,12.8338469473166,829,855,878.05,-386.862862862863,-30.1439517278763,1,0.001,72,1,0.00112068965517241,fewer_transitions_than_null,TRUE,unchanged_trait_archived_raw_statistic,-0.870581830268298,Primary
Bacteria,primary_ANI95_representatives,K01087,otsB,Maintenance,osmotic_desiccation_salt,2845,978,0.343760984182777,7,510,0.179324894514768,999,within_source_prevalence_preserving,785.918918918919,11.2383733031714,763,786,807,-275.918918918919,-24.5514997122455,1,0.001,65,1,0.00112068965517241,fewer_transitions_than_null,TRUE,unchanged_trait_archived_raw_statistic,-0.623883234219868,Primary
Bacteria,primary_ANI95_representatives,K01139,spoT,Maintenance,dormancy_resuscitation,2845,1685,0.592267135325132,7,692,0.243319268635724,999,within_source_prevalence_preserving,892.393393393394,13.4418660878706,868,892,919.05,-200.393393393393,-14.908152787969,1,0.001,75,1,0.00112068965517241,fewer_transitions_than_null,TRUE,unchanged_trait_archived_raw_statistic,-0.366907795135261,Primary
Bacteria,primary_ANI95_representatives,K01546,kdpA,Maintenance,osmotic_desiccation_salt,2845,843,0.296309314586995,7,398,0.139943741209564,999,within_source_prevalence_preserving,497.067067067067,10.4727199060687,476,497,518,-99.0670670670671,-9.45953562738364,1,0.001,60,1,0.00112068965517241,fewer_transitions_than_null,TRUE,unchanged_trait_archived_raw_statistic,-0.320672090630813,Primary
Bacteria,primary_ANI95_representatives,K01547,kdpB,Maintenance,osmotic_desiccation_salt,2845,828,0.29103690685413,7,397,0.139592123769339,999,within_source_prevalence_preserving,501.448448448449,10.9435193757653,481,501,522,-104.448448448448,-9.54431978068702,1,0.001,62,1,0.00112068965517241,fewer_transitions_than_null,TRUE,unchanged_trait_archived_raw_statistic,-0.336962384415147,Primary
Bacteria,primary_ANI95_representatives,K01548,kdpC,Maintenance,osmotic_desiccation_salt,2845,824,0.289630931458699,7,401,0.140998593530239,999,within_source_prevalence_preserving,492.585585585586,10.9115790583915,472,492,513.05,-91.5855855855856,-8.39343096865089,1,0.001,60,1,0.00112068965517241,fewer_transitions_than_null,TRUE,unchanged_trait_archived_raw_statistic,-0.296772174533743,Primary
Bacteria,primary_ANI95_representatives,K01669,"phr, PHR1",Maintenance,dna_repair_radiation,2845,523,0.183831282952548,7,346,0.121659634317862,999,within_source_prevalence_preserving,480.980980980981,5.99955230783327,469,481,493,-134.980980980981,-22.4985088978629,1,0.001,39,1,0.00112068965517241,fewer_transitions_than_null,TRUE,unchanged_trait_archived_raw_statistic,-0.475207810006694,Primary
Bacteria,primary_ANI95_representatives,K02000,proV,Maintenance,osmotic_desiccation_salt,2845,280,0.0984182776801406,7,165,0.0580168776371308,999,within_source_prevalence_preserving,268.08008008008,3.38000628380343,261,268,274,-103.08008008008,-30.4970084150515,1,0.001,22,1,0.00112068965517241,fewer_transitions_than_null,TRUE,unchanged_trait_archived_raw_statistic,-0.700197998141544,Primary
Bacteria,primary_ANI95_representatives,K02001,proW,Maintenance,osmotic_desiccation_salt,2845,292,0.102636203866432,7,160,0.0562587904360056,999,within_source_prevalence_preserving,278.515515515516,3.538155819451,271,279,285,-118.515515515516,-33.4964093056549,1,0.001,23,1,0.00112068965517241,fewer_transitions_than_null,TRUE,unchanged_trait_archived_raw_statistic,-0.799685794207761,Primary
Bacteria,primary_ANI95_representatives,K02002,proX,Maintenance,osmotic_desiccation_salt,2845,298,0.104745166959578,7,154,0.0541490857946554,999,within_source_prevalence_preserving,282.800800800801,3.68299990986036,275,283,290,-128.800800800801,-34.9717089202112,1,0.001,22,1,0.00112068965517241,fewer_transitions_than_null,TRUE,unchanged_trait_archived_raw_statistic,-0.876855854480702,Primary
Bacteria,primary_ANI95_representatives,K03386,"PRDX2_4, ahpC",Maintenance,oxidative_redox,2845,376,0.132161687170475,7,189,0.0664556962025316,999,within_source_prevalence_preserving,354.83983983984,4.41172313006234,346,355,363,-165.83983983984,-37.590717946413,1,0.001,27,1,0.00112068965517241,fewer_transitions_than_null,TRUE,unchanged_trait_archived_raw_statistic,-0.90878176367242,Primary
Bacteria,primary_ANI95_representatives,K03387,ahpF,Maintenance,oxidative_redox,2845,130,0.0456942003514939,7,83,0.0291842475386779,999,within_source_prevalence_preserving,128.008008008008,1.44225383625501,125,128,130,-45.008008008008,-31.2067174838494,1,0.001,10,1,0.00112068965517241,fewer_transitions_than_null,TRUE,unchanged_trait_archived_raw_statistic,-0.62505082452854,Primary
Bacteria,primary_ANI95_representatives,K03553,recA,Maintenance,dna_repair_radiation,2845,2427,0.853075571177504,7,374,0.131504922644163,999,within_source_prevalence_preserving,392.878878878879,4.91636915983491,383,393,402,-18.8788788788789,-3.8400043335055,1,0.001,30,1,0.00112068965517241,fewer_transitions_than_null,TRUE,unchanged_trait_archived_raw_statistic,-0.0710463406570847,Primary
Bacteria,primary_ANI95_representatives,K03555,mutS,Maintenance,dna_repair_radiation,2845,1401,0.492442882249561,7,451,0.158579465541491,999,within_source_prevalence_preserving,942.467467467467,14.3614482237293,915,942,970,-491.467467467468,-34.2213027412806,1,0.001,78,1,0.00112068965517241,fewer_transitions_than_null,TRUE,unchanged_trait_archived_raw_statistic,-1.06331538613842,Primary
Bacteria,primary_ANI95_representatives,K03572,mutL,Maintenance,dna_repair_radiation,2845,1438,0.505448154657294,7,415,0.14592123769339,999,within_source_prevalence_preserving,941.202202202202,14.7537283476234,911.95,941,970,-526.202202202202,-35.6657103753009,1,0.001,82,1,0.00112068965517241,fewer_transitions_than_null,TRUE,unchanged_trait_archived_raw_statistic,-1.18139335968964,Primary
Bacteria,primary_ANI95_representatives,K03581,recD,Maintenance,dna_repair_radiation,2845,767,0.269595782073814,7,354,0.124472573839662,999,within_source_prevalence_preserving,671.914914914915,8.81959967598627,655,672,688,-317.914914914915,-36.046411015743,1,0.001,53,1,0.00112068965517241,fewer_transitions_than_null,TRUE,unchanged_trait_archived_raw_statistic,-0.924529194716514,Primary
Bacteria,primary_ANI95_representatives,K03582,recB,Maintenance,dna_repair_radiation,2845,416,0.14622144112478,7,194,0.0682137834036568,999,within_source_prevalence_preserving,392.02002002002,4.58646606239298,383,392,400,-198.02002002002,-43.1748577938247,1,0.001,28,1,0.00112068965517241,fewer_transitions_than_null,TRUE,unchanged_trait_archived_raw_statistic,-1.01487068061707,Primary
Bacteria,primary_ANI95_representatives,K03583,recC,Maintenance,dna_repair_radiation,2845,473,0.166256590509666,7,200,0.070323488045007,999,within_source_prevalence_preserving,441.622622622623,5.22717662602749,431,442,451,-241.622622622623,-46.2243080556184,1,0.001,31,1,0.00112068965517241,fewer_transitions_than_null,TRUE,unchanged_trait_archived_raw_statistic,-1.14281407770827,Primary
Bacteria,primary_ANI95_representatives,K03657,"uvrD, pcrA",Maintenance,dna_repair_radiation,2845,2540,0.892794376098418,7,275,0.0966947960618847,999,within_source_prevalence_preserving,292.722722722723,3.52747506793514,285,293,299,-17.7227227227227,-5.02419503508978,1,0.001,23,1,0.00112068965517241,fewer_transitions_than_null,TRUE,unchanged_trait_archived_raw_statistic,-0.0901031212569524,Primary
Bacteria,primary_ANI95_representatives,K03671,"TXN, trxA",Maintenance,oxidative_redox,2845,2507,0.881195079086116,7,267,0.0938818565400844,999,within_source_prevalence_preserving,322.538538538539,3.78217873960273,315,323,330,-55.5385385385386,-14.6842712527045,1,0.001,23,1,0.00112068965517241,fewer_transitions_than_null,TRUE,unchanged_trait_archived_raw_statistic,-0.272631809434394,Primary
Bacteria,primary_ANI95_representatives,K03701,uvrA,Maintenance,dna_repair_radiation,2845,2528,0.888576449912127,7,288,0.10126582278481,999,within_source_prevalence_preserving,302.802802802803,3.64207104751988,295,303,309,-14.8028028028028,-4.06439155350444,1,0.002,23,1,0.00220338983050847,fewer_transitions_than_null,TRUE,unchanged_trait_archived_raw_statistic,-0.0723097475893141,Primary
Bacteria,primary_ANI95_representatives,K03702,uvrB,Maintenance,dna_repair_radiation,2845,2211,0.777152899824253,7,534,0.187763713080169,999,within_source_prevalence_preserving,571.265265265265,7.41192133393398,557,571,585,-37.2652652652653,-5.02774700193508,1,0.001,44,1,0.00112068965517241,fewer_transitions_than_null,TRUE,unchanged_trait_archived_raw_statistic,-0.0973210702548038,Primary
Bacteria,primary_ANI95_representatives,K03703,uvrC,Maintenance,dna_repair_radiation,2845,2463,0.86572934973638,7,359,0.126230661040788,999,within_source_prevalence_preserving,363.043043043043,4.28928257861704,355,363,371,-4.04304304304304,-0.942591906441056,0.858,0.205,27,1,0.21844262295082,not_distinguished_from_null,TRUE,unchanged_trait_archived_raw_statistic,-0.0161567628596756,Primary
Bacteria,primary_ANI95_representatives,K03704,cspA,Maintenance,cold_protein_quality,2845,2092,0.735325131810193,7,248,0.0872011251758087,999,within_source_prevalence_preserving,665.388388388389,8.51635849582226,649,666,681,-417.388388388388,-49.0101947438145,1,0.001,51,1,0.00112068965517241,fewer_transitions_than_null,TRUE,unchanged_trait_archived_raw_statistic,-1.4238565695331,Primary
Bacteria,primary_ANI95_representatives,K03781,"katE, CAT, catB, srpA",Maintenance,oxidative_redox,2845,898,0.315641476274165,7,556,0.19549929676512,999,within_source_prevalence_preserving,755.306306306306,10.475291582469,734,756,775,-199.306306306306,-19.0263253998444,1,0.001,60,1,0.00112068965517241,fewer_transitions_than_null,TRUE,unchanged_trait_archived_raw_statistic,-0.441976949531008,Primary
Bacteria,primary_ANI95_representatives,K03782,katG,Maintenance,oxidative_redox,2845,790,0.27768014059754,7,499,0.175457102672293,999,within_source_prevalence_preserving,686.028028028028,8.79465218353024,669,686,703,-187.028028028028,-21.2661085538182,1,0.001,52,1,0.00112068965517241,fewer_transitions_than_null,TRUE,unchanged_trait_archived_raw_statistic,-0.459227704087762,Primary
Bacteria,primary_ANI95_representatives,K04047,dps,Maintenance,dna_repair_radiation,2845,959,0.337082601054482,7,464,0.163150492264416,999,within_source_prevalence_preserving,786.673673673674,11.0942228740898,764,787,808,-322.673673673674,-29.0848378778533,1,0.001,63,1,0.00112068965517241,fewer_transitions_than_null,TRUE,unchanged_trait_archived_raw_statistic,-0.761640498734255,Primary
Bacteria,primary_ANI95_representatives,K04564,SOD2,Maintenance,oxidative_redox,2845,1998,0.702284710017575,7,363,0.127637130801688,999,within_source_prevalence_preserving,726.785785785786,10.1213161317407,707,727,746.05,-363.785785785786,-35.9425376157299,1,0.001,61,1,0.00112068965517241,fewer_transitions_than_null,TRUE,unchanged_trait_archived_raw_statistic,-1.00156065591775,Primary
Bacteria,primary_ANI95_representatives,K04565,SOD1,Maintenance,oxidative_redox,2845,832,0.292442882249561,7,450,0.158227848101266,999,within_source_prevalence_preserving,687.354354354354,10.099036569784,668,687,706.05,-237.354354354354,-23.5026730237329,1,0.001,60,1,0.00112068965517241,fewer_transitions_than_null,TRUE,unchanged_trait_archived_raw_statistic,-0.611129047339284,Primary
Bacteria,primary_ANI95_representatives,K05343,treS,Maintenance,osmotic_desiccation_salt,2845,1447,0.508611599297012,7,448,0.157524613220816,999,within_source_prevalence_preserving,905.425425425425,13.7214704641153,879.95,906,932,-457.425425425425,-33.3364726923178,1,0.001,74,1,0.00112068965517241,fewer_transitions_than_null,TRUE,unchanged_trait_archived_raw_statistic,-1.01509708746848,Primary
Bacteria,primary_ANI95_representatives,K05592,"deaD, cshA",Maintenance,cold_protein_quality,2845,1080,0.379613356766257,7,475,0.167018284106892,999,within_source_prevalence_preserving,801.079079079079,12.2946765266331,778.95,801,826,-326.079079079079,-26.5219730159405,1,0.001,70,1,0.00112068965517241,fewer_transitions_than_null,TRUE,unchanged_trait_archived_raw_statistic,-0.754017152865745,Primary
Bacteria,primary_ANI95_representatives,K06381,spoIID,Maintenance,dormancy_resuscitation,2845,1099,0.386291739894552,7,296,0.10407876230661,999,within_source_prevalence_preserving,854.878878878879,12.6269245182636,830,855,879,-558.878878878879,-44.2608869697856,1,0.001,71,1,0.00112068965517241,fewer_transitions_than_null,TRUE,unchanged_trait_archived_raw_statistic,-1.53012285441444,Primary
Bacteria,primary_ANI95_representatives,K06390,spoIIIAA,Maintenance,dormancy_resuscitation,2845,15,0.00527240773286468,7,7,0.00246132208157525,999,within_source_prevalence_preserving,14.970970970971,0.179506555214254,14,15,15,-7.97097097097097,-44.4049018792491,1,0.001,3,1,0.00112068965517241,fewer_transitions_than_null,TRUE,unchanged_trait_archived_raw_statistic,-1.09674096600815,Primary
Bacteria,primary_ANI95_representatives,K06718,ectA,Maintenance,osmotic_desiccation_salt,2845,197,0.0692442882249561,7,112,0.0393811533052039,999,within_source_prevalence_preserving,189.256256256256,2.67707524401587,184,189,194,-77.2562562562563,-28.8584552970444,1,0.001,19,1,0.00112068965517241,fewer_transitions_than_null,TRUE,unchanged_trait_archived_raw_statistic,-0.756842259979325,Primary
Bacteria,primary_ANI95_representatives,K06720,ectC,Maintenance,osmotic_desiccation_salt,2845,234,0.0822495606326889,7,135,0.0474683544303798,999,within_source_prevalence_preserving,224.055055055055,3.23278111220213,217,224,230,-89.0550550550551,-27.5475053720515,1,0.001,21,1,0.00112068965517241,fewer_transitions_than_null,TRUE,unchanged_trait_archived_raw_statistic,-0.730893869183465,Primary
Bacteria,primary_ANI95_representatives,K07646,kdpD,Maintenance,osmotic_desiccation_salt,2845,1244,0.43725834797891,7,443,0.155766526019691,999,within_source_prevalence_preserving,615.111111111111,10.97367348184,594,615,637.05,-172.111111111111,-15.6840014782591,1,0.001,62,1,0.00112068965517241,fewer_transitions_than_null,TRUE,unchanged_trait_archived_raw_statistic,-0.473540337639394,Primary
Bacteria,primary_ANI95_representatives,K07667,kdpE,Maintenance,osmotic_desiccation_salt,2845,991,0.348330404217926,7,465,0.163502109704641,999,within_source_prevalence_preserving,640.362362362362,11.6078555058078,618,640,663,-175.362362362362,-15.1072144440997,1,0.001,66,1,0.00112068965517241,fewer_transitions_than_null,TRUE,unchanged_trait_archived_raw_statistic,-0.46165779895879,Primary
Bacteria,primary_ANI95_representatives,K07699,spo0A,Maintenance,dormancy_resuscitation,2845,17,0.00597539543057996,7,5,0.00175808720112518,999,within_source_prevalence_preserving,16.962962962963,0.18894716640642,16,17,17,-11.962962962963,-63.313799251326,1,0.001,2,1,0.00112068965517241,fewer_transitions_than_null,TRUE,unchanged_trait_archived_raw_statistic,-1.76238819104612,Primary
Bacteria,primary_ANI95_representatives,K10255,"FAD6, desA",Maintenance,cold_protein_quality,2845,376,0.132161687170475,7,251,0.0882559774964838,999,within_source_prevalence_preserving,357.124124124124,4.30996057161387,348,357,365,-106.124124124124,-24.6229918721474,1,0.001,28,1,0.00112068965517241,fewer_transitions_than_null,TRUE,unchanged_trait_archived_raw_statistic,-0.508738228663354,Primary
Bacteria,primary_ANI95_representatives,K10674,ectD,Maintenance,osmotic_desiccation_salt,2845,144,0.0506151142355009,7,91,0.0319971870604782,999,within_source_prevalence_preserving,139.930930930931,1.914566625888,136,140,143,-48.9309309309309,-25.5571836828798,1,0.001,13,1,0.00112068965517241,fewer_transitions_than_null,TRUE,unchanged_trait_archived_raw_statistic,-0.620776446806157,Primary
Bacteria,primary_ANI95_representatives,K00436,hoxH,Energy,trace_gas_energy,2845,175,0.0615114235500879,7,108,0.0379746835443038,999,within_source_prevalence_preserving,159.666666666667,3.60443948040967,152.95,160,166,-51.6666666666667,-14.3341751047501,1,0.001,22,1,0.00112068965517241,fewer_transitions_than_null,TRUE,unchanged_trait_archived_raw_statistic,-0.564031842851559,Primary
Bacteria,primary_ANI95_representatives,K00437,hydB,Energy,trace_gas_energy,2845,4,0.00140597539543058,7,4,0.00140646976090014,999,within_source_prevalence_preserving,3.98998998998999,0.0995978884246915,4,4,4,0.01001001001001,0.10050423927992,0.99,1,2,1,1,not_distinguished_from_null,TRUE,unchanged_trait_archived_raw_statistic,0.0036148729533602,Primary
Bacteria,primary_ANI95_representatives,K00441,frhB,Energy,trace_gas_energy,2845,311,0.109314586994728,7,121,0.0425457102672293,999,within_source_prevalence_preserving,297.500500500501,3.67351864405312,290,298,304,-176.500500500501,-48.0467142275781,1,0.001,23,1,0.00112068965517241,fewer_transitions_than_null,TRUE,unchanged_trait_archived_raw_statistic,-1.29788504804334,Primary
Bacteria,primary_ANI95_representatives,K01601,"rbcL, cbbL",Energy,trace_gas_energy,2845,243,0.0854130052724077,7,161,0.0566104078762307,999,within_source_prevalence_preserving,234.645645645646,2.88742671328777,228,235,240,-73.6456456456457,-25.50563285528,1,0.001,18,1,0.00112068965517241,fewer_transitions_than_null,TRUE,unchanged_trait_archived_raw_statistic,-0.543422999966959,Primary
Bacteria,primary_ANI95_representatives,K01602,"rbcS, cbbS",Energy,trace_gas_energy,2845,207,0.0727592267135325,7,143,0.05028129395218,999,within_source_prevalence_preserving,200.826826826827,2.43657851726198,196,201,205,-57.8268268268268,-23.7327984372971,1,0.001,15,1,0.00112068965517241,fewer_transitions_than_null,TRUE,unchanged_trait_archived_raw_statistic,-0.489936853086343,Primary
Bacteria,primary_ANI95_representatives,K03518,coxS,Energy,trace_gas_energy,2845,927,0.325834797891037,7,400,0.140646976090014,999,within_source_prevalence_preserving,772.134134134134,11.0983951441448,751,772,794,-372.134134134134,-33.5304455554965,1,0.001,60,1,0.00112068965517241,fewer_transitions_than_null,TRUE,unchanged_trait_archived_raw_statistic,-0.948851492364599,Primary
Bacteria,primary_ANI95_representatives,K03519,"coxM, cutM",Energy,trace_gas_energy,2845,907,0.318804920913884,7,385,0.135372714486639,999,within_source_prevalence_preserving,759.383383383383,10.8810366271015,738,760,780,-374.383383383383,-34.4069592092818,1,0.001,65,1,0.00112068965517241,fewer_transitions_than_null,TRUE,unchanged_trait_archived_raw_statistic,-0.979969984842023,Primary
Bacteria,primary_ANI95_representatives,K03520,"coxL, cutL",Energy,trace_gas_energy,2845,770,0.270650263620387,7,360,0.126582278481013,999,within_source_prevalence_preserving,671.364364364364,9.24360643315982,653,672,689,-311.364364364364,-33.6842948275469,1,0.001,52,1,0.00112068965517241,fewer_transitions_than_null,TRUE,unchanged_trait_archived_raw_statistic,-0.899099055086963,Primary
Bacteria,primary_ANI95_representatives,K11180,dsrA,Energy,sulfur_chemolithotrophy,2845,34,0.0119507908611599,7,27,0.00949367088607595,999,within_source_prevalence_preserving,33.7237237237237,0.516023554079153,32,34,34,-6.72372372372372,-13.0298775522413,1,0.001,3,1,0.00112068965517241,fewer_transitions_than_null,TRUE,unchanged_trait_archived_raw_statistic,-0.320804438053232,Primary
Bacteria,primary_ANI95_representatives,K11181,dsrB,Energy,sulfur_chemolithotrophy,2845,28,0.00984182776801406,7,23,0.00808720112517581,999,within_source_prevalence_preserving,27.8458458458459,0.395693577246852,27,28,28,-4.84584584584585,-12.2464607072022,1,0.001,4,1,0.00112068965517241,fewer_transitions_than_null,TRUE,unchanged_trait_archived_raw_statistic,-0.275828255457846,Primary
Bacteria,primary_ANI95_representatives,K17222,soxA,Energy,sulfur_chemolithotrophy,2845,131,0.0460456942003515,7,61,0.0214486638537271,999,within_source_prevalence_preserving,128.213213213213,1.62322373571173,125,128,131,-67.2132132132132,-41.4072390234872,1,0.001,10,1,0.00112068965517241,fewer_transitions_than_null,TRUE,unchanged_trait_archived_raw_statistic,-1.07166380102401,Primary
Bacteria,primary_ANI95_representatives,K17223,soxX,Energy,sulfur_chemolithotrophy,2845,137,0.0481546572934974,7,71,0.0249648382559775,999,within_source_prevalence_preserving,134.037037037037,1.67129173448358,130.95,134,137,-63.037037037037,-37.7175544738245,1,0.001,10,1,0.00112068965517241,fewer_transitions_than_null,TRUE,unchanged_trait_archived_raw_statistic,-0.916740770704388,Primary
Bacteria,primary_ANI95_representatives,K17224,soxB,Energy,sulfur_chemolithotrophy,2845,141,0.049560632688928,7,79,0.0277777777777778,999,within_source_prevalence_preserving,137.365365365365,1.90180845313783,133,138,141,-58.3653653653654,-30.6894026415054,1,0.001,12,1,0.00112068965517241,fewer_transitions_than_null,TRUE,unchanged_trait_archived_raw_statistic,-0.798093737497836,Primary
Bacteria,primary_ANI95_representatives,K17225,soxC,Energy,sulfur_chemolithotrophy,2845,146,0.0513181019332162,7,111,0.0390295358649789,999,within_source_prevalence_preserving,143.248248248248,1.67392906404583,140,143,146,-32.2482482482483,-19.2650028850717,1,0.001,11,1,0.00112068965517241,fewer_transitions_than_null,TRUE,unchanged_trait_archived_raw_statistic,-0.367957820109989,Primary
Bacteria,primary_ANI95_representatives,K17229,fccB,Energy,sulfur_chemolithotrophy,2845,85,0.0298769771528998,7,70,0.0246132208157525,999,within_source_prevalence_preserving,83.963963963964,1.03481611481735,81,84,85,-13.963963963964,-13.4941500852338,1,0.001,7,1,0.00112068965517241,fewer_transitions_than_null,TRUE,unchanged_trait_archived_raw_statistic,-0.262415356246571,Primary
Bacteria,strict_90_5_ANI95_representatives,K00130,"betB, gbsA",Maintenance,osmotic_desiccation_salt,879,150,0.170648464163823,7,84,0.0956719817767654,999,within_source_prevalence_preserving,139.826826826827,3.03932822728764,133,140,145,-55.8268268268268,-18.3681467258467,1,0.001,21,1,0.00118181818181818,fewer_transitions_than_null,TRUE,unchanged_trait_archived_raw_statistic,-0.735179946143253,Strict 90/5
Bacteria,strict_90_5_ANI95_representatives,K00383,"GSR, gor",Maintenance,oxidative_redox,879,178,0.202502844141069,7,37,0.0421412300683371,999,within_source_prevalence_preserving,162.182182182182,3.74872628239559,154,162,169,-125.182182182182,-33.39325753658,1,0.001,24,1,0.00118181818181818,fewer_transitions_than_null,TRUE,unchanged_trait_archived_raw_statistic,-2.13201815363065,Strict 90/5
Bacteria,strict_90_5_ANI95_representatives,K00384,"trxB, TRR",Maintenance,oxidative_redox,879,842,0.957906712172924,7,35,0.0398633257403189,999,within_source_prevalence_preserving,36.4194194194194,0.726856177706019,35,37,37,-1.41941941941942,-1.9528201905075,0.982,0.107,4,1,0.119913793103448,not_distinguished_from_null,TRUE,unchanged_trait_archived_raw_statistic,-0.0573530017013881,Strict 90/5
Bacteria,strict_90_5_ANI95_representatives,K00697,otsA,Maintenance,osmotic_desiccation_salt,879,388,0.441410693970421,7,151,0.171981776765376,999,within_source_prevalence_preserving,283.117117117117,7.51999987323698,268,283,298,-132.117117117117,-17.5687658702376,1,0.001,43,1,0.00118181818181818,fewer_transitions_than_null,TRUE,unchanged_trait_archived_raw_statistic,-0.906850426939675,Strict 90/5
Bacteria,strict_90_5_ANI95_representatives,K01087,otsB,Maintenance,osmotic_desiccation_salt,879,324,0.368600682593857,7,149,0.169703872437358,999,within_source_prevalence_preserving,252.594594594595,6.83536797264445,239,253,266,-103.594594594595,-15.1556719417574,1,0.001,42,1,0.00118181818181818,fewer_transitions_than_null,TRUE,unchanged_trait_archived_raw_statistic,-0.761511435773691,Strict 90/5
Bacteria,strict_90_5_ANI95_representatives,K01139,spoT,Maintenance,dormancy_resuscitation,879,689,0.783845278725825,7,84,0.0956719817767654,999,within_source_prevalence_preserving,172.831831831832,3.87476132146799,164.95,173,180,-88.8318318318318,-22.9257557980828,1,0.001,23,1,0.00118181818181818,fewer_transitions_than_null,TRUE,unchanged_trait_archived_raw_statistic,-1.04090772174622,Strict 90/5
Bacteria,strict_90_5_ANI95_representatives,K01546,kdpA,Maintenance,osmotic_desiccation_salt,879,352,0.400455062571104,7,153,0.174259681093394,999,within_source_prevalence_preserving,180.603603603604,6.51028375850543,168,180,193.05,-27.6036036036036,-4.2400000718157,1,0.001,41,1,0.00118181818181818,fewer_transitions_than_null,TRUE,unchanged_trait_archived_raw_statistic,-0.239295026441162,Strict 90/5
Bacteria,strict_90_5_ANI95_representatives,K01547,kdpB,Maintenance,osmotic_desiccation_salt,879,354,0.402730375426621,7,151,0.171981776765376,999,within_source_prevalence_preserving,181.495495495496,6.49909271683469,168,181,194.05,-30.4954954954955,-4.69226964811606,1,0.001,40,1,0.00118181818181818,fewer_transitions_than_null,TRUE,unchanged_trait_archived_raw_statistic,-0.265385193122721,Strict 90/5
Bacteria,strict_90_5_ANI95_representatives,K01548,kdpC,Maintenance,osmotic_desiccation_salt,879,350,0.398179749715586,7,154,0.175398633257403,999,within_source_prevalence_preserving,181.894894894895,6.60220737696575,169,182,195,-27.8948948948949,-4.22508614197982,1,0.001,41,1,0.00118181818181818,fewer_transitions_than_null,TRUE,unchanged_trait_archived_raw_statistic,-0.240174701617476,Strict 90/5
Bacteria,strict_90_5_ANI95_representatives,K01669,"phr, PHR1",Maintenance,dna_repair_radiation,879,245,0.27872582480091,7,130,0.148063781321185,999,within_source_prevalence_preserving,208.77977977978,5.28065547029377,199,209,220,-78.7797797797798,-14.9185608155946,1,0.001,34,1,0.00118181818181818,fewer_transitions_than_null,TRUE,unchanged_trait_archived_raw_statistic,-0.683470371106081,Strict 90/5
Bacteria,strict_90_5_ANI95_representatives,K02000,proV,Maintenance,osmotic_desiccation_salt,879,85,0.0967007963594994,7,54,0.061503416856492,999,within_source_prevalence_preserving,81.6546546546547,1.76637936127882,78,82,85,-27.6546546546547,-15.6561241944275,1,0.001,10,1,0.00118181818181818,fewer_transitions_than_null,TRUE,unchanged_trait_archived_raw_statistic,-0.596575720467818,Strict 90/5
Bacteria,strict_90_5_ANI95_representatives,K02001,proW,Maintenance,osmotic_desiccation_salt,879,86,0.0978384527872583,7,55,0.0626423690205012,999,within_source_prevalence_preserving,82.5045045045045,1.82767900650836,78,83,86,-27.5045045045045,-15.0488704015098,1,0.001,11,1,0.00118181818181818,fewer_transitions_than_null,TRUE,unchanged_trait_archived_raw_statistic,-0.585041269798781,Strict 90/5
Bacteria,strict_90_5_ANI95_representatives,K02002,proX,Maintenance,osmotic_desiccation_salt,879,88,0.100113765642776,7,58,0.0660592255125285,999,within_source_prevalence_preserving,84.3713713713714,1.82534517042768,80,84,88,-26.3713713713714,-14.4473340158412,1,0.001,11,1,0.00118181818181818,fewer_transitions_than_null,TRUE,unchanged_trait_archived_raw_statistic,-0.540700650978335,Strict 90/5
Bacteria,strict_90_5_ANI95_representatives,K03386,"PRDX2_4, ahpC",Maintenance,oxidative_redox,879,182,0.207053469852105,7,72,0.082004555808656,999,within_source_prevalence_preserving,163.516516516517,3.98864589423738,155,164,171,-91.5165165165165,-22.9442570093113,1,0.001,25,1,0.00118181818181818,fewer_transitions_than_null,TRUE,unchanged_trait_archived_raw_statistic,-1.18336755551145,Strict 90/5
Bacteria,strict_90_5_ANI95_representatives,K03387,ahpF,Maintenance,oxidative_redox,879,56,0.0637087599544937,7,39,0.0444191343963553,999,within_source_prevalence_preserving,54.7937937937938,1.05344245382867,52,55,56,-15.7937937937938,-14.9925548722592,1,0.001,6,1,0.00118181818181818,fewer_transitions_than_null,TRUE,unchanged_trait_archived_raw_statistic,-0.490538371948789,Strict 90/5
Bacteria,strict_90_5_ANI95_representatives,K03553,recA,Maintenance,dna_repair_radiation,879,858,0.976109215017065,7,21,0.0239179954441913,999,within_source_prevalence_preserving,20.8198198198198,0.421809689784812,20,21,21,0.18018018018018,0.427159888792739,0.833,1,4,1,1,not_distinguished_from_null,TRUE,unchanged_trait_archived_raw_statistic,0.0124317446612367,Strict 90/5
Bacteria,strict_90_5_ANI95_representatives,K03555,mutS,Maintenance,dna_repair_radiation,879,608,0.691695108077361,7,52,0.0592255125284738,999,within_source_prevalence_preserving,232.178178178178,5.98681620068011,220,232,244,-180.178178178178,-30.0958259179077,1,0.001,38,1,0.00118181818181818,fewer_transitions_than_null,TRUE,unchanged_trait_archived_raw_statistic,-2.15864885506215,Strict 90/5
Bacteria,strict_90_5_ANI95_representatives,K03572,mutL,Maintenance,dna_repair_radiation,879,592,0.67349260523322,7,59,0.0671981776765376,999,within_source_prevalence_preserving,241.988988988989,6.094848088782,230.95,242,254,-182.988988988989,-30.0235520760219,1,0.001,36,1,0.00118181818181818,fewer_transitions_than_null,TRUE,unchanged_trait_archived_raw_statistic,-2.03615454372933,Strict 90/5
Bacteria,strict_90_5_ANI95_representatives,K03581,recD,Maintenance,dna_repair_radiation,879,260,0.295790671217292,7,119,0.135535307517084,999,within_source_prevalence_preserving,224.547547547548,5.42386653115533,213.95,225,235,-105.547547547548,-19.4598349611426,1,0.001,33,1,0.00118181818181818,fewer_transitions_than_null,TRUE,unchanged_trait_archived_raw_statistic,-0.916059391913985,Strict 90/5
Bacteria,strict_90_5_ANI95_representatives,K03582,recB,Maintenance,dna_repair_radiation,879,151,0.171786120591581,7,72,0.082004555808656,999,within_source_prevalence_preserving,141.042042042042,3.00003911701856,135,141,146,-69.0420420420421,-23.0137139380556,1,0.001,19,1,0.00118181818181818,fewer_transitions_than_null,TRUE,unchanged_trait_archived_raw_statistic,-0.970056455954821,Strict 90/5
Bacteria,strict_90_5_ANI95_representatives,K03583,recC,Maintenance,dna_repair_radiation,879,157,0.178612059158134,7,73,0.0831435079726652,999,within_source_prevalence_preserving,145.676676676677,3.24524726734635,139,146,152,-72.6766766766767,-22.3948040594468,1,0.001,21,1,0.00118181818181818,fewer_transitions_than_null,TRUE,unchanged_trait_archived_raw_statistic,-0.996801546482682,Strict 90/5
Bacteria,strict_90_5_ANI95_representatives,K03657,"uvrD, pcrA",Maintenance,dna_repair_radiation,879,869,0.988623435722412,7,10,0.0113895216400911,999,within_source_prevalence_preserving,9.97097097097097,0.167971983773557,9,10,10,0.0290290290290294,0.172820659593825,0.971,1,2,1,1,not_distinguished_from_null,TRUE,unchanged_trait_archived_raw_statistic,0.00419409409569436,Strict 90/5
Bacteria,strict_90_5_ANI95_representatives,K03671,"TXN, trxA",Maintenance,oxidative_redox,879,848,0.964732650739477,7,17,0.0193621867881549,999,within_source_prevalence_preserving,30.6716716716717,0.559405198994106,29,31,31,-13.6716716716717,-24.4396578656319,1,0.001,4,1,0.00118181818181818,fewer_transitions_than_null,TRUE,unchanged_trait_archived_raw_statistic,-0.851372052348503,Strict 90/5
Bacteria,strict_90_5_ANI95_representatives,K03701,uvrA,Maintenance,dna_repair_radiation,879,864,0.982935153583618,7,12,0.0136674259681093,999,within_source_prevalence_preserving,14.8978978978979,0.315887885012044,14,15,15,-2.8978978978979,-9.17381778597622,1,0.001,3,1,0.00118181818181818,fewer_transitions_than_null,TRUE,unchanged_trait_archived_raw_statistic,-0.31207437410026,Strict 90/5
Bacteria,strict_90_5_ANI95_representatives,K03702,uvrB,Maintenance,dna_repair_radiation,879,844,0.960182025028441,7,31,0.0353075170842825,999,within_source_prevalence_preserving,34.4734734734735,0.732201670046095,33,35,35,-3.47347347347348,-4.74387537692287,0.998,0.003,5,1,0.00342105263157895,fewer_transitions_than_null,TRUE,unchanged_trait_archived_raw_statistic,-0.153218453396832,Strict 90/5
Bacteria,strict_90_5_ANI95_representatives,K03703,uvrC,Maintenance,dna_repair_radiation,879,864,0.982935153583618,7,15,0.0170842824601367,999,within_source_prevalence_preserving,14.9329329329329,0.25423567425252,14,15,15,0.0670670670670663,0.263798805042804,0.934,1,3,1,1,not_distinguished_from_null,TRUE,unchanged_trait_archived_raw_statistic,0.00646495197749653,Strict 90/5
Bacteria,strict_90_5_ANI95_representatives,K03704,cspA,Maintenance,cold_protein_quality,879,667,0.758816837315131,7,62,0.0706150341685649,999,within_source_prevalence_preserving,189.182182182182,4.27918985023937,180,189,197,-127.182182182182,-29.7210889521688,1,0.001,28,1,0.00118181818181818,fewer_transitions_than_null,TRUE,unchanged_trait_archived_raw_statistic,-1.60943609656468,Strict 90/5
Bacteria,strict_90_5_ANI95_representatives,K03781,"katE, CAT, catB, srpA",Maintenance,oxidative_redox,879,331,0.376564277588168,7,205,0.233485193621868,999,within_source_prevalence_preserving,262.26026026026,6.94339641962147,249.95,262,275,-57.2602602602603,-8.24672203627139,1,0.001,39,1,0.00118181818181818,fewer_transitions_than_null,TRUE,unchanged_trait_archived_raw_statistic,-0.355375305920394,Strict 90/5
Bacteria,strict_90_5_ANI95_representatives,K03782,katG,Maintenance,oxidative_redox,879,325,0.369738339021616,7,191,0.21753986332574,999,within_source_prevalence_preserving,260.294294294294,6.93351460133541,246.95,260,273,-69.2942942942943,-9.99410807917648,1,0.001,42,1,0.00118181818181818,fewer_transitions_than_null,TRUE,unchanged_trait_archived_raw_statistic,-0.44657104964871,Strict 90/5
Bacteria,strict_90_5_ANI95_representatives,K04047,dps,Maintenance,dna_repair_radiation,879,392,0.445961319681456,7,159,0.181093394077449,999,within_source_prevalence_preserving,284.193193193193,7.91916283414485,269,284,300,-125.193193193193,-15.8088924063287,1,0.001,48,1,0.00118181818181818,fewer_transitions_than_null,TRUE,unchanged_trait_archived_raw_statistic,-0.837845235010448,Strict 90/5
Bacteria,strict_90_5_ANI95_representatives,K04564,SOD2,Maintenance,oxidative_redox,879,749,0.852104664391354,7,49,0.0558086560364465,999,within_source_prevalence_preserving,123.164164164164,2.61280128179571,118,123,128,-74.1641641641642,-28.3849233697532,1,0.001,15,1,0.00118181818181818,fewer_transitions_than_null,TRUE,unchanged_trait_archived_raw_statistic,-1.32972889630874,Strict 90/5
Bacteria,strict_90_5_ANI95_representatives,K04565,SOD1,Maintenance,oxidative_redox,879,300,0.341296928327645,7,151,0.171981776765376,999,within_source_prevalence_preserving,235.215215215215,6.26092061782404,222,235,247,-84.2152152152152,-13.4509316370288,1,0.001,39,1,0.00118181818181818,fewer_transitions_than_null,TRUE,unchanged_trait_archived_raw_statistic,-0.639432836327831,Strict 90/5
Bacteria,strict_90_5_ANI95_representatives,K05343,treS,Maintenance,osmotic_desiccation_salt,879,444,0.505119453924915,7,150,0.170842824601367,999,within_source_prevalence_preserving,283.588588588589,7.66703833717018,268,283,299,-133.588588588589,-17.4237538295517,1,0.001,45,1,0.00118181818181818,fewer_transitions_than_null,TRUE,unchanged_trait_archived_raw_statistic,-0.918836979959653,Strict 90/5
Bacteria,strict_90_5_ANI95_representatives,K05592,"deaD, cshA",Maintenance,cold_protein_quality,879,411,0.467576791808874,7,120,0.136674259681093,999,within_source_prevalence_preserving,266.966966966967,7.57553214530033,253,267,282,-146.966966966967,-19.4002169284097,1,0.001,44,1,0.00118181818181818,fewer_transitions_than_null,TRUE,unchanged_trait_archived_raw_statistic,-1.15362683592471,Strict 90/5
Bacteria,strict_90_5_ANI95_representatives,K06381,spoIID,Maintenance,dormancy_resuscitation,879,346,0.393629124004551,7,87,0.0990888382687927,999,within_source_prevalence_preserving,268.454454454454,7.35103755833458,254,268,282,-181.454454454454,-24.6841963484083,1,0.001,49,1,0.00118181818181818,fewer_transitions_than_null,TRUE,unchanged_trait_archived_raw_statistic,-1.62559003760647,Strict 90/5
Bacteria,strict_90_5_ANI95_representatives,K06390,spoIIIAA,Maintenance,dormancy_resuscitation,879,4,0.00455062571103527,7,2,0.00227790432801822,999,within_source_prevalence_preserving,3.996996996997,0.0547447254163614,4,4,4,-1.996996996997,-36.4783452982698,1,0.001,2,1,0.00118181818181818,fewer_transitions_than_null,TRUE,unchanged_trait_archived_raw_statistic,-0.998916488840631,Strict 90/5
Bacteria,strict_90_5_ANI95_representatives,K06718,ectA,Maintenance,osmotic_desiccation_salt,879,71,0.080773606370876,7,41,0.0466970387243736,999,within_source_prevalence_preserving,67.7127127127127,1.72815554616244,64,68,71,-26.7127127127127,-15.4573543868961,1,0.001,11,1,0.00118181818181818,fewer_transitions_than_null,TRUE,unchanged_trait_archived_raw_statistic,-0.723802808054862,Strict 90/5
Bacteria,strict_90_5_ANI95_representatives,K06720,ectC,Maintenance,osmotic_desiccation_salt,879,79,0.0898748577929465,7,46,0.0523917995444191,999,within_source_prevalence_preserving,75.1631631631632,1.92296645951333,71,75,78,-29.1631631631632,-15.1657159795413,1,0.001,13,1,0.00118181818181818,fewer_transitions_than_null,TRUE,unchanged_trait_archived_raw_statistic,-0.708391921178833,Strict 90/5
Bacteria,strict_90_5_ANI95_representatives,K07646,kdpD,Maintenance,osmotic_desiccation_salt,879,463,0.526734926052332,7,151,0.171981776765376,999,within_source_prevalence_preserving,195.46046046046,6.06859488480984,183.95,196,207.05,-44.4604604604605,-7.32631874501104,1,0.001,35,1,0.00118181818181818,fewer_transitions_than_null,TRUE,unchanged_trait_archived_raw_statistic,-0.372328245875542,Strict 90/5
Bacteria,strict_90_5_ANI95_representatives,K07667,kdpE,Maintenance,osmotic_desiccation_salt,879,397,0.45164960182025,7,160,0.182232346241458,999,within_source_prevalence_preserving,217.983983983984,6.92890779779067,204,218,231.05,-57.983983983984,-8.36841615968286,1,0.001,42,1,0.00118181818181818,fewer_transitions_than_null,TRUE,unchanged_trait_archived_raw_statistic,-0.446150234129443,Strict 90/5
Bacteria,strict_90_5_ANI95_representatives,K07699,spo0A,Maintenance,dormancy_resuscitation,879,4,0.00455062571103527,7,2,0.00227790432801822,999,within_source_prevalence_preserving,3.994994994995,0.0706041419798044,4,4,4,-1.994994994995,-28.2560617416135,1,0.001,2,1,0.00118181818181818,fewer_transitions_than_null,TRUE,unchanged_trait_archived_raw_statistic,-0.998193695718855,Strict 90/5
Bacteria,strict_90_5_ANI95_representatives,K10255,"FAD6, desA",Maintenance,cold_protein_quality,879,146,0.166097838452787,7,84,0.0956719817767654,999,within_source_prevalence_preserving,136.615615615616,2.95802234419789,131,137,142,-52.6156156156156,-17.7874300776735,1,0.001,18,1,0.00118181818181818,fewer_transitions_than_null,TRUE,unchanged_trait_archived_raw_statistic,-0.701661164852486,Strict 90/5
Bacteria,strict_90_5_ANI95_representatives,K10674,ectD,Maintenance,osmotic_desiccation_salt,879,40,0.0455062571103527,7,33,0.0375854214123007,999,within_source_prevalence_preserving,38.964964964965,1.02267565962203,37,39,40,-5.96496496496496,-5.83270454209262,1,0.001,7,1,0.00118181818181818,fewer_transitions_than_null,TRUE,unchanged_trait_archived_raw_statistic,-0.239711494683225,Strict 90/5
Bacteria,strict_90_5_ANI95_representatives,K00436,hoxH,Energy,trace_gas_energy,879,89,0.101251422070535,7,47,0.0535307517084283,999,within_source_prevalence_preserving,79.6316316316316,2.83381393943341,74,80,85,-32.6316316316316,-11.5150932026808,1,0.001,19,1,0.00118181818181818,fewer_transitions_than_null,TRUE,unchanged_trait_archived_raw_statistic,-0.760680861582429,Strict 90/5
Bacteria,strict_90_5_ANI95_representatives,K00437,hydB,Energy,trace_gas_energy,879,3,0.00341296928327645,7,3,0.00341685649202734,999,within_source_prevalence_preserving,2.996996996997,0.0547447254163613,3,3,3,0.00300300300300282,0.0548546545838612,0.997,1,2,1,1,not_distinguished_from_null,TRUE,unchanged_trait_archived_raw_statistic,0.00144486245515627,Strict 90/5
Bacteria,strict_90_5_ANI95_representatives,K00441,frhB,Energy,trace_gas_energy,879,98,0.111490329920364,7,35,0.0398633257403189,999,within_source_prevalence_preserving,93.9309309309309,2.01801362537984,89,94,97,-58.9309309309309,-29.2024445176076,1,0.001,13,1,0.00118181818181818,fewer_transitions_than_null,TRUE,unchanged_trait_archived_raw_statistic,-1.424245385477,Strict 90/5
Bacteria,strict_90_5_ANI95_representatives,K01601,"rbcL, cbbL",Energy,trace_gas_energy,879,96,0.109215017064846,7,63,0.071753986332574,999,within_source_prevalence_preserving,91.7557557557558,2.076301148032,87,92,95,-28.7557557557558,-13.8495110803226,1,0.001,14,1,0.00118181818181818,fewer_transitions_than_null,TRUE,unchanged_trait_archived_raw_statistic,-0.542446831139864,Strict 90/5
Bacteria,strict_90_5_ANI95_representatives,K01602,"rbcS, cbbS",Energy,trace_gas_energy,879,82,0.093287827076223,7,53,0.0603644646924829,999,within_source_prevalence_preserving,78.8108108108108,1.7684734207001,75,79,82,-25.8108108108108,-14.5949667711675,1,0.001,12,1,0.00118181818181818,fewer_transitions_than_null,TRUE,unchanged_trait_archived_raw_statistic,-0.572401184134788,Strict 90/5
Bacteria,strict_90_5_ANI95_representatives,K03518,coxS,Energy,trace_gas_energy,879,270,0.307167235494881,7,123,0.140091116173121,999,within_source_prevalence_preserving,228.898898898899,5.82052797266278,217,229,240,-105.898898898899,-18.1940365884802,1,0.001,36,1,0.00118181818181818,fewer_transitions_than_null,TRUE,unchanged_trait_archived_raw_statistic,-0.896052207368758,Strict 90/5
Bacteria,strict_90_5_ANI95_representatives,K03519,"coxM, cutM",Energy,trace_gas_energy,879,267,0.303754266211604,7,124,0.14123006833713,999,within_source_prevalence_preserving,225.491491491492,5.8150931457945,214,226,236,-101.491491491492,-17.4531153580731,1,0.001,36,1,0.00118181818181818,fewer_transitions_than_null,TRUE,unchanged_trait_archived_raw_statistic,-0.862732876440046,Strict 90/5
Bacteria,strict_90_5_ANI95_representatives,K03520,"coxL, cutL",Energy,trace_gas_energy,879,228,0.25938566552901,7,113,0.12870159453303,999,within_source_prevalence_preserving,199.695695695696,4.71592742038724,190,200,209,-86.6956956956957,-18.3835941411874,1,0.001,28,1,0.00118181818181818,fewer_transitions_than_null,TRUE,unchanged_trait_archived_raw_statistic,-0.821480464170479,Strict 90/5
Bacteria,strict_90_5_ANI95_representatives,K11180,dsrA,Energy,sulfur_chemolithotrophy,879,15,0.0170648464163823,7,10,0.0113895216400911,999,within_source_prevalence_preserving,14.8498498498499,0.38959086174677,14,15,15,-4.84984984984985,-12.4485718892508,1,0.001,3,1,0.00118181818181818,fewer_transitions_than_null,TRUE,unchanged_trait_archived_raw_statistic,-0.570448343687853,Strict 90/5
Bacteria,strict_90_5_ANI95_representatives,K11181,dsrB,Energy,sulfur_chemolithotrophy,879,13,0.0147895335608646,7,8,0.00911161731207289,999,within_source_prevalence_preserving,12.8768768768769,0.343645223938477,12,13,13,-4.87687687687688,-14.1916038319508,1,0.001,3,1,0.00118181818181818,fewer_transitions_than_null,TRUE,unchanged_trait_archived_raw_statistic,-0.686710823386513,Strict 90/5
Bacteria,strict_90_5_ANI95_representatives,K17222,soxA,Energy,sulfur_chemolithotrophy,879,33,0.037542662116041,7,20,0.0227790432801822,999,within_source_prevalence_preserving,32.5385385385385,0.683520787980482,31,33,33,-12.5385385385385,-18.3440485776368,1,0.001,6,1,0.00118181818181818,fewer_transitions_than_null,TRUE,unchanged_trait_archived_raw_statistic,-0.702149454128069,Strict 90/5
Bacteria,strict_90_5_ANI95_representatives,K17223,soxX,Energy,sulfur_chemolithotrophy,879,35,0.0398179749715586,7,22,0.0250569476082005,999,within_source_prevalence_preserving,34.4904904904905,0.751524609135279,32,35,35,-12.4904904904905,-16.6202015724573,1,0.001,5,1,0.00118181818181818,fewer_transitions_than_null,TRUE,unchanged_trait_archived_raw_statistic,-0.648695121812143,Strict 90/5
Bacteria,strict_90_5_ANI95_representatives,K17224,soxB,Energy,sulfur_chemolithotrophy,879,41,0.0466439135381115,7,28,0.0318906605922551,999,within_source_prevalence_preserving,40.1011011011011,0.957403798224398,38,40,41,-12.1011011011011,-12.6394956062884,1,0.001,7,1,0.00118181818181818,fewer_transitions_than_null,TRUE,unchanged_trait_archived_raw_statistic,-0.518215023756551,Strict 90/5
Bacteria,strict_90_5_ANI95_representatives,K17225,soxC,Energy,sulfur_chemolithotrophy,879,43,0.0489192263936291,7,35,0.0398633257403189,999,within_source_prevalence_preserving,42.2982982982983,0.829749405096275,40,42,43,-7.2982982982983,-8.79578611743806,1,0.001,6,1,0.00118181818181818,fewer_transitions_than_null,TRUE,unchanged_trait_archived_raw_statistic,-0.273244701429708,Strict 90/5
Bacteria,strict_90_5_ANI95_representatives,K17229,fccB,Energy,sulfur_chemolithotrophy,879,25,0.0284414106939704,7,22,0.0250569476082005,999,within_source_prevalence_preserving,24.7887887887888,0.452597086468519,24,25,25,-2.78878878878879,-6.16174710833621,1,0.003,4,1,0.00342105263157895,fewer_transitions_than_null,TRUE,unchanged_trait_archived_raw_statistic,-0.172184257513448,Strict 90/5
