target_protein_id	genome_id	target_length	target_full_window	target_context_positive	matched_controls	positive_controls	positive_control_fraction
alaska_permafrost_reference|alaska_permafrost_reference_SRR1586264rbin.5|gnl|X|PKFMBAGH_96_4	alaska_permafrost_reference_SRR1586264rbin.5	223	0	0	424	30	0.070755
alaska_permafrost_reference|alaska_permafrost_reference_SRR1586279rbin.21|gnl|X|CFBIJENJ_46_9	alaska_permafrost_reference_SRR1586279rbin.21	222	1	1	196	20	0.102041
australian_basalt_lava_tubes_bay_2025|GCA_050692375.1_genomic|JBOGVK010000043.1_9	GCA_050692375.1_genomic	254	0	1	456	17	0.037281
australian_basalt_lava_tubes_bay_2025|GCA_050742415.1_genomic|JBOGIF010000032.1_19	GCA_050742415.1_genomic	333	0	1	306	13	0.042484
mauna_loa_lava_tube_fishman_2023|MAG40|MAG40_267_3	MAG40	310	0	1	515	20	0.038835
mauna_loa_lava_tube_fishman_2023|MAG44|MAG44_140_7	MAG44	362	0	1	381	19	0.049869
mauna_loa_lava_tube_fishman_2023|MAG45|MAG45_111_7	MAG45	374	0	1	420	13	0.030952
qaidam_basin_mmag_1773|qaidam_basin_mmag_1773_CHGRbin13|k141_1676527_length_2427_cov_16.7135_5	qaidam_basin_mmag_1773_CHGRbin13	321	0	0	752	24	0.031915
qaidam_basin_mmag_1773|qaidam_basin_mmag_1773_CHGRbin21|k141_121601_length_11112_cov_23.0792_5	qaidam_basin_mmag_1773_CHGRbin21	359	0	1	506	24	0.047431
qaidam_basin_mmag_1773|qaidam_basin_mmag_1773_CJ0912_15_20bin9|k141_546827_length_19332_cov_35.3317_4	qaidam_basin_mmag_1773_CJ0912_15_20bin9	359	0	1	511	25	0.048924
qaidam_basin_mmag_1773|qaidam_basin_mmag_1773_CJ0912_25_30bin23|k141_602614_length_7556_cov_45.9962_8	qaidam_basin_mmag_1773_CJ0912_25_30bin23	359	0	1	394	20	0.050761
qaidam_basin_mmag_1773|qaidam_basin_mmag_1773_CJ0912_30_35bin52|k141_1489845_length_25643_cov_24.2576_10	qaidam_basin_mmag_1773_CJ0912_30_35bin52	324	1	1	136	13	0.095588
qaidam_basin_mmag_1773|qaidam_basin_mmag_1773_CJ0912_40_45bin10|k141_1644414_length_13535_cov_32.4121_18	qaidam_basin_mmag_1773_CJ0912_40_45bin10	234	0	1	424	24	0.056604
qaidam_basin_mmag_1773|qaidam_basin_mmag_1773_CJ0912_40_45bin15|k141_1614021_length_24426_cov_38.3336_24	qaidam_basin_mmag_1773_CJ0912_40_45bin15	324	0	1	505	24	0.047525
qaidam_basin_mmag_1773|qaidam_basin_mmag_1773_CJ0912_40_45bin38|k141_353868_length_11104_cov_48.3671_11	qaidam_basin_mmag_1773_CJ0912_40_45bin38	356	1	1	60	7	0.116667
qaidam_basin_mmag_1773|qaidam_basin_mmag_1773_CJS_1_0912bin3|k141_234690_length_3671_cov_45.7527_4	qaidam_basin_mmag_1773_CJS_1_0912bin3	359	0	1	423	22	0.052009
qaidam_basin_mmag_1773|qaidam_basin_mmag_1773_DLTCJS10_15bin74|k141_384968_length_16397_cov_18.8614_17	qaidam_basin_mmag_1773_DLTCJS10_15bin74	336	0	1	361	17	0.047091
qaidam_basin_mmag_1773|qaidam_basin_mmag_1773_DLTCJS25_30bin58|k141_1313972_length_11200_cov_19.5138_5	qaidam_basin_mmag_1773_DLTCJS25_30bin58	359	0	1	537	15	0.027933
qaidam_basin_mmag_1773|qaidam_basin_mmag_1773_DLTFbin3|k141_2029015_length_48417_cov_30.7266_17	qaidam_basin_mmag_1773_DLTFbin3	368	1	1	543	54	0.099448
qaidam_basin_mmag_1773|qaidam_basin_mmag_1773_DLTSQ15_20bin48|k141_444110_length_12580_cov_37.3158_8	qaidam_basin_mmag_1773_DLTSQ15_20bin48	336	1	1	274	27	0.098540
qaidam_basin_mmag_1773|qaidam_basin_mmag_1773_L_0707_10_15bin26|k141_1402603_length_18605_cov_12.0000_9	qaidam_basin_mmag_1773_L_0707_10_15bin26	331	1	1	107	18	0.168224
qaidam_basin_mmag_1773|qaidam_basin_mmag_1773_L_0707_10_15bin48|k141_103135_length_55457_cov_75.9190_10	qaidam_basin_mmag_1773_L_0707_10_15bin48	370	1	1	448	37	0.082589
qaidam_basin_mmag_1773|qaidam_basin_mmag_1773_L_0707_10_15bin61|k141_453949_length_40267_cov_87.0631_42	qaidam_basin_mmag_1773_L_0707_10_15bin61	359	1	1	559	52	0.093023
qaidam_basin_mmag_1773|qaidam_basin_mmag_1773_L_0707_10_15bin61|k141_547765_length_28453_cov_98.0110_34	qaidam_basin_mmag_1773_L_0707_10_15bin61	359	0	1	187	6	0.032086
qaidam_basin_mmag_1773|qaidam_basin_mmag_1773_L_0707_10_15bin70|k141_596203_length_12150_cov_67.0000_10	qaidam_basin_mmag_1773_L_0707_10_15bin70	335	1	1	554	28	0.050542
qaidam_basin_mmag_1773|qaidam_basin_mmag_1773_L_0707_10_15bin8|k141_894493_length_9067_cov_191.7307_2	qaidam_basin_mmag_1773_L_0707_10_15bin8	359	0	0	189	19	0.100529
qaidam_basin_mmag_1773|qaidam_basin_mmag_1773_L_0707_15_20bin14|k141_23060_length_86366_cov_200.4849_51	qaidam_basin_mmag_1773_L_0707_15_20bin14	351	1	1	533	49	0.091932
qaidam_basin_mmag_1773|qaidam_basin_mmag_1773_L_0707_15_20bin47|k141_10700_length_6052_cov_282.7467_5	qaidam_basin_mmag_1773_L_0707_15_20bin47	358	0	1	317	14	0.044164
qaidam_basin_mmag_1773|qaidam_basin_mmag_1773_L_0707_15_20bin63|k141_1326789_length_88520_cov_39.3672_46	qaidam_basin_mmag_1773_L_0707_15_20bin63	347	1	1	800	55	0.068750
qaidam_basin_mmag_1773|qaidam_basin_mmag_1773_L_0707_15_20bin6|k141_1173871_length_6333_cov_26.1633_1	qaidam_basin_mmag_1773_L_0707_15_20bin6	228	0	1	404	11	0.027228
qaidam_basin_mmag_1773|qaidam_basin_mmag_1773_L_0707_2_5bin11|k141_47600_length_31998_cov_409.8271_32	qaidam_basin_mmag_1773_L_0707_2_5bin11	359	1	1	287	21	0.073171
qaidam_basin_mmag_1773|qaidam_basin_mmag_1773_L_0707_2_5bin30|k141_1525004_length_20847_cov_29.8884_22	qaidam_basin_mmag_1773_L_0707_2_5bin30	359	0	1	311	19	0.061093
qaidam_basin_mmag_1773|qaidam_basin_mmag_1773_L_0707_2_5bin60|k141_519793_length_3328_cov_17.0000_2	qaidam_basin_mmag_1773_L_0707_2_5bin60	314	0	1	645	38	0.058915
qaidam_basin_mmag_1773|qaidam_basin_mmag_1773_L_0707_2_5bin63|k141_1149615_length_21874_cov_13.4926_2	qaidam_basin_mmag_1773_L_0707_2_5bin63	342	0	0	739	30	0.040595
qaidam_basin_mmag_1773|qaidam_basin_mmag_1773_L_0707_40_50bin16|k141_944051_length_17341_cov_27.3513_18	qaidam_basin_mmag_1773_L_0707_40_50bin16	273	0	1	603	21	0.034826
qaidam_basin_mmag_1773|qaidam_basin_mmag_1773_L_0707_40_50bin52|k141_94661_length_85364_cov_256.0000_81	qaidam_basin_mmag_1773_L_0707_40_50bin52	406	0	1	82	16	0.195122
qaidam_basin_mmag_1773|qaidam_basin_mmag_1773_L_0707_40_50bin5|k141_191208_length_18020_cov_12.0000_9	qaidam_basin_mmag_1773_L_0707_40_50bin5	352	1	1	236	17	0.072034
qaidam_basin_mmag_1773|qaidam_basin_mmag_1773_L_0707_40_50bin69|k141_994956_length_9011_cov_26.0000_3	qaidam_basin_mmag_1773_L_0707_40_50bin69	334	0	1	948	68	0.071730
qaidam_basin_mmag_1773|qaidam_basin_mmag_1773_L_21_NSL5_10bin15|k141_1003652_length_2725_cov_53.6389_2	qaidam_basin_mmag_1773_L_21_NSL5_10bin15	359	0	0	646	37	0.057276
qaidam_basin_mmag_1773|qaidam_basin_mmag_1773_NSL1015bin20|k141_260066_length_8084_cov_131.4498_4	qaidam_basin_mmag_1773_NSL1015bin20	356	0	1	401	14	0.034913
qaidam_basin_mmag_1773|qaidam_basin_mmag_1773_NSL1520bin14|k141_84623_length_4635_cov_29.6179_1	qaidam_basin_mmag_1773_NSL1520bin14	110	0	1	225	9	0.040000
qaidam_basin_mmag_1773|qaidam_basin_mmag_1773_NSL1520bin4|k141_1027367_length_19498_cov_38.7398_21	qaidam_basin_mmag_1773_NSL1520bin4	142	0	1	286	11	0.038462
qaidam_basin_mmag_1773|qaidam_basin_mmag_1773_NSL20_25bin7|k141_1269121_length_2263_cov_16.0000_3	qaidam_basin_mmag_1773_NSL20_25bin7	316	0	1	346	10	0.028902
qaidam_basin_mmag_1773|qaidam_basin_mmag_1773_NSL30_35bin32|k141_94050_length_8607_cov_17.8285_1	qaidam_basin_mmag_1773_NSL30_35bin32	190	0	0	325	11	0.033846
qaidam_basin_mmag_1773|qaidam_basin_mmag_1773_NSL35_40bin1|k141_1156276_length_6822_cov_49.7283_9	qaidam_basin_mmag_1773_NSL35_40bin1	331	0	1	453	31	0.068433
qaidam_basin_mmag_1773|qaidam_basin_mmag_1773_NSL35_40bin20|k141_355820_length_11977_cov_48.3172_3	qaidam_basin_mmag_1773_NSL35_40bin20	325	0	1	395	27	0.068354
qaidam_basin_mmag_1773|qaidam_basin_mmag_1773_NSL35_40bin22|k141_1664726_length_8377_cov_26.0000_10	qaidam_basin_mmag_1773_NSL35_40bin22	88	0	0	193	4	0.020725
qaidam_basin_mmag_1773|qaidam_basin_mmag_1773_NSLT11bin7|k141_334755_length_5868_cov_32.7512_7	qaidam_basin_mmag_1773_NSLT11bin7	367	0	1	477	26	0.054507
qaidam_basin_mmag_1773|qaidam_basin_mmag_1773_NSLT21bin10|k141_369569_length_43633_cov_81.1505_20	qaidam_basin_mmag_1773_NSLT21bin10	350	1	1	496	47	0.094758
qaidam_basin_mmag_1773|qaidam_basin_mmag_1773_NSLT21bin14|k141_1126522_length_322413_cov_28.1246_274	qaidam_basin_mmag_1773_NSLT21bin14	359	1	1	683	49	0.071742
qaidam_basin_mmag_1773|qaidam_basin_mmag_1773_NSLT22bin15|k141_906223_length_49601_cov_44.8945_47	qaidam_basin_mmag_1773_NSLT22bin15	337	0	1	249	14	0.056225
qaidam_basin_mmag_1773|qaidam_basin_mmag_1773_NSLT22bin24|k141_564290_length_18360_cov_25.0316_5	qaidam_basin_mmag_1773_NSLT22bin24	324	0	1	421	24	0.057007
qaidam_basin_mmag_1773|qaidam_basin_mmag_1773_NSLT22bin34|k141_85724_length_181751_cov_37.4608_49	qaidam_basin_mmag_1773_NSLT22bin34	335	1	1	605	43	0.071074
qaidam_basin_mmag_1773|qaidam_basin_mmag_1773_NSLT22bin36|k141_1091258_length_20826_cov_47.3131_9	qaidam_basin_mmag_1773_NSLT22bin36	324	1	1	143	5	0.034965
qaidam_basin_mmag_1773|qaidam_basin_mmag_1773_NSLT22bin51|k141_692999_length_2620_cov_275.0904_3	qaidam_basin_mmag_1773_NSLT22bin51	334	0	1	606	35	0.057756
qaidam_basin_mmag_1773|qaidam_basin_mmag_1773_NSLT22bin54|k141_331993_length_5921_cov_31.1827_7	qaidam_basin_mmag_1773_NSLT22bin54	359	0	0	210	10	0.047619
qaidam_basin_mmag_1773|qaidam_basin_mmag_1773_NSLT22bin54|k141_501752_length_24403_cov_75.1165_5	qaidam_basin_mmag_1773_NSLT22bin54	359	0	1	210	10	0.047619
qaidam_basin_mmag_1773|qaidam_basin_mmag_1773_S305CJS_Drybin11|k141_536458_length_4641_cov_17.2724_1	qaidam_basin_mmag_1773_S305CJS_Drybin11	320	0	1	526	16	0.030418
qaidam_basin_mmag_1773|qaidam_basin_mmag_1773_S305CJS_Drybin13|k141_735875_length_5255_cov_15.0000_7	qaidam_basin_mmag_1773_S305CJS_Drybin13	315	0	1	398	11	0.027638
qaidam_basin_mmag_1773|qaidam_basin_mmag_1773_S305CJS_Drybin18|k141_651879_length_20597_cov_383.3555_15	qaidam_basin_mmag_1773_S305CJS_Drybin18	335	1	1	28	1	0.035714
qaidam_basin_mmag_1773|qaidam_basin_mmag_1773_YX2bin12|k141_1284666_length_3763_cov_71.9464_3	qaidam_basin_mmag_1773_YX2bin12	339	0	1	509	21	0.041257
qaidam_basin_mmag_1773|qaidam_basin_mmag_1773_YX2bin5|k141_719502_length_2099_cov_56.9259_2	qaidam_basin_mmag_1773_YX2bin5	337	0	0	514	23	0.044747
qaidam_basin_mmag_1773|qaidam_basin_mmag_1773_YX3bin23|k141_399218_length_6240_cov_20.6049_1	qaidam_basin_mmag_1773_YX3bin23	265	0	1	343	14	0.040816
