level	positive_count	permutation_frequency	permutations
MAG	0	1963	100000
MAG	1	8213	100000
MAG	2	16236	100000
MAG	3	21347	100000
MAG	4	20123	100000
MAG	5	15247	100000
MAG	6	9006	100000
MAG	7	4777	100000
MAG	8	1975	100000
MAG	9	791	100000
MAG	10	224	100000
MAG	11	66	100000
MAG	12	25	100000
MAG	13	5	100000
MAG	14	2	100000
protein	0	1963	100000
protein	1	8199	100000
protein	2	16199	100000
protein	3	21307	100000
protein	4	20101	100000
protein	5	15253	100000
protein	6	9055	100000
protein	7	4780	100000
protein	8	2007	100000
protein	9	804	100000
protein	10	230	100000
protein	11	69	100000
protein	12	26	100000
protein	13	5	100000
protein	14	2	100000
