filename	assignment_outcome	query_count
SRR18183467_1.fastq.gz	accepted_broad_assignment	11966
SRR18183467_1.fastq.gz	best_window_contains_ambiguous_protein_KO	32
SRR18183467_1.fastq.gz	best_window_contains_non_target_decoy	752057
SRR18183467_1.fastq.gz	best_window_spans_multiple_function_classes	4
SRR18183467_1.fastq.gz	no_alignment_at_least_20aa	157
SRR18183467_1.fastq.gz	saturated_25_hits_inside_2pct_window	534
SRR18183467_2.fastq.gz	accepted_broad_assignment	11523
SRR18183467_2.fastq.gz	best_window_contains_ambiguous_protein_KO	26
SRR18183467_2.fastq.gz	best_window_contains_non_target_decoy	721169
SRR18183467_2.fastq.gz	best_window_spans_multiple_function_classes	1
SRR18183467_2.fastq.gz	no_alignment_at_least_20aa	156
SRR18183467_2.fastq.gz	saturated_25_hits_inside_2pct_window	522
SRR18183468_1.fastq.gz	accepted_broad_assignment	45109
SRR18183468_1.fastq.gz	best_window_contains_ambiguous_protein_KO	159
SRR18183468_1.fastq.gz	best_window_contains_non_target_decoy	2462398
SRR18183468_1.fastq.gz	best_window_spans_multiple_function_classes	2
SRR18183468_1.fastq.gz	no_alignment_at_least_20aa	120
SRR18183468_1.fastq.gz	saturated_25_hits_inside_2pct_window	988
SRR18183468_2.fastq.gz	accepted_broad_assignment	44356
SRR18183468_2.fastq.gz	best_window_contains_ambiguous_protein_KO	167
SRR18183468_2.fastq.gz	best_window_contains_non_target_decoy	2415385
SRR18183468_2.fastq.gz	best_window_spans_multiple_function_classes	1
SRR18183468_2.fastq.gz	no_alignment_at_least_20aa	120
SRR18183468_2.fastq.gz	saturated_25_hits_inside_2pct_window	992
SRR18183469_1.fastq.gz	accepted_broad_assignment	17736
SRR18183469_1.fastq.gz	best_window_contains_ambiguous_protein_KO	44
SRR18183469_1.fastq.gz	best_window_contains_non_target_decoy	1127612
SRR18183469_1.fastq.gz	best_window_spans_multiple_function_classes	4
SRR18183469_1.fastq.gz	no_alignment_at_least_20aa	122
SRR18183469_1.fastq.gz	saturated_25_hits_inside_2pct_window	640
SRR18183469_2.fastq.gz	accepted_broad_assignment	17319
SRR18183469_2.fastq.gz	best_window_contains_ambiguous_protein_KO	49
SRR18183469_2.fastq.gz	best_window_contains_non_target_decoy	1082379
SRR18183469_2.fastq.gz	best_window_spans_multiple_function_classes	3
SRR18183469_2.fastq.gz	no_alignment_at_least_20aa	120
SRR18183469_2.fastq.gz	saturated_25_hits_inside_2pct_window	655
SRR18183470_1.fastq.gz	accepted_broad_assignment	40120
SRR18183470_1.fastq.gz	best_window_contains_ambiguous_protein_KO	88
SRR18183470_1.fastq.gz	best_window_contains_non_target_decoy	2303427
SRR18183470_1.fastq.gz	best_window_spans_multiple_function_classes	2
SRR18183470_1.fastq.gz	no_alignment_at_least_20aa	196
SRR18183470_1.fastq.gz	saturated_25_hits_inside_2pct_window	1901
SRR18183470_2.fastq.gz	accepted_broad_assignment	39754
SRR18183470_2.fastq.gz	best_window_contains_ambiguous_protein_KO	85
SRR18183470_2.fastq.gz	best_window_contains_non_target_decoy	2257314
SRR18183470_2.fastq.gz	no_alignment_at_least_20aa	197
SRR18183470_2.fastq.gz	saturated_25_hits_inside_2pct_window	1855
