sample_id	gate	KO	accepted_read_count	median_reference_length_aa	RPK	RPM	R1_count	R2_count
SRR18183467	broad	K00609	299	315.0	949.2063492063492	138.6631940579807	154	145
SRR18183467	broad	K00764	554	484.0	1144.6280991735537	256.9211020338505	273	281
SRR18183467	broad	K00800	372	430.0	865.1162790697674	172.5174186942101	193	179
SRR18183467	broad	K00940	184	140.0	1314.2857142857142	85.33119634337274	94	90
SRR18183467	broad	K01866	567	408.0	1389.7058823529412	262.94993655811055	286	281
SRR18183467	broad	K01870	1065	956.0	1114.0167364016736	493.90067448745634	544	521
SRR18183467	broad	K01873	878	876.0	1002.283105022831	407.17820863848516	447	431
SRR18183467	broad	K01875	535	424.0	1261.7924528301887	248.10972849839354	270	265
SRR18183467	broad	K01889	444	345.0	1286.9565217391305	205.9078868285733	226	218
SRR18183467	broad	K01890	752	743.0	1012.1130551816958	348.7448894033494	377	375
SRR18183467	broad	K01892	380	428.0	887.8504672897196	176.22747070913937	208	172
SRR18183467	broad	K01933	359	348.0	1031.6091954022988	166.48858416995006	184	175
SRR18183467	broad	K02600	475	417.0	1139.0887290167866	220.28433838642417	240	235
SRR18183467	broad	K02863	254	233.0	1090.128755364807	117.79415147400366	126	128
SRR18183467	broad	K02867	193	142.0	1359.1549295774648	89.50500486016814	95	98
SRR18183467	broad	K02931	315	184.0	1711.9565217391305	146.08329808783918	159	156
SRR18183467	broad	K02982	314	236.0	1330.5084745762713	145.61954158597302	157	157
SRR18183467	broad	K03106	481	451.0	1066.5188470066519	223.0668773976211	249	232
SRR18183467	broad	K05896	265	264.0	1003.7878787878788	122.89547299453137	140	125
SRR18183467	broad	K09903	303	240.0	1262.5	140.51822006544532	158	145
SRR18183467	primary	K00609	273	315.0	866.6666666666666	126.60552500946064	139	134
SRR18183467	primary	K00764	528	484.0	1090.909090909091	244.86343298533043	262	266
SRR18183467	primary	K00800	341	430.0	793.0232558139535	158.14096713635925	178	163
SRR18183467	primary	K00940	147	140.0	1050.0	68.17220577432496	77	70
SRR18183467	primary	K01866	517	408.0	1267.1568627450981	239.76211146480276	260	257
SRR18183467	primary	K01870	1019	956.0	1065.8995815899582	472.56787540161315	523	496
SRR18183467	primary	K01873	835	876.0	953.1963470319635	387.23667905824044	427	408
SRR18183467	primary	K01875	493	424.0	1162.735849056604	228.631955420015	250	243
SRR18183467	primary	K01889	418	345.0	1211.5942028985507	193.85021778005327	210	208
SRR18183467	primary	K01890	726	743.0	977.1197846567968	336.6872203548294	368	358
SRR18183467	primary	K01892	357	428.0	834.1121495327103	165.56107116621774	197	160
SRR18183467	primary	K01933	338	348.0	971.264367816092	156.74969763076078	166	172
SRR18183467	primary	K02600	452	417.0	1083.9328537170263	209.61793884350257	230	222
SRR18183467	primary	K02863	235	233.0	1008.5836909871244	108.98277793854669	116	119
SRR18183467	primary	K02867	156	142.0	1098.5915492957747	72.34601429112035	76	80
SRR18183467	primary	K02931	276	184.0	1500.0	127.9967945150591	143	133
SRR18183467	primary	K02982	286	236.0	1211.864406779661	132.63435953372067	144	142
SRR18183467	primary	K03106	447	451.0	991.1308203991131	207.2991563341718	233	214
SRR18183467	primary	K05896	238	264.0	901.5151515151515	110.37404744414516	126	112
SRR18183467	primary	K09903	264	240.0	1100.0	122.43171649266522	141	123
SRR18183467	stringent	K00609	245	315.0	777.7777777777778	113.62034295720827	128	117
SRR18183467	stringent	K00764	493	484.0	1018.595041322314	228.631955420015	249	244
SRR18183467	stringent	K00800	306	430.0	711.6279069767442	141.9094895710438	160	146
SRR18183467	stringent	K00940	122	140.0	871.4285714285713	56.578293227671054	62	60
SRR18183467	stringent	K01866	486	408.0	1191.1764705882354	225.3856599069519	245	241
SRR18183467	stringent	K01870	960	956.0	1004.1841004184101	445.2062417915099	499	461
SRR18183467	stringent	K01873	775	876.0	884.703196347032	359.411288946271	395	380
SRR18183467	stringent	K01875	454	424.0	1070.754716981132	210.5454518472349	230	224
SRR18183467	stringent	K01889	376	345.0	1089.8550724637682	174.3724447016747	193	183
SRR18183467	stringent	K01890	648	743.0	872.1399730820996	300.5142132092692	331	317
SRR18183467	stringent	K01892	320	428.0	747.6635514018692	148.40208059716997	179	141
SRR18183467	stringent	K01933	308	348.0	885.0574712643679	142.8370025747761	154	154
SRR18183467	stringent	K02600	419	417.0	1004.7961630695444	194.31397428191943	212	207
SRR18183467	stringent	K02863	213	233.0	914.1630901287554	98.78013489749127	105	108
SRR18183467	stringent	K02867	116	142.0	816.9014084507043	53.795754216474116	57	59
SRR18183467	stringent	K02931	246	184.0	1336.9565217391305	114.08409945907441	129	117
SRR18183467	stringent	K02982	252	236.0	1067.7966101694915	116.86663847027135	131	121
SRR18183467	stringent	K03106	413	451.0	915.7427937915743	191.5314352707225	213	200
SRR18183467	stringent	K05896	213	264.0	806.8181818181818	98.78013489749127	113	100
SRR18183467	stringent	K09903	237	240.0	987.5	109.91029094227902	129	108
SRR18183468	broad	K00609	1086	315.0	3447.6190476190477	167.8585759039169	559	527
SRR18183468	broad	K00764	2055	484.0	4245.8677685950415	317.63294059166594	1048	1007
SRR18183468	broad	K00800	1429	430.0	3323.2558139534885	220.87468228977647	724	705
SRR18183468	broad	K00940	673	140.0	4807.142857142857	104.02285596992272	335	338
SRR18183468	broad	K01866	1706	408.0	4181.372549019608	263.68943875882337	865	841
SRR18183468	broad	K01870	3697	956.0	3867.154811715481	571.4301612493377	1871	1826
SRR18183468	broad	K01873	3108	876.0	3547.945205479452	480.3908415371765	1569	1539
SRR18183468	broad	K01875	1593	424.0	3757.0754716981132	246.22349117397752	803	790
SRR18183468	broad	K01889	1280	345.0	3710.144927536232	197.8443620230328	637	643
SRR18183468	broad	K01890	2482	743.0	3340.5114401076717	383.63258323528703	1259	1223
SRR18183468	broad	K01892	1321	428.0	3086.448598130841	204.18156424408306	664	657
SRR18183468	broad	K01933	1210	348.0	3477.011494252874	187.0247484748982	613	597
SRR18183468	broad	K02600	1807	417.0	4333.333333333334	279.30059544970334	906	901
SRR18183468	broad	K02863	1066	233.0	4575.107296137338	164.76725774730699	530	536
SRR18183468	broad	K02867	757	142.0	5330.985915492958	117.00639222768423	379	378
SRR18183468	broad	K02931	963	184.0	5233.695652173913	148.84696924076607	484	479
SRR18183468	broad	K02982	1114	236.0	4720.338983050848	172.18642132317072	563	551
SRR18183468	broad	K03106	1779	451.0	3944.5676274944567	274.9727500304495	889	890
SRR18183468	broad	K05896	788	264.0	2984.8484848484845	121.79793537042956	404	384
SRR18183468	broad	K09903	1159	240.0	4829.166666666667	179.14188717554296	574	585
SRR18183468	primary	K00609	999	315.0	3171.4285714285716	154.41134192266387	514	485
SRR18183468	primary	K00764	1950	484.0	4028.9256198347107	301.403520269464	999	951
SRR18183468	primary	K00800	1317	430.0	3062.7906976744184	203.56330061276108	663	654
SRR18183468	primary	K00940	549	140.0	3921.428571428571	84.85668339894141	275	274
SRR18183468	primary	K01866	1630	408.0	3995.0980392156866	251.9424297637058	830	800
SRR18183468	primary	K01870	3604	956.0	3769.874476987448	557.0555318211017	1818	1786
SRR18183468	primary	K01873	2984	876.0	3406.392694063927	461.2246689661952	1504	1480
SRR18183468	primary	K01875	1502	424.0	3542.4528301886794	232.15799356140255	756	746
SRR18183468	primary	K01889	1192	345.0	3455.072463768116	184.2425621339493	597	595
SRR18183468	primary	K01890	2388	743.0	3213.9973082099596	369.1033878992206	1213	1175
SRR18183468	primary	K01892	1246	428.0	2911.214953271028	192.58912115679598	637	609
SRR18183468	primary	K01933	1145	348.0	3290.2298850574716	176.97796446591605	571	574
SRR18183468	primary	K02600	1710	417.0	4100.719424460432	264.3077023901454	860	850
SRR18183468	primary	K02863	984	233.0	4223.175965665236	152.09285330520646	492	492
SRR18183468	primary	K02867	631	142.0	4443.661971830987	97.53108784104195	318	313
SRR18183468	primary	K02931	843	184.0	4581.521739130435	130.29906030110675	411	432
SRR18183468	primary	K02982	1004	236.0	4254.237288135593	155.18417146181633	500	504
SRR18183468	primary	K03106	1701	451.0	3771.6186252771618	262.91660921967093	850	851
SRR18183468	primary	K05896	715	264.0	2708.333333333333	110.51462409880347	362	353
SRR18183468	primary	K09903	1026	240.0	4275.0	158.5846214340872	513	513
SRR18183468	stringent	K00609	922	315.0	2926.9841269841268	142.5097670197158	476	446
SRR18183468	stringent	K00764	1852	484.0	3826.446280991736	286.2560613020756	952	900
SRR18183468	stringent	K00800	1225	430.0	2848.837209302326	189.34323709235562	619	606
SRR18183468	stringent	K00940	456	140.0	3257.142857142857	70.48205397070544	225	231
SRR18183468	stringent	K01866	1512	408.0	3705.8823529411766	233.70365263970749	765	747
SRR18183468	stringent	K01870	3476	956.0	3635.9832635983266	537.2710956187984	1759	1717
SRR18183468	stringent	K01873	2852	876.0	3255.707762557078	440.8219691325699	1443	1409
SRR18183468	stringent	K01875	1417	424.0	3341.9811320754716	219.01989139581053	719	698
SRR18183468	stringent	K01889	1088	345.0	3153.6231884057975	168.16770771957786	550	538
SRR18183468	stringent	K01890	2206	743.0	2969.0444145356664	340.9723926740706	1139	1067
SRR18183468	stringent	K01892	1156	428.0	2700.9345794392525	178.6781894520515	593	563
SRR18183468	stringent	K01933	1051	348.0	3020.114942528736	162.44876912984958	527	524
SRR18183468	stringent	K02600	1591	417.0	3815.347721822542	245.91435935831655	805	786
SRR18183468	stringent	K02863	873	233.0	3746.781115879828	134.9360375360216	438	435
SRR18183468	stringent	K02867	514	142.0	3619.7183098591554	79.44687662487411	252	262
SRR18183468	stringent	K02931	750	184.0	4076.086956521739	115.92443087287077	367	383
SRR18183468	stringent	K02982	911	236.0	3860.169491525424	140.80954203358036	460	451
SRR18183468	stringent	K03106	1619	451.0	3589.8004434589798	250.2422047775704	810	809
SRR18183468	stringent	K05896	610	264.0	2310.6060606060605	94.28520377660156	306	304
SRR18183468	stringent	K09903	934	240.0	3891.666666666667	144.36455791368175	470	464
SRR18183469	broad	K00609	638	315.0	2025.3968253968253	198.3235135217469	339	299
SRR18183469	broad	K00764	1057	484.0	2183.884297520661	328.5704604897907	535	522
SRR18183469	broad	K00800	767	430.0	1783.7209302325582	238.42340888899665	389	378
SRR18183469	broad	K00940	310	140.0	2214.285714285714	96.36408964222812	156	154
SRR18183469	broad	K01866	996	408.0	2441.1764705882356	309.6084944634168	499	497
SRR18183469	broad	K01870	1456	956.0	1523.0125523012553	452.6003694164004	727	729
SRR18183469	broad	K01873	1384	876.0	1579.9086757990867	430.21903246723775	701	683
SRR18183469	broad	K01875	938	424.0	2212.264150943396	291.579084143258	484	454
SRR18183469	broad	K01889	678	345.0	1965.217391304348	210.75758960461502	327	351
SRR18183469	broad	K01890	1419	743.0	1909.8250336473754	441.0988490397474	714	705
SRR18183469	broad	K01892	642	428.0	1500.0	199.5669211300337	324	318
SRR18183469	broad	K01933	695	348.0	1997.1264367816093	216.042071939834	347	348
SRR18183469	broad	K02600	864	417.0	2071.9424460431655	268.5760433899519	428	436
SRR18183469	broad	K02863	494	233.0	2120.1716738197424	153.56083962342157	249	245
SRR18183469	broad	K02867	336	142.0	2366.1971830985917	104.44623909609241	178	158
SRR18183469	broad	K02931	484	184.0	2630.4347826086955	150.45232060270453	242	242
SRR18183469	broad	K02982	460	236.0	1949.1525423728815	142.99187495298366	244	216
SRR18183469	broad	K03106	783	451.0	1736.141906873614	243.3970393221439	409	374
SRR18183469	broad	K05896	464	264.0	1757.5757575757575	144.23528256127045	230	234
SRR18183469	broad	K09903	488	240.0	2033.3333333333335	151.69572821099135	232	256
SRR18183469	primary	K00609	597	315.0	1895.2380952380952	185.57858553680705	317	280
SRR18183469	primary	K00764	998	484.0	2061.9834710743803	310.2301982675602	510	488
SRR18183469	primary	K00800	711	430.0	1653.4883720930234	221.01570237298125	361	350
SRR18183469	primary	K00940	270	140.0	1928.5714285714284	83.93001355935996	142	128
SRR18183469	primary	K01866	912	408.0	2235.294117647059	283.4969346893937	453	459
SRR18183469	primary	K01870	1416	956.0	1481.1715481171548	440.1662933335323	713	703
SRR18183469	primary	K01873	1328	876.0	1515.9817351598174	412.81132595122233	674	654
SRR18183469	primary	K01875	876	424.0	2066.037735849057	272.30626621481235	447	429
SRR18183469	primary	K01889	620	345.0	1797.1014492753625	192.72817928445625	299	321
SRR18183469	primary	K01890	1335	743.0	1796.7698519515477	414.9872892657243	676	659
SRR18183469	primary	K01892	596	428.0	1392.5233644859813	185.26773363473535	302	294
SRR18183469	primary	K01933	630	348.0	1810.344827586207	195.83669830517326	312	318
SRR18183469	primary	K02600	818	417.0	1961.6306954436452	254.27685589465355	403	415
SRR18183469	primary	K02863	445	233.0	1909.871244635193	138.3290964219081	228	217
SRR18183469	primary	K02867	292	142.0	2056.3380281690143	90.76875540493745	151	141
SRR18183469	primary	K02931	407	184.0	2211.9565217391305	126.51672414318337	207	200
SRR18183469	primary	K02982	416	236.0	1762.7118644067798	129.3143912618287	220	196
SRR18183469	primary	K03106	745	451.0	1651.8847006651883	231.5846670434192	382	363
SRR18183469	primary	K05896	397	264.0	1503.7878787878788	123.40820512246633	197	200
SRR18183469	primary	K09903	436	240.0	1816.6666666666667	135.53142930326277	214	222
SRR18183469	stringent	K00609	544	315.0	1726.984126984127	169.10343472700677	292	252
SRR18183469	stringent	K00764	940	484.0	1942.1487603305786	292.2007879474014	489	451
SRR18183469	stringent	K00800	619	430.0	1439.5348837209303	192.41732738238454	319	300
SRR18183469	stringent	K00940	211	140.0	1507.142857142857	65.58975133712946	109	102
SRR18183469	stringent	K01866	803	408.0	1968.137254901961	249.614077363578	412	391
SRR18183469	stringent	K01870	1288	956.0	1347.2803347280335	400.3772498683542	656	632
SRR18183469	stringent	K01873	1210	876.0	1381.2785388127854	376.1308015067613	621	589
SRR18183469	stringent	K01875	810	424.0	1910.3773584905662	251.7900406780799	417	393
SRR18183469	stringent	K01889	529	345.0	1533.3333333333335	164.44065619593118	260	269
SRR18183469	stringent	K01890	1114	743.0	1499.3270524899058	346.2890189078778	573	541
SRR18183469	stringent	K01892	511	428.0	1193.9252336448599	158.84532195864054	259	252
SRR18183469	stringent	K01933	559	348.0	1606.3218390804598	173.7662132580823	285	274
SRR18183469	stringent	K02600	743	417.0	1781.7745803357316	230.96296323927575	376	367
SRR18183469	stringent	K02863	397	233.0	1703.862660944206	123.40820512246633	203	194
SRR18183469	stringent	K02867	244	142.0	1718.3098591549297	75.84786410549567	122	122
SRR18183469	stringent	K02931	357	184.0	1940.2173913043478	110.97412903959818	181	176
SRR18183469	stringent	K02982	366	236.0	1550.8474576271187	113.77179615824352	195	171
SRR18183469	stringent	K03106	712	451.0	1578.7139689578714	221.32655427505296	370	342
SRR18183469	stringent	K05896	338	264.0	1280.3030303030303	105.0679429002358	168	170
SRR18183469	stringent	K09903	386	240.0	1608.3333333333335	119.98883419967758	192	194
SRR18183470	broad	K00609	1128	315.0	3580.9523809523807	186.7133582483109	565	563
SRR18183470	broad	K00764	1844	484.0	3809.917355371901	305.22999344847983	923	921
SRR18183470	broad	K00800	1183	430.0	2751.1627906976746	195.81728972318422	598	585
SRR18183470	broad	K00940	626	140.0	4471.428571428571	103.6192927867399	312	314
SRR18183470	broad	K01866	1486	408.0	3642.1568627450984	245.97167584839536	741	745
SRR18183470	broad	K01870	3327	956.0	3480.1255230125525	550.7050912164276	1663	1664
SRR18183470	broad	K01873	2983	876.0	3405.2511415525114	493.76413799176544	1504	1479
SRR18183470	broad	K01875	1773	424.0	4181.603773584906	293.4776455445525	887	886
SRR18183470	broad	K01889	1280	345.0	3710.144927536232	211.8733143243244	636	644
SRR18183470	broad	K01890	2566	743.0	3453.5666218034994	424.7397848095441	1297	1269
SRR18183470	broad	K01892	1536	428.0	3588.7850467289722	254.2479771891893	765	771
SRR18183470	broad	K01933	1056	348.0	3034.4827586206898	174.79548431756766	523	533
SRR18183470	broad	K02600	1672	417.0	4009.592326139089	276.75951683614875	841	831
SRR18183470	broad	K02863	937	233.0	4021.459227467811	155.0978871264781	459	478
SRR18183470	broad	K02867	589	142.0	4147.8873239436625	97.4948297945524	300	289
SRR18183470	broad	K02931	815	184.0	4429.347826086957	134.90371185494092	394	421
SRR18183470	broad	K02982	950	236.0	4025.4237288135596	157.24972547508455	473	477
SRR18183470	broad	K03106	1642	451.0	3640.7982261640796	271.7937360316724	830	812
SRR18183470	broad	K05896	909	264.0	3443.181818181818	150.4631583756335	443	466
SRR18183470	broad	K09903	1136	240.0	4733.333333333334	188.03756646283793	565	571
SRR18183470	primary	K00609	1039	315.0	3298.4126984126983	171.9815418616977	533	506
SRR18183470	primary	K00764	1770	484.0	3657.0247933884298	292.98106746410485	885	885
SRR18183470	primary	K00800	1117	430.0	2597.6744186046512	184.89257195333624	566	551
SRR18183470	primary	K00940	514	140.0	3671.428571428571	85.08037778336153	260	254
SRR18183470	primary	K01866	1373	408.0	3365.196078431373	227.2672348182011	692	681
SRR18183470	primary	K01870	3223	956.0	3371.3389121338914	533.4903844275763	1611	1612
SRR18183470	primary	K01873	2881	876.0	3288.812785388128	476.8804832565458	1451	1430
SRR18183470	primary	K01875	1675	424.0	3950.471698113208	277.2560949165964	838	837
SRR18183470	primary	K01889	1177	345.0	3411.594202898551	194.82413356228892	590	587
SRR18183470	primary	K01890	2486	743.0	3345.8950201884254	411.4977026642738	1255	1231
SRR18183470	primary	K01892	1440	428.0	3364.4859813084113	238.35747861486496	713	727
SRR18183470	primary	K01933	998	348.0	2867.8160919540232	165.1949747622467	498	500
SRR18183470	primary	K02600	1586	417.0	3803.3573141486813	262.52427852998323	796	790
SRR18183470	primary	K02863	860	233.0	3690.987124463519	142.35238306165547	416	444
SRR18183470	primary	K02867	514	142.0	3619.7183098591554	85.08037778336153	264	250
SRR18183470	primary	K02931	743	184.0	4038.0434782608695	122.98583792419768	356	387
SRR18183470	primary	K02982	847	236.0	3588.983050847458	140.20054471304906	426	421
SRR18183470	primary	K03106	1560	451.0	3458.980044345898	258.2206018327704	800	760
SRR18183470	primary	K05896	809	264.0	3064.393939393939	133.91055569404566	397	412
SRR18183470	primary	K09903	993	240.0	4137.5	164.3673446281673	506	487
SRR18183470	stringent	K00609	972	315.0	3085.714285714286	160.89129806503385	497	475
SRR18183470	stringent	K00764	1683	484.0	3477.2727272727275	278.58030313112346	843	840
SRR18183470	stringent	K00800	1020	430.0	2372.093023255814	168.83654735219602	521	499
SRR18183470	stringent	K00940	434	140.0	3099.9999999999995	71.83829563809125	219	215
SRR18183470	stringent	K01866	1263	408.0	3095.588235294118	209.0593718684545	634	629
SRR18183470	stringent	K01870	3058	956.0	3198.7447698744772	506.17859000295624	1532	1526
SRR18183470	stringent	K01873	2735	876.0	3122.1461187214613	452.71368334142755	1382	1353
SRR18183470	stringent	K01875	1535	424.0	3620.2830188679245	254.0824511623734	786	749
SRR18183470	stringent	K01889	1097	345.0	3179.7101449275365	181.58205141701865	556	541
SRR18183470	stringent	K01890	2355	743.0	3169.5827725437416	389.8137931513938	1184	1171
SRR18183470	stringent	K01892	1316	428.0	3074.766355140187	217.83225128969602	653	663
SRR18183470	stringent	K01933	911	348.0	2617.8160919540232	150.79421042926526	452	459
SRR18183470	stringent	K02600	1503	417.0	3604.31654676259	248.78561830426534	752	751
SRR18183470	stringent	K02863	767	233.0	3291.8454935622317	126.95846256777877	372	395
SRR18183470	stringent	K02867	414	142.0	2915.492957746479	68.52777510177367	204	210
SRR18183470	stringent	K02931	650	184.0	3532.608695652174	107.59191743032099	319	331
SRR18183470	stringent	K02982	768	236.0	3254.237288135593	127.12398859459465	384	384
SRR18183470	stringent	K03106	1460	451.0	3237.250554323725	241.66799915118253	753	707
SRR18183470	stringent	K05896	733	264.0	2776.5151515151515	121.33057765603891	358	375
SRR18183470	stringent	K09903	883	240.0	3679.166666666667	146.1594816784207	453	430
