analysis_cohort_key	display_label	entity_type	repository	project_accession	accession_scope_in_repo	n_mags_or_units	registry_count_in_41	accession_populated_here	provenance_source_file	status	note
qaidam_basin_mmag_1773	Qaidam Basin mag catalogue	MAG catalogue	NCBI SRA/BioProject	PRJNA1213342	58 sample/run rows (Qaidam)	1773 historical / 1609 in 41 registry	1609	no	data/accessions/qaidam_public_sample_accessions.tsv	verified-in-metadata	Qaidam public sample accn listed; per-MAG accession column empty in 41 registry
alaska_permafrost_reference	Alaska permafrost (Woodcroft 2018)	MAG catalogue	NCBI	not located in this repository	none	569	569	no	41_desert_lineage_function_integration_20260930/host/primary_quality_taxonomy_ANI.tsv	external-input-required	catalogue-level accession not located; only dataset_id + counts
stordalen_mire_2019_hybrid_mags	Stordalen Mire 2019 hybrid MAGs	MAG catalogue	NCBI	not located in this repository	none	731	731	no	41_desert_lineage_function_integration_20260930/host/primary_quality_taxonomy_ANI.tsv	external-input-required	catalogue-level accession not located
atacama_salt_crust_prjna351262	Atacama salt crust (Finstad 2017)	MAG catalogue	NCBI BioProject	PRJNA351262	none	101	101	no	scripts/pipeline/r51/build_figures.py (source key)	existing-not-retested	accession from source key string only
atacama_halite_rainfall_prjna484015	Atacama halite/rainfall	MAG catalogue	NCBI BioProject	PRJNA484015	none	91	91	no	scripts/pipeline/r51/build_figures.py (source key)	existing-not-retested	accession from source key string only
atacama_TLT_PRJNA1104199	Atacama TLT sites	MAG catalogue	NCBI BioProject	PRJNA1104199	none	120	120	no	41_desert_lineage_function_integration_20260930/host/primary_quality_taxonomy_ANI.tsv	existing-not-retested	accession from dataset_id string
atacama_boulder_fields_PRJNA665391	Atacama boulder fields	MAG catalogue	NCBI BioProject	PRJNA665391	none	71	71	no	41_desert_lineage_function_integration_20260930/host/primary_quality_taxonomy_ANI.tsv	existing-not-retested	accession from dataset_id string
mauna_loa_lava_tube_fishman_2023	Mauna Loa lava tube (Fishman 2023)	MAG catalogue	NCBI	not located in this repository	none	72	72	no	41_desert_lineage_function_integration_20260930/host/primary_quality_taxonomy_ANI.tsv	external-input-required	catalogue-level accession not located
australian_basalt_lava_tubes_bay_2025	Australian basalt lava tubes (Cheng 2025)	MAG catalogue	NCBI	not located in this repository	none	731	731	no	41_desert_lineage_function_integration_20260930/host/primary_quality_taxonomy_ANI.tsv	external-input-required	catalogue-level accession not located
global_desert_PRJNA832417	Additional dryland catalogue	MAG catalogue	NCBI BioProject	PRJNA832417	GCA accessions populated for 826 MAGs	826	826	yes	41_desert_lineage_function_integration_20260930/host/primary_quality_taxonomy_ANI.tsv	verified-in-metadata	manuscript calls this "the additional catalogue" linked to PRJNA832417
mackay_original_PRJNA630822	Mackay original intake (451 MAGs / SMAG256 subset)	assembly manifest	NCBI BioProject	PRJNA630822	GCA/uid/biosample per MAG	451 (147 single-parent + 304 coassembly)	not in 41 registry	yes (manifest)	54_brine_soil_admission_20261001/soil/Mackay451_parent_resolved_manifest.tsv	existing-not-retested	deposition project of the dryland/Mackay intake; same study region as PRJNA832417
danakil_PRJNA541281	Danakil geothermal brine	assembly manifest	NCBI BioProject	PRJNA541281;PRJNA1096323	GCA/biosample per MAG	156 (155 Table5 + 1 extra)	not in 41 registry	yes (manifest)	54_brine_soil_admission_20261001/brine/danakil_MAG_accession_download_manifest.tsv	existing-not-retested	admission decision = prioritize genomic intake; 5 matrix-only MAGs unresolved
craters_of_the_moon_PRJNA811528	Independent competitive recruitment	metagenome reads	NCBI SRA	PRJNA811528	runs SRR18183467-SRR18183470	4 metagenomic libraries	not in 41 registry	no (cited in manuscript)	manuscript_v6.md Methods (Independent recruitment)	existing-not-retested	four libraries from ONE study; not four independent study-level replications
