#SampleID	Metagenome_ID	NCBI_BioProject	NCBI_SRA_Accession	Year	Depth (cm)	Longitude (°E)	Latitude (°N)
0707_0_5	L_0707_2_5	PRJNA1213342	SRR32481298	2018	5	91.11	38.08
0707_10_15	L_0707_10_15	PRJNA1213342	SRR32481297	2018	15	91.11	38.08
0707_15_20	L_0707_15_20	PRJNA1213342	SRR32481286	2018	20	91.11	38.08
0707_40_50	L_0707_40_50	PRJNA1213342	SRR32481275	2018	50	91.11	38.08
0712_20_25	L_0712_20_25	PRJNA1213342	SRR32481264	2018	25	91.11	38.41
AEM_YP	YP	PRJNA727938	SRR24765288	2021	5	90.99	38.6
AEM_YX1	YX1	PRJNA727938	SRR24765287	2021	5	90.99	38.6
AEM_YX2	YX2	PRJNA727938	SRR24765286	2021	5	90.99	38.6
AEM_YX3	YX3	PRJNA727938	SRR24765285	2021	5	90.99	38.6
AKQ1	AKQ1	PRJNA1213342	SRR32481253	2021	5	90.58	38.11
AKQ2	AKQ2	PRJNA1213342	SRR32481251	2021	5	90.58	38.11
AKQ3	AKQ3	PRJNA1213342	SRR32481250	2021	5	90.58	38.11
AKQ4	L_21_AKQ_4	PRJNA1213342	SRR32481249	2021	5	90.58	38.11
CG2021	CG2021	PRJNA1213342	SRR32481248	2021	5	90.99	38.13
CHGG	CHGG	PRJNA1213342	SRR32481296	2021	5	91.86	38.5
CHGR	CHGR	PRJNA1213342	SRR32481295	2021	5	91.86	38.5
CHGY	CHGY	PRJNA1213342	SRR32481294	2021	5	91.86	38.5
CJ0912_0_5	CJ0912_0_5	PRJNA1213342	SRR32481293	2019	5	91.06	38.09
CJ0912_10_15	CJ0912_10_15	PRJNA1213342	SRR32481292	2019	15	91.06	38.09
CJ0912_15_20	CJ0912_15_20	PRJNA1213342	SRR32481291	2019	20	91.06	38.09
CJ0912_20_25	CJ0912_20_25	PRJNA1213342	SRR32481290	2019	25	91.06	38.09
CJ0912_25_30	CJ0912_25_30	PRJNA1213342	SRR32481289	2019	30	91.06	38.09
CJ0912_30_35	CJ0912_30_35	PRJNA1213342	SRR32481288	2019	35	91.06	38.09
CJ0912_35_40	CJ0912_35_40	PRJNA1213342	SRR32481287	2019	40	91.06	38.09
CJ0912_40_45	CJ0912_40_45	PRJNA1213342	SRR32481285	2019	45	91.06	38.09
CJ0912_45_50	CJ0912_45_50	PRJNA1213342	SRR32481284	2019	50	91.06	38.09
CJ0912_5_10	CJ0912_5_10	PRJNA1213342	SRR32481283	2019	10	91.06	38.09
CJS0912_1	CJS_1_0912	PRJNA1213342	SRR32481282	2019	5	91.06	38.06
DLTCJS_0_5	DLTCJS0_5	PRJNA1213342	SRR32481281	2021	5	91.25	38.46
DLTCJS_10_15	DLTCJS10_15	PRJNA1213342	SRR32481280	2021	15	91.25	38.46
DLTCJS_15_20	DLTCJS15_20	PRJNA1213342	SRR32481279	2021	20	91.25	38.46
DLTCJS_20_25	DLTCJS20_25	PRJNA1213342	SRR32481278	2021	25	91.25	38.46
DLTCJS_25_30	DLTCJS25_30	PRJNA1213342	SRR32481277	2021	30	91.25	38.46
DLTCJS_5_10	DLTCJS5_10	PRJNA1213342	SRR32481276	2021	10	91.25	38.46
DLTF	DLTF	PRJNA1213342	SRR32481274	2021	5	91.25	38.46
DLTSQ_0_15	DLTSQ0_15	PRJNA1213342	SRR32481273	2021	15	91.32	38.34
DLTSQ_15_20	DLTSQ15_20	PRJNA1213342	SRR32481272	2021	20	91.32	38.34
DLTSQ_20_25	DLTSQ20_25	PRJNA1213342	SRR32481271	2021	25	91.32	38.34
DLTY	DLTY	PRJNA1213342	SRR32481270	2021	5	91.28	38.48
EMR_0707	707	PRJNA727938	SRR15827333	2018	5	91.11	38.08
EMR_0711	711	PRJNA727938	SRR15827332	2018	5	90.8	38.34
EMR_0712	712	PRJNA727938	SRR15827331	2018	5	91.11	38.41
FCHG	FCHG	PRJNA1213342	SRR32481269	2021	5	91.15	38.04
NSL_0_5	L_21_NSL0_5	PRJNA1213342	SRR32481268	2021	5	91.09	38.4
NSL_10_15	NSL1015	PRJNA1213342	SRR32481267	2021	15	91.09	38.4
NSL_15_20	NSL1520	PRJNA1213342	SRR32481266	2021	20	91.09	38.4
NSL_20_25	NSL20_25	PRJNA1213342	SRR32481265	2021	25	91.09	38.4
NSL_25_30	NSL25_30	PRJNA1213342	SRR32481263	2021	30	91.09	38.4
NSL_30_35	NSL30_35	PRJNA1213342	SRR32481262	2021	35	91.09	38.4
NSL_35_40	NSL35_40	PRJNA1213342	SRR32481261	2021	40	91.09	38.4
NSL_5_10	L_21_NSL5_10	PRJNA1213342	SRR32481260	2021	10	91.09	38.4
NSL2021	NSL0_5_2	PRJNA1213342	SRR32481259	2021	5	91.1	38.42
NSLT1_1	NSLT11	PRJNA1213342	SRR32481258	2019	5	91.09	38.46
NSLT1_2	NSLT12	PRJNA1213342	SRR32481257	2019	5	91.09	38.46
NSLT2_1	NSLT21	PRJNA1213342	SRR32481256	2019	5	91.09	38.46
NSLT2_2	NSLT22	PRJNA1213342	SRR32481255	2019	5	91.09	38.46
S305CJS_D	S305CJS_Dry	PRJNA1213342	SRR32481254	2019	5	92.96	36.97
S305CJS_W	S305CJS_Wet	PRJNA1213342	SRR32481252	2019	5	92.96	36.97
