site_label	regional_literature_focus	scope_status	field_samples	biosamples	deposited_locations	deposited_coordinates	unique_deposited_coordinates	max_parent_separation_km	depths	dates	deposited_biomes	primary_representatives	strict_representatives	interpretation	evidence_status	supported_dimension	ecological_transfer_limit	source_ids	source_urls	same_specimen_analogue_validation	environmental_values_imputed
Alex Fiord-Dome	False	broader_dryland_context_unresolved_analogue_scope	3	SAMN27861914;SAMN27861915;SAMN27861913	Canada: Nunavut, Northern Canada, Alexandra Fiord	78.85 N 75.9 W	1	0.0	5 - 10 cm	2013-08-03	polar desert biome [ENVO:01000186]	46	8	deposited metadata geometry; no coordinate correction or ecological independence assumed	not_assessed_in_bounded_literature_audit	deposited dryland soil context	Not an established non-analogue or certified negative control			False	False
Atacama Desert	True	bounded_regional_audit_completed_sample_ecological_correspondence_limited	3	SAMN27861920;SAMN27861919;SAMN27861921	Chile: Yungay, Atacama Desert	24.1047 S 70.0158 W;24.1042 S 70.0153 W;24.1055 S 70.0155 W	3	0.1459720006807919	0 - 3 cm	2018-12-01	desert biome [ENVO:01000179]	25	3	deposited metadata geometry; no coordinate correction or ecological independence assumed	regional_soil_analogue_supported	aridity and organic preservation in regional surface soils	Do not borrow subsurface clay water activity or salt-crust niche; actual soil mineralogy/available resources need sample evidence	ATACAMA_2003;ATACAMA_2020	https://doi.org/10.1126/science.1089143;https://doi.org/10.1038/s41598-020-76302-z	False	False
Cambridge Bay	False	broader_dryland_context_unresolved_analogue_scope	3	SAMN27861912;SAMN27861910;SAMN27861911	Canada: Nunavut, Northern Canada, Cambridge Bay	69.1306 N 105.0566 W	1	0.0	0 - 10 cm	2019-06-25	polar desert biome [ENVO:01000186]	13	4	deposited metadata geometry; no coordinate correction or ecological independence assumed	not_assessed_in_bounded_literature_audit	deposited dryland soil context	Not an established non-analogue or certified negative control			False	False
Drass Desert	False	broader_dryland_context_unresolved_analogue_scope	3	SAMN27861924;SAMN27861922;SAMN27861923	India: Drass, Ladakh	34.6488 N 76.1538 E;34.3983 N 75.9991 E;34.4126 N 75.6313 E	3	54.59602222097518	0 - 10 cm	2018-10-16	Montane desert [ENVO:01000185]	6	1	deposited metadata geometry; no coordinate correction or ecological independence assumed	not_assessed_in_bounded_literature_audit	deposited dryland soil context	Not an established non-analogue or certified negative control			False	False
Gobi Desert - China	False	broader_dryland_context_unresolved_analogue_scope	3	SAMN27861900;SAMN27861899;SAMN27861898	China: Gobi Desert	40.1417 N 95.0819 E;40.1442 N 95.0727 E	2	0.8299559072124949	0 - 10 cm	2019-07-31;2019-07-24	desert biome [ENVO:01000179]	26	5	deposited metadata geometry; no coordinate correction or ecological independence assumed	not_assessed_in_bounded_literature_audit	deposited dryland soil context	Not an established non-analogue or certified negative control			False	False
Gobi Desert - Mongolia	False	broader_dryland_context_unresolved_analogue_scope	3	SAMN27861897;SAMN27861896;SAMN27861895	Mongolia: Gobi Desert	44.573 N 105.6475 E	1	0.0	0 - 5 cm	2019-07-12	desert biome [ENVO:01000179]	2	0	deposited metadata geometry; no coordinate correction or ecological independence assumed	not_assessed_in_bounded_literature_audit	deposited dryland soil context	Not an established non-analogue or certified negative control			False	False
Hietatievat	False	broader_dryland_context_unresolved_analogue_scope	3	SAMN27861906;SAMN27861904;SAMN27861905	Finland: Northern Finland, Hietatievat / Kalmakaltio	68.4877 N 24.7036 E	1	0.0	0 - 6 cm	2019-08-16	polar desert biome [ENVO:01000186]	42	16	deposited metadata geometry; no coordinate correction or ecological independence assumed	not_assessed_in_bounded_literature_audit	deposited dryland soil context	Not an established non-analogue or certified negative control			False	False
Kalahari Desert	False	broader_dryland_context_unresolved_analogue_scope	3	SAMN27861851;SAMN27861850;SAMN27861852	South Africa: Kgalagadi Transfrontier Park, Kalahari Desert	25.9237 S 20.4426 E;26.0206 S 20.4017 E;26.1588 S 20.7153 E	3	37.757926031440675	0 - 10 cm	2017-03-23	desert biome [ENVO:01000179]	4	0	deposited metadata geometry; no coordinate correction or ecological independence assumed	not_assessed_in_bounded_literature_audit	deposited dryland soil context	Not an established non-analogue or certified negative control			False	False
Kap Hoegh	False	broader_dryland_context_unresolved_analogue_scope	3	SAMN27861916;SAMN27861918;SAMN27861917	Denmark: South Greenland, Kap Hegh	70.7339 N 21.5993 W	1	0.0	0 - 5 cm	2019-08-12	polar desert biome [ENVO:01000186]	106	19	deposited metadata geometry; no coordinate correction or ecological independence assumed	not_assessed_in_bounded_literature_audit	deposited dryland soil context	Not an established non-analogue or certified negative control			False	False
Kuwait Desert	False	broader_dryland_context_unresolved_analogue_scope	3	SAMN27861902;SAMN27861901;SAMN27861903	Kuwait: Kuwait City, Kuwait Desert	28.9497 N 48.189 E	1	0.0	0 - 5 cm	2019-07-06	desert biome [ENVO:01000179]	21	2	deposited metadata geometry; no coordinate correction or ecological independence assumed	not_assessed_in_bounded_literature_audit	deposited dryland soil context	Not an established non-analogue or certified negative control			False	False
Lagoon Island	False	broader_dryland_context_unresolved_analogue_scope	3	SAMN27861892;SAMN27861893;SAMN27861894	Antarctica: Western Antarctica, Lagoon Island	67.5946 S 68.2451 W;67.5962 S 68.2497 W;67.5912 S 68.2332 W	3	0.8934147834045786	0 - 10 cm	2017-02-01	polar desert biome [ENVO:01000186]	49	14	deposited metadata geometry; no coordinate correction or ecological independence assumed	not_assessed_in_bounded_literature_audit	deposited dryland soil context	Not an established non-analogue or certified negative control			False	False
Livingston Island	False	broader_dryland_context_unresolved_analogue_scope	3	SAMN27861890;SAMN27861889;SAMN27861891	Antarctica: Western Antarctica, Livingston Island	62.6631 S 60.3946 W;62.6631 S 60.3945 W;62.6631 S 60.3942 W	3	0.0204252798393652	0 - 10 cm	2018-02-07	polar desert biome [ENVO:01000186]	35	6	deposited metadata geometry; no coordinate correction or ecological independence assumed	not_assessed_in_bounded_literature_audit	deposited dryland soil context	Not an established non-analogue or certified negative control			False	False
McMurdo Dry Valleys	True	bounded_regional_audit_completed_sample_ecological_correspondence_limited	3	SAMN27861884;SAMN27861883;SAMN27861885	Antarctica: Eastern Antarctica, McMurdo Dry Valleys	77.57 S 163.52 E	1	0.0	0 - 10 cm	2018-01-22	polar desert biome [ENVO:01000186]	97	37	deposited metadata geometry; no coordinate correction or ecological independence assumed	regional_frozen_ground_analogue_only	polar ground-ice processes	High-elevation University/Beacon evidence is not same-point permafrost-state evidence	MDV_2013	https://doi.org/10.1016/j.pss.2013.05.019	False	False
Mojave Desert	True	bounded_regional_audit_completed_sample_ecological_correspondence_limited	3	SAMN27861882;SAMN27861881;SAMN27861880	USA: Nevada, Mojave Desert	35.7931 N 114.8618 W;35.7935 N 114.8625 W;35.7943 N 114.8631 W	3	0.1776304342957492	0 - 10 cm	2019-04-12	desert biome [ENVO:01000179]	50	11	deposited metadata geometry; no coordinate correction or ecological independence assumed	regional_other_substrate_analogue_unresolved_for_soil	carbonate masking and rock shielding in regional source	Nevada surface soil is not California carbonate bedrock; broad dryland context until matched evidence	MOJAVE_2011	https://doi.org/10.1017/S1473550411000206	False	False
Mount Seuss	True	bounded_regional_audit_completed_sample_ecological_correspondence_limited	3	SAMN27861887;SAMN27861888;SAMN27861886	Antarctica: Eastern Antarctica, Mount Seuss	77.0109 S 161.7672 E;77.0181 S 161.7417 E;77.0191 S 161.7821 E	3	1.0231910121084915	0 - 5 cm	2015-01-12	polar desert biome [ENVO:01000186]	92	13	deposited metadata geometry; no coordinate correction or ecological independence assumed	same_region_soil_ecology_process_relevance	cold oligotrophic mineral soil context	Same-region ecological donor is not same sample;44 found7.1–9.4km separation, no donor chemistry transferred	MOUNT_SEUSS_2021	https://doi.org/10.1073/pnas.2025322118	False	False
Namib Desert	True	bounded_regional_audit_completed_sample_ecological_correspondence_limited	3	SAMN27861853;SAMN27861855;SAMN27861854	Namibia: Namib Desert	23.143 S 15.207 E	1	0.0	2 - 5 cm	2019-05-01	desert biome [ENVO:01000179]	15	1	deposited metadata geometry; no coordinate correction or ecological independence assumed	regional_other_microhabitat_analogue_unresolved_for_soil	aeolian salt cementation	Published interdune pits differ in location/depth; no saline niche assigned to host	NAMIB_2016	https://doi.org/10.1002/2016GL071467	False	False
Negev Desert	True	bounded_regional_audit_completed_sample_ecological_correspondence_limited	3	SAMN27861865;SAMN27861866;SAMN27861867	Israel: Negev Desert	30.951 N 34.691 E;30.95 N 34.693 E;30.952 N 34.692 E	3	0.2419736410126089	2 - 10 cm	2017-05	desert biome [ENVO:01000179]	22	5	deposited metadata geometry; no coordinate correction or ecological independence assumed	regional_instrument_analogue_unresolved_for_ecology	radar penetration of dry sand	Artificial reflector experiment does not certify natural host ice/water or ecological resources	NEGEV_2003	https://doi.org/10.1029/2002JE001868	False	False
North Australian Desert	False	broader_dryland_context_unresolved_analogue_scope	3	SAMN27861870;SAMN27861868;SAMN27861869	Australia: Northern Territory, North Australian Desert	23.7967 S 133.8729 E;23.8886 S 133.7792 E;23.8144 S 133.8036 E	3	13.972893322175162	2 - 5 cm	2019-01-29	desert biome [ENVO:01000179]	18	1	deposited metadata geometry; no coordinate correction or ecological independence assumed	not_assessed_in_bounded_literature_audit	deposited dryland soil context	Not an established non-analogue or certified negative control			False	False
Peary Land	False	broader_dryland_context_unresolved_analogue_scope	3	SAMN27861876;SAMN27861875;SAMN27861874	Denmark: North Greenland, Brnlundhus, Peary land	82.1 N 32.55 W	1	0.0	0 - 5 cm	not applicable	polar desert biome [ENVO:01000186]	8	2	deposited metadata geometry; no coordinate correction or ecological independence assumed	not_assessed_in_bounded_literature_audit	deposited dryland soil context	Not an established non-analogue or certified negative control			False	False
Richtersveld	False	broader_dryland_context_unresolved_analogue_scope	3	SAMN27861856;SAMN27861857;SAMN27861858	South Africa: Richtersveld	28.1897 S 17.1181 E;28.2161 S 17.1181 E;28.1118 S 16.9082 E	3	23.619786048340806	0 - 10 cm	2017-03-21	desert biome [ENVO:01000179]	9	0	deposited metadata geometry; no coordinate correction or ecological independence assumed	not_assessed_in_bounded_literature_audit	deposited dryland soil context	Not an established non-analogue or certified negative control			False	False
Sahara Desert - Douz-Matmata	False	broader_dryland_context_unresolved_analogue_scope	3	SAMN27861864;SAMN27861863;SAMN27861862	Tunisia: Douz-Matmata, Sahara Desert	33.5837 N 9.6902 E;33.584 N 9.6894 E;33.5833 N 9.689 E	3	0.1197294524369455	0 - 10 cm	2018-12-30	desert biome [ENVO:01000179]	8	1	deposited metadata geometry; no coordinate correction or ecological independence assumed	not_assessed_in_bounded_literature_audit	deposited dryland soil context	Not an established non-analogue or certified negative control			False	False
Sahara Desert - Ksar Ghilane	False	broader_dryland_context_unresolved_analogue_scope	3	SAMN27861861;SAMN27861859;SAMN27861860	Tunisia: Ksar Ghilane, Sahara Desert	32.9808 N 9.6306 E;32.9822 N 9.6302 E;32.9811 N 9.6294 E	3	0.1600817654481495	0 - 10 cm	2018-12-30	desert biome [ENVO:01000179]	13	2	deposited metadata geometry; no coordinate correction or ecological independence assumed	not_assessed_in_bounded_literature_audit	deposited dryland soil context	Not an established non-analogue or certified negative control			False	False
Sonoran Desert	False	broader_dryland_context_unresolved_analogue_scope	3	SAMN27861877;SAMN27861879;SAMN27861878	USA: Arizona, Sonoran Desert	32.2501 N 111.1655 W;32.2464 N 111.1669 W;32.2495 N 111.1661 W	3	0.431974710238566	0 - 10 cm	2018-12-13	desert biome [ENVO:01000179]	11	2	deposited metadata geometry; no coordinate correction or ecological independence assumed	not_assessed_in_bounded_literature_audit	deposited dryland soil context	Not an established non-analogue or certified negative control			False	False
South Australian Desert	False	broader_dryland_context_unresolved_analogue_scope	3	SAMN27861872;SAMN27861871;SAMN27861873	Australia: Roxby Downs, South Australia, South Australian Desert	30.53 S 136.97 E;30.5301 S 136.9783 E	2	0.7950460477676611	2 - 5 cm	2018-04-12	desert biome [ENVO:01000179]	13	0	deposited metadata geometry; no coordinate correction or ecological independence assumed	not_assessed_in_bounded_literature_audit	deposited dryland soil context	Not an established non-analogue or certified negative control			False	False
Svalbard	False	broader_dryland_context_unresolved_analogue_scope	3	SAMN27861907;SAMN27861908;SAMN27861909	Norway: Kongsfjorden, Svalbard	78.9145 N 11.8841 E	1	0.0	0 - 10 cm	2013-08	polar desert biome [ENVO:01000186]	8	1	deposited metadata geometry; no coordinate correction or ecological independence assumed	not_assessed_in_bounded_literature_audit	deposited dryland soil context	Not an established non-analogue or certified negative control			False	False
