stable_id	protein_id	dataset_id	genome_id	original_protein_id	ani_cluster_95	gtdb_taxonomy_r226	length_aa	cxxch_count	cxxch_positions	cxxch_motifs
DPFQ008_01	qaidam_basin_mmag_1773|qaidam_basin_mmag_1773_CHGRbin13|k141_1676527_length_2427_cov_16.7135_5	qaidam_basin_mmag_1773	qaidam_basin_mmag_1773_CHGRbin13	k141_1676527_length_2427_cov_16.7135_5	ANI95_01505	d__Bacteria;p__Gemmatimonadota;c__Gemmatimonadetes;o__Longimicrobiales;f__Longimicrobiaceae;g__;s__	321	2	96;225	CSNCH;CAVCH
DPFQ008_02	qaidam_basin_mmag_1773|qaidam_basin_mmag_1773_CHGRbin21|k141_121601_length_11112_cov_23.0792_5	qaidam_basin_mmag_1773	qaidam_basin_mmag_1773_CHGRbin21	k141_121601_length_11112_cov_23.0792_5	ANI95_01511	d__Bacteria;p__Actinomycetota;c__CADDZG01;o__CADDZG01;f__WHSQ01;g__MB1-2;s__	359	2	134;263	CSNCH;CAVCH
DPFQ008_03	qaidam_basin_mmag_1773|qaidam_basin_mmag_1773_CJ0912_25_30bin23|k141_602614_length_7556_cov_45.9962_8	qaidam_basin_mmag_1773	qaidam_basin_mmag_1773_CJ0912_25_30bin23	k141_602614_length_7556_cov_45.9962_8	ANI95_01647	d__Bacteria;p__Actinomycetota;c__CADDZG01;o__CADDZG01;f__WHSQ01;g__MB1-2;s__	359	2	134;263	CANCH;CAVCH
DPFQ008_04	qaidam_basin_mmag_1773|qaidam_basin_mmag_1773_CJS_1_0912bin3|k141_234690_length_3671_cov_45.7527_4	qaidam_basin_mmag_1773	qaidam_basin_mmag_1773_CJS_1_0912bin3	k141_234690_length_3671_cov_45.7527_4	ANI95_01795	d__Bacteria;p__Actinomycetota;c__CADDZG01;o__CADDZG01;f__WHSQ01;g__;s__	359	2	134;263	CSNCH;CAVCH
DPFQ008_05	qaidam_basin_mmag_1773|qaidam_basin_mmag_1773_DLTCJS10_15bin74|k141_384968_length_16397_cov_18.8614_17	qaidam_basin_mmag_1773	qaidam_basin_mmag_1773_DLTCJS10_15bin74	k141_384968_length_16397_cov_18.8614_17	ANI95_01852	d__Bacteria;p__Actinomycetota;c__CADDZG01;o__CADDZG01;f__WHSQ01;g__CALMBW01;s__	336	2	135;254	CAFCH;CAVCH
DPFQ008_06	qaidam_basin_mmag_1773|qaidam_basin_mmag_1773_DLTCJS25_30bin58|k141_1313972_length_11200_cov_19.5138_5	qaidam_basin_mmag_1773	qaidam_basin_mmag_1773_DLTCJS25_30bin58	k141_1313972_length_11200_cov_19.5138_5	ANI95_01941	d__Bacteria;p__Actinomycetota;c__CADDZG01;o__CADDZG01;f__WHSQ01;g__;s__	359	2	134;263	CSNCH;CAVCH
DPFQ008_07	qaidam_basin_mmag_1773|qaidam_basin_mmag_1773_L_0707_10_15bin48|k141_103135_length_55457_cov_75.9190_10	qaidam_basin_mmag_1773	qaidam_basin_mmag_1773_L_0707_10_15bin48	k141_103135_length_55457_cov_75.9190_10	ANI95_02168	d__Bacteria;p__Actinomycetota;c__CADDZG01;o__CADDZG01;f__WHSQ01;g__;s__	370	2	137;270	CQLCH;CAVCH
DPFQ008_08	qaidam_basin_mmag_1773|qaidam_basin_mmag_1773_L_0707_10_15bin61|k141_453949_length_40267_cov_87.0631_42	qaidam_basin_mmag_1773	qaidam_basin_mmag_1773_L_0707_10_15bin61	k141_453949_length_40267_cov_87.0631_42	ANI95_02183	d__Bacteria;p__Actinomycetota;c__CADDZG01;o__CADDZG01;f__WHSQ01;g__MB1-2;s__	359	2	134;263	CANCH;CAVCH
DPFQ008_09	qaidam_basin_mmag_1773|qaidam_basin_mmag_1773_L_0707_10_15bin61|k141_547765_length_28453_cov_98.0110_34	qaidam_basin_mmag_1773	qaidam_basin_mmag_1773_L_0707_10_15bin61	k141_547765_length_28453_cov_98.0110_34	ANI95_02183	d__Bacteria;p__Actinomycetota;c__CADDZG01;o__CADDZG01;f__WHSQ01;g__MB1-2;s__	359	2	134;263	CANCH;CAVCH
DPFQ008_10	qaidam_basin_mmag_1773|qaidam_basin_mmag_1773_L_0707_10_15bin8|k141_894493_length_9067_cov_191.7307_2	qaidam_basin_mmag_1773	qaidam_basin_mmag_1773_L_0707_10_15bin8	k141_894493_length_9067_cov_191.7307_2	ANI95_02197	d__Bacteria;p__Actinomycetota;c__CADDZG01;o__CADDZG01;f__WHSQ01;g__;s__	359	2	134;263	CSNCH;CAVCH
DPFQ008_11	qaidam_basin_mmag_1773|qaidam_basin_mmag_1773_L_0707_15_20bin14|k141_23060_length_86366_cov_200.4849_51	qaidam_basin_mmag_1773	qaidam_basin_mmag_1773_L_0707_15_20bin14	k141_23060_length_86366_cov_200.4849_51	ANI95_02204	d__Bacteria;p__Actinomycetota;c__CADDZG01;o__CADDZG01;f__WHSQ01;g__JALZEA01;s__	351	2	135;252	CANCH;CVVCH
DPFQ008_12	qaidam_basin_mmag_1773|qaidam_basin_mmag_1773_L_0707_15_20bin47|k141_10700_length_6052_cov_282.7467_5	qaidam_basin_mmag_1773	qaidam_basin_mmag_1773_L_0707_15_20bin47	k141_10700_length_6052_cov_282.7467_5	ANI95_02230	d__Bacteria;p__Actinomycetota;c__CADDZG01;o__CADDZG01;f__WHSQ01;g__MB1-2;s__	358	2	134;262	CSNCH;CAVCH
DPFQ008_13	qaidam_basin_mmag_1773|qaidam_basin_mmag_1773_L_0707_2_5bin30|k141_1525004_length_20847_cov_29.8884_22	qaidam_basin_mmag_1773	qaidam_basin_mmag_1773_L_0707_2_5bin30	k141_1525004_length_20847_cov_29.8884_22	ANI95_02267	d__Bacteria;p__Actinomycetota;c__CADDZG01;o__CADDZG01;f__WHSQ01;g__MB1-2;s__	359	2	134;263	CANCH;CAVCH
DPFQ008_14	qaidam_basin_mmag_1773|qaidam_basin_mmag_1773_L_0707_40_50bin5|k141_191208_length_18020_cov_12.0000_9	qaidam_basin_mmag_1773	qaidam_basin_mmag_1773_L_0707_40_50bin5	k141_191208_length_18020_cov_12.0000_9	ANI95_02337	d__Bacteria;p__Actinomycetota;c__CADDZG01;o__CADDZG01;f__WHSQ01;g__JALZEA01;s__	352	2	135;253	CANCH;CALCH
DPFQ008_15	qaidam_basin_mmag_1773|qaidam_basin_mmag_1773_L_21_NSL5_10bin15|k141_1003652_length_2725_cov_53.6389_2	qaidam_basin_mmag_1773	qaidam_basin_mmag_1773_L_21_NSL5_10bin15	k141_1003652_length_2725_cov_53.6389_2	ANI95_02465	d__Bacteria;p__Actinomycetota;c__CADDZG01;o__CADDZG01;f__WHSQ01;g__;s__	359	2	134;263	CSNCH;CAVCH
DPFQ008_16	qaidam_basin_mmag_1773|qaidam_basin_mmag_1773_NSL35_40bin20|k141_355820_length_11977_cov_48.3172_3	qaidam_basin_mmag_1773	qaidam_basin_mmag_1773_NSL35_40bin20	k141_355820_length_11977_cov_48.3172_3	ANI95_02560	d__Bacteria;p__Actinomycetota;c__CADDZG01;o__CADDZG01;f__WHSQ01;g__CALMBW01;s__	325	2	135;243	CAFCH;CAVCH
DPFQ008_17	qaidam_basin_mmag_1773|qaidam_basin_mmag_1773_NSLT21bin14|k141_1126522_length_322413_cov_28.1246_274	qaidam_basin_mmag_1773	qaidam_basin_mmag_1773_NSLT21bin14	k141_1126522_length_322413_cov_28.1246_274	ANI95_02587	d__Bacteria;p__Actinomycetota;c__CADDZG01;o__CADDZG01;f__WHSQ01;g__MB1-2;s__	359	2	134;263	CANCH;CAVCH
DPFQ008_18	qaidam_basin_mmag_1773|qaidam_basin_mmag_1773_NSLT22bin34|k141_85724_length_181751_cov_37.4608_49	qaidam_basin_mmag_1773	qaidam_basin_mmag_1773_NSLT22bin34	k141_85724_length_181751_cov_37.4608_49	ANI95_02621	d__Bacteria;p__Actinomycetota;c__CADDZG01;o__CADDZG01;f__WHSQ01;g__DATLNM01;s__	335	2	135;241	CAQCH;CAVCH
DPFQ008_19	qaidam_basin_mmag_1773|qaidam_basin_mmag_1773_NSLT22bin54|k141_501752_length_24403_cov_75.1165_5	qaidam_basin_mmag_1773	qaidam_basin_mmag_1773_NSLT22bin54	k141_501752_length_24403_cov_75.1165_5	ANI95_02637	d__Bacteria;p__Actinomycetota;c__CADDZG01;o__CADDZG01;f__WHSQ01;g__MB1-2;s__	359	2	134;263	CANCH;CAVCH
DPFQ008_20	qaidam_basin_mmag_1773|qaidam_basin_mmag_1773_YX2bin12|k141_1284666_length_3763_cov_71.9464_3	qaidam_basin_mmag_1773	qaidam_basin_mmag_1773_YX2bin12	k141_1284666_length_3763_cov_71.9464_3	ANI95_02707	d__Bacteria;p__Actinomycetota;c__CADDZG01;o__CADDZG01;f__WHSQ01;g__JAUJNI01;s__JAUJNI01 sp030446465	339	2	133;258	CATCH;CAVCH
