gate	strategy_axis	panel_KO_count	KOs_detected_in_at_least_one_sample	detected_KOs
broad	cell_maintenance	52	48	K00108,K00130,K00383,K00384,K00697,K00836,K01087,K01139,K01546,K01547,K01548,K01669,K02000,K02001,K02002,K03386,K03387,K03553,K03555,K03572,K03573,K03581,K03582,K03583,K03657,K03671,K03701,K03702,K03703,K03704,K03781,K03782,K04047,K04564,K04565,K05343,K05592,K06381,K06390,K06718,K06720,K07646,K07667,K07699,K10255,K10674,K21687,K21688
broad	energy_acquisition	18	11	K00441,K01601,K01602,K03518,K03519,K03520,K17222,K17223,K17224,K17225,K17229
broad	surface_retention	4	4	K00066,K00694,K11935,K20543
primary	cell_maintenance	52	48	K00108,K00130,K00383,K00384,K00697,K00836,K01087,K01139,K01546,K01547,K01548,K01669,K02000,K02001,K02002,K03386,K03387,K03553,K03555,K03572,K03573,K03581,K03582,K03583,K03657,K03671,K03701,K03702,K03703,K03704,K03781,K03782,K04047,K04564,K04565,K05343,K05592,K06381,K06390,K06718,K06720,K07646,K07667,K07699,K10255,K10674,K21687,K21688
primary	energy_acquisition	18	11	K00441,K01601,K01602,K03518,K03519,K03520,K17222,K17223,K17224,K17225,K17229
primary	surface_retention	4	4	K00066,K00694,K11935,K20543
stringent	cell_maintenance	52	48	K00108,K00130,K00383,K00384,K00697,K00836,K01087,K01139,K01546,K01547,K01548,K01669,K02000,K02001,K02002,K03386,K03387,K03553,K03555,K03572,K03573,K03581,K03582,K03583,K03657,K03671,K03701,K03702,K03703,K03704,K03781,K03782,K04047,K04564,K04565,K05343,K05592,K06381,K06390,K06718,K06720,K07646,K07667,K07699,K10255,K10674,K21687,K21688
stringent	energy_acquisition	18	11	K00441,K01601,K01602,K03518,K03519,K03520,K17222,K17223,K17224,K17225,K17229
stringent	surface_retention	4	4	K00066,K00694,K11935,K20543
