domain,lineage_id,module,strategy_axis,panel_KOs,genomes,mean_marker_breadth,median_marker_breadth,q25_marker_breadth,q75_marker_breadth,genomes_with_any_marker,fraction_with_any_marker
Archaea,A_L001,cold_protein_quality,cell_maintenance,4,29,0.120689655172414,0,0,0.25,14,0.482758620689655
Archaea,A_L001,dna_repair_radiation,cell_maintenance,13,29,0.217506631299735,0.230769230769231,0.153846153846154,0.307692307692308,27,0.931034482758621
Archaea,A_L001,dormancy_resuscitation,cell_maintenance,5,29,0,0,0,0,0,0
Archaea,A_L001,osmotic_desiccation_salt,cell_maintenance,17,29,0.0283975659229209,0,0,0,6,0.206896551724138
Archaea,A_L001,oxidative_redox,cell_maintenance,10,29,0.386206896551724,0.4,0.4,0.4,29,1
Archaea,A_L001,light_energy,energy_acquisition,2,29,0,0,0,0,0,0
Archaea,A_L001,sulfur_chemolithotrophy,energy_acquisition,7,29,0,0,0,0,0,0
Archaea,A_L001,trace_gas_energy,energy_acquisition,9,29,0.0613026819923371,0,0,0,7,0.241379310344828
Archaea,A_L002,cold_protein_quality,cell_maintenance,4,19,0.0921052631578947,0,0,0.25,7,0.368421052631579
Archaea,A_L002,dna_repair_radiation,cell_maintenance,13,19,0.230769230769231,0.230769230769231,0.153846153846154,0.307692307692308,17,0.894736842105263
Archaea,A_L002,dormancy_resuscitation,cell_maintenance,5,19,0,0,0,0,0,0
Archaea,A_L002,osmotic_desiccation_salt,cell_maintenance,17,19,0.120743034055728,0.117647058823529,0.0588235294117647,0.176470588235294,15,0.789473684210526
Archaea,A_L002,oxidative_redox,cell_maintenance,10,19,0.305263157894737,0.3,0.2,0.4,19,1
Archaea,A_L002,light_energy,energy_acquisition,2,19,0,0,0,0,0,0
Archaea,A_L002,sulfur_chemolithotrophy,energy_acquisition,7,19,0,0,0,0,0,0
Archaea,A_L002,trace_gas_energy,energy_acquisition,9,19,0.087719298245614,0.111111111111111,0,0.111111111111111,10,0.526315789473684
Archaea,A_L003,cold_protein_quality,cell_maintenance,4,3,0.0833333333333333,0,0,0.125,1,0.333333333333333
Archaea,A_L003,dna_repair_radiation,cell_maintenance,13,3,0.282051282051282,0.307692307692308,0.26923076923077,0.307692307692308,3,1
Archaea,A_L003,dormancy_resuscitation,cell_maintenance,5,3,0,0,0,0,0,0
Archaea,A_L003,osmotic_desiccation_salt,cell_maintenance,17,3,0,0,0,0,0,0
Archaea,A_L003,oxidative_redox,cell_maintenance,10,3,0.3,0.3,0.25,0.35,3,1
Archaea,A_L003,light_energy,energy_acquisition,2,3,0,0,0,0,0,0
Archaea,A_L003,sulfur_chemolithotrophy,energy_acquisition,7,3,0,0,0,0,0,0
Archaea,A_L003,trace_gas_energy,energy_acquisition,9,3,0,0,0,0,0,0
Archaea,A_L004,cold_protein_quality,cell_maintenance,4,170,0.139705882352941,0.25,0,0.25,95,0.558823529411765
Archaea,A_L004,dna_repair_radiation,cell_maintenance,13,170,0.405882352941177,0.423076923076924,0.307692307692308,0.461538461538462,170,1
Archaea,A_L004,dormancy_resuscitation,cell_maintenance,5,170,0,0,0,0,0,0
Archaea,A_L004,osmotic_desiccation_salt,cell_maintenance,17,170,0.0896193771626296,0.117647058823529,0,0.117647058823529,122,0.717647058823529
Archaea,A_L004,oxidative_redox,cell_maintenance,10,170,0.35,0.4,0.3,0.4,170,1
Archaea,A_L004,light_energy,energy_acquisition,2,170,0.326470588235294,0,0,0.5,81,0.476470588235294
Archaea,A_L004,sulfur_chemolithotrophy,energy_acquisition,7,170,0.000840336134453784,0,0,0,1,0.00588235294117647
Archaea,A_L004,trace_gas_energy,energy_acquisition,9,170,0.173856209150327,0.111111111111111,0,0.333333333333333,117,0.688235294117647
Archaea,A_L005,cold_protein_quality,cell_maintenance,4,3,0.166666666666667,0.25,0.125,0.25,2,0.666666666666667
Archaea,A_L005,dna_repair_radiation,cell_maintenance,13,3,0.230769230769231,0.230769230769231,0.192307692307693,0.26923076923077,3,1
Archaea,A_L005,dormancy_resuscitation,cell_maintenance,5,3,0,0,0,0,0,0
Archaea,A_L005,osmotic_desiccation_salt,cell_maintenance,17,3,0.176470588235294,0.235294117647059,0.147058823529412,0.235294117647059,3,1
Archaea,A_L005,oxidative_redox,cell_maintenance,10,3,0.366666666666667,0.3,0.3,0.4,3,1
Archaea,A_L005,light_energy,energy_acquisition,2,3,0,0,0,0,0,0
Archaea,A_L005,sulfur_chemolithotrophy,energy_acquisition,7,3,0,0,0,0,0,0
Archaea,A_L005,trace_gas_energy,energy_acquisition,9,3,0.222222222222222,0.222222222222222,0.222222222222222,0.222222222222222,3,1
Archaea,A_L006,cold_protein_quality,cell_maintenance,4,9,0.0277777777777778,0,0,0,1,0.111111111111111
Archaea,A_L006,dna_repair_radiation,cell_maintenance,13,9,0.0854700854700855,0.0769230769230769,0.0769230769230769,0.0769230769230769,7,0.777777777777778
Archaea,A_L006,dormancy_resuscitation,cell_maintenance,5,9,0,0,0,0,0,0
Archaea,A_L006,osmotic_desiccation_salt,cell_maintenance,17,9,0,0,0,0,0,0
Archaea,A_L006,oxidative_redox,cell_maintenance,10,9,0.255555555555556,0.3,0.2,0.3,9,1
Archaea,A_L006,light_energy,energy_acquisition,2,9,0,0,0,0,0,0
Archaea,A_L006,sulfur_chemolithotrophy,energy_acquisition,7,9,0,0,0,0,0,0
Archaea,A_L006,trace_gas_energy,energy_acquisition,9,9,0.0123456790123457,0,0,0,1,0.111111111111111
Bacteria,B_L001,cold_protein_quality,cell_maintenance,4,820,0.342073170731707,0.25,0.25,0.5,764,0.931707317073171
Bacteria,B_L001,dna_repair_radiation,cell_maintenance,13,820,0.428330206378987,0.384615384615385,0.307692307692308,0.538461538461538,819,0.998780487804878
Bacteria,B_L001,dormancy_resuscitation,cell_maintenance,5,820,0.253658536585366,0.2,0.2,0.4,706,0.860975609756098
Bacteria,B_L001,osmotic_desiccation_salt,cell_maintenance,17,820,0.222094691535151,0.176470588235294,0.117647058823529,0.352941176470588,771,0.940243902439024
Bacteria,B_L001,oxidative_redox,cell_maintenance,10,820,0.315121951219512,0.3,0.2,0.4,812,0.990243902439024
Bacteria,B_L001,light_energy,energy_acquisition,2,820,0,0,0,0,0,0
Bacteria,B_L001,sulfur_chemolithotrophy,energy_acquisition,7,820,0.000348432055749129,0,0,0,1,0.00121951219512195
Bacteria,B_L001,trace_gas_energy,energy_acquisition,9,820,0.232655826558265,0.222222222222222,0,0.333333333333333,612,0.746341463414634
Bacteria,B_L002,cold_protein_quality,cell_maintenance,4,198,0.16540404040404,0.25,0,0.25,101,0.51010101010101
Bacteria,B_L002,dna_repair_radiation,cell_maintenance,13,198,0.446386946386946,0.461538461538462,0.384615384615385,0.538461538461538,198,1
Bacteria,B_L002,dormancy_resuscitation,cell_maintenance,5,198,0.161616161616162,0.2,0,0.2,137,0.691919191919192
Bacteria,B_L002,osmotic_desiccation_salt,cell_maintenance,17,198,0.183600713012478,0.176470588235294,0.117647058823529,0.235294117647059,193,0.974747474747475
Bacteria,B_L002,oxidative_redox,cell_maintenance,10,198,0.28989898989899,0.3,0.2,0.4,194,0.97979797979798
Bacteria,B_L002,light_energy,energy_acquisition,2,198,0,0,0,0,0,0
Bacteria,B_L002,sulfur_chemolithotrophy,energy_acquisition,7,198,0.00360750360750361,0,0,0,5,0.0252525252525253
Bacteria,B_L002,trace_gas_energy,energy_acquisition,9,198,0.201459034792368,0.222222222222222,0.111111111111111,0.333333333333333,153,0.772727272727273
Bacteria,B_L003,cold_protein_quality,cell_maintenance,4,23,0.358695652173913,0.5,0.25,0.5,20,0.869565217391304
Bacteria,B_L003,dna_repair_radiation,cell_maintenance,13,23,0.648829431438127,0.692307692307692,0.538461538461538,0.769230769230769,23,1
Bacteria,B_L003,dormancy_resuscitation,cell_maintenance,5,23,0.339130434782609,0.4,0.2,0.4,23,1
Bacteria,B_L003,osmotic_desiccation_salt,cell_maintenance,17,23,0.173913043478261,0.176470588235294,0.117647058823529,0.235294117647059,19,0.826086956521739
Bacteria,B_L003,oxidative_redox,cell_maintenance,10,23,0.439130434782609,0.5,0.3,0.55,23,1
Bacteria,B_L003,light_energy,energy_acquisition,2,23,0,0,0,0,0,0
Bacteria,B_L003,sulfur_chemolithotrophy,energy_acquisition,7,23,0,0,0,0,0,0
Bacteria,B_L003,trace_gas_energy,energy_acquisition,9,23,0.188405797101449,0.222222222222222,0.166666666666667,0.222222222222222,19,0.826086956521739
Bacteria,B_L004,cold_protein_quality,cell_maintenance,4,1,0.25,0.25,0.25,0.25,1,1
Bacteria,B_L004,dna_repair_radiation,cell_maintenance,13,1,0.538461538461538,0.538461538461538,0.538461538461538,0.538461538461538,1,1
Bacteria,B_L004,dormancy_resuscitation,cell_maintenance,5,1,0.2,0.2,0.2,0.2,1,1
Bacteria,B_L004,osmotic_desiccation_salt,cell_maintenance,17,1,0.0588235294117647,0.0588235294117647,0.0588235294117647,0.0588235294117647,1,1
Bacteria,B_L004,oxidative_redox,cell_maintenance,10,1,0.4,0.4,0.4,0.4,1,1
Bacteria,B_L004,light_energy,energy_acquisition,2,1,0,0,0,0,0,0
Bacteria,B_L004,sulfur_chemolithotrophy,energy_acquisition,7,1,0,0,0,0,0,0
Bacteria,B_L004,trace_gas_energy,energy_acquisition,9,1,0.333333333333333,0.333333333333333,0.333333333333333,0.333333333333333,1,1
Bacteria,B_L005,cold_protein_quality,cell_maintenance,4,209,0.289473684210526,0.25,0.25,0.5,168,0.803827751196172
Bacteria,B_L005,dna_repair_radiation,cell_maintenance,13,209,0.613176297386824,0.615384615384615,0.538461538461538,0.692307692307692,209,1
Bacteria,B_L005,dormancy_resuscitation,cell_maintenance,5,209,0.133014354066986,0.2,0,0.2,131,0.626794258373206
Bacteria,B_L005,osmotic_desiccation_salt,cell_maintenance,17,209,0.150014072614692,0.176470588235294,0.0588235294117647,0.235294117647059,182,0.870813397129187
Bacteria,B_L005,oxidative_redox,cell_maintenance,10,209,0.419138755980861,0.4,0.3,0.5,208,0.995215311004785
Bacteria,B_L005,light_energy,energy_acquisition,2,209,0,0,0,0,0,0
Bacteria,B_L005,sulfur_chemolithotrophy,energy_acquisition,7,209,0.0123034859876965,0,0,0,18,0.0861244019138756
Bacteria,B_L005,trace_gas_energy,energy_acquisition,9,209,0.00850611376927166,0,0,0,12,0.0574162679425837
Bacteria,B_L006,cold_protein_quality,cell_maintenance,4,345,0.33768115942029,0.25,0.25,0.5,289,0.83768115942029
Bacteria,B_L006,dna_repair_radiation,cell_maintenance,13,345,0.672909698996655,0.692307692307692,0.538461538461538,0.769230769230769,345,1
Bacteria,B_L006,dormancy_resuscitation,cell_maintenance,5,345,0.144347826086957,0.2,0,0.2,247,0.715942028985507
Bacteria,B_L006,osmotic_desiccation_salt,cell_maintenance,17,345,0.217732310315431,0.176470588235294,0.0588235294117647,0.294117647058824,287,0.831884057971015
Bacteria,B_L006,oxidative_redox,cell_maintenance,10,345,0.464927536231884,0.5,0.3,0.6,345,1
Bacteria,B_L006,light_energy,energy_acquisition,2,345,0,0,0,0,0,0
Bacteria,B_L006,sulfur_chemolithotrophy,energy_acquisition,7,345,0.116770186335404,0,0,0.142857142857143,107,0.310144927536232
Bacteria,B_L006,trace_gas_energy,energy_acquisition,9,345,0.103703703703704,0,0,0.222222222222222,140,0.405797101449275
Bacteria,B_L007,cold_protein_quality,cell_maintenance,4,42,0.464285714285714,0.5,0.25,0.5,42,1
Bacteria,B_L007,dna_repair_radiation,cell_maintenance,13,42,0.505494505494506,0.538461538461538,0.384615384615385,0.615384615384615,42,1
Bacteria,B_L007,dormancy_resuscitation,cell_maintenance,5,42,0.119047619047619,0.2,0,0.2,25,0.595238095238095
Bacteria,B_L007,osmotic_desiccation_salt,cell_maintenance,17,42,0.105042016806723,0.117647058823529,0,0.161764705882353,29,0.690476190476191
Bacteria,B_L007,oxidative_redox,cell_maintenance,10,42,0.573809523809524,0.6,0.4,0.7,42,1
Bacteria,B_L007,light_energy,energy_acquisition,2,42,0,0,0,0,0,0
Bacteria,B_L007,sulfur_chemolithotrophy,energy_acquisition,7,42,0,0,0,0,0,0
Bacteria,B_L007,trace_gas_energy,energy_acquisition,9,42,0.0211640211640211,0,0,0,4,0.0952380952380952
Bacteria,B_L008,cold_protein_quality,cell_maintenance,4,110,0.406818181818182,0.25,0.25,0.5,110,1
Bacteria,B_L008,dna_repair_radiation,cell_maintenance,13,110,0.486713286713287,0.538461538461538,0.307692307692308,0.615384615384615,110,1
Bacteria,B_L008,dormancy_resuscitation,cell_maintenance,5,110,0.110909090909091,0.2,0,0.2,61,0.554545454545455
Bacteria,B_L008,osmotic_desiccation_salt,cell_maintenance,17,110,0.296791443850267,0.352941176470588,0.176470588235294,0.397058823529412,106,0.963636363636364
Bacteria,B_L008,oxidative_redox,cell_maintenance,10,110,0.517272727272727,0.55,0.4,0.6,110,1
Bacteria,B_L008,light_energy,energy_acquisition,2,110,0,0,0,0,0,0
Bacteria,B_L008,sulfur_chemolithotrophy,energy_acquisition,7,110,0.284415584415584,0.142857142857143,0,0.571428571428571,62,0.563636363636364
Bacteria,B_L008,trace_gas_energy,energy_acquisition,9,110,0.284848484848485,0.333333333333333,0.138888888888889,0.333333333333333,87,0.790909090909091
Bacteria,B_L009,cold_protein_quality,cell_maintenance,4,1,0.25,0.25,0.25,0.25,1,1
Bacteria,B_L009,dna_repair_radiation,cell_maintenance,13,1,0.461538461538462,0.461538461538462,0.461538461538462,0.461538461538462,1,1
Bacteria,B_L009,dormancy_resuscitation,cell_maintenance,5,1,0,0,0,0,0,0
Bacteria,B_L009,osmotic_desiccation_salt,cell_maintenance,17,1,0.235294117647059,0.235294117647059,0.235294117647059,0.235294117647059,1,1
Bacteria,B_L009,oxidative_redox,cell_maintenance,10,1,0.2,0.2,0.2,0.2,1,1
Bacteria,B_L009,light_energy,energy_acquisition,2,1,0,0,0,0,0,0
Bacteria,B_L009,sulfur_chemolithotrophy,energy_acquisition,7,1,0,0,0,0,0,0
Bacteria,B_L009,trace_gas_energy,energy_acquisition,9,1,0.444444444444444,0.444444444444444,0.444444444444444,0.444444444444444,1,1
Bacteria,B_L010,cold_protein_quality,cell_maintenance,4,7,0.464285714285714,0.5,0.25,0.625,7,1
Bacteria,B_L010,dna_repair_radiation,cell_maintenance,13,7,0.56043956043956,0.615384615384615,0.423076923076924,0.692307692307692,7,1
Bacteria,B_L010,dormancy_resuscitation,cell_maintenance,5,7,0.114285714285714,0.2,0,0.2,4,0.571428571428571
Bacteria,B_L010,osmotic_desiccation_salt,cell_maintenance,17,7,0.226890756302521,0.294117647058824,0.117647058823529,0.323529411764706,7,1
Bacteria,B_L010,oxidative_redox,cell_maintenance,10,7,0.528571428571429,0.5,0.45,0.6,7,1
Bacteria,B_L010,light_energy,energy_acquisition,2,7,0,0,0,0,0,0
Bacteria,B_L010,sulfur_chemolithotrophy,energy_acquisition,7,7,0.0204081632653061,0,0,0,1,0.142857142857143
Bacteria,B_L010,trace_gas_energy,energy_acquisition,9,7,0.0952380952380951,0,0,0.166666666666667,3,0.428571428571429
Bacteria,B_L011,cold_protein_quality,cell_maintenance,4,3,0.416666666666667,0.5,0.375,0.5,3,1
Bacteria,B_L011,dna_repair_radiation,cell_maintenance,13,3,0.487179487179487,0.615384615384615,0.384615384615385,0.653846153846154,3,1
Bacteria,B_L011,dormancy_resuscitation,cell_maintenance,5,3,0.2,0.2,0.2,0.2,3,1
Bacteria,B_L011,osmotic_desiccation_salt,cell_maintenance,17,3,0.313725490196078,0.235294117647059,0.176470588235294,0.411764705882353,3,1
Bacteria,B_L011,oxidative_redox,cell_maintenance,10,3,0.533333333333333,0.5,0.45,0.6,3,1
Bacteria,B_L011,light_energy,energy_acquisition,2,3,0,0,0,0,0,0
Bacteria,B_L011,sulfur_chemolithotrophy,energy_acquisition,7,3,0,0,0,0,0,0
Bacteria,B_L011,trace_gas_energy,energy_acquisition,9,3,0.333333333333333,0.333333333333333,0.277777777777777,0.388888888888889,3,1
Bacteria,B_L012,cold_protein_quality,cell_maintenance,4,26,0.471153846153846,0.5,0.25,0.75,26,1
Bacteria,B_L012,dna_repair_radiation,cell_maintenance,13,26,0.57396449704142,0.615384615384615,0.538461538461538,0.692307692307692,26,1
Bacteria,B_L012,dormancy_resuscitation,cell_maintenance,5,26,0.138461538461538,0.2,0,0.2,18,0.692307692307692
Bacteria,B_L012,osmotic_desiccation_salt,cell_maintenance,17,26,0.235294117647059,0.264705882352942,0.117647058823529,0.352941176470588,24,0.923076923076923
Bacteria,B_L012,oxidative_redox,cell_maintenance,10,26,0.611538461538462,0.6,0.525,0.7,26,1
Bacteria,B_L012,light_energy,energy_acquisition,2,26,0,0,0,0,0,0
Bacteria,B_L012,sulfur_chemolithotrophy,energy_acquisition,7,26,0.0054945054945055,0,0,0,1,0.0384615384615385
Bacteria,B_L012,trace_gas_energy,energy_acquisition,9,26,0.00854700854700854,0,0,0,2,0.0769230769230769
Bacteria,B_L013,cold_protein_quality,cell_maintenance,4,17,0.338235294117647,0.25,0.25,0.5,17,1
Bacteria,B_L013,dna_repair_radiation,cell_maintenance,13,17,0.502262443438914,0.538461538461538,0.461538461538462,0.538461538461538,17,1
Bacteria,B_L013,dormancy_resuscitation,cell_maintenance,5,17,0.105882352941177,0.2,0,0.2,9,0.529411764705882
Bacteria,B_L013,osmotic_desiccation_salt,cell_maintenance,17,17,0.249134948096886,0.176470588235294,0.176470588235294,0.294117647058824,17,1
Bacteria,B_L013,oxidative_redox,cell_maintenance,10,17,0.382352941176471,0.4,0.3,0.4,17,1
Bacteria,B_L013,light_energy,energy_acquisition,2,17,0,0,0,0,0,0
Bacteria,B_L013,sulfur_chemolithotrophy,energy_acquisition,7,17,0.00840336134453782,0,0,0,1,0.0588235294117647
Bacteria,B_L013,trace_gas_energy,energy_acquisition,9,17,0.287581699346405,0.333333333333333,0.333333333333333,0.333333333333333,16,0.941176470588235
Bacteria,B_L014,cold_protein_quality,cell_maintenance,4,15,0.35,0.25,0.25,0.5,15,1
Bacteria,B_L014,dna_repair_radiation,cell_maintenance,13,15,0.569230769230769,0.538461538461538,0.461538461538462,0.653846153846154,15,1
Bacteria,B_L014,dormancy_resuscitation,cell_maintenance,5,15,0.12,0.2,0,0.2,9,0.6
Bacteria,B_L014,osmotic_desiccation_salt,cell_maintenance,17,15,0.16078431372549,0.117647058823529,0.117647058823529,0.176470588235294,15,1
Bacteria,B_L014,oxidative_redox,cell_maintenance,10,15,0.413333333333333,0.4,0.3,0.55,15,1
Bacteria,B_L014,light_energy,energy_acquisition,2,15,0,0,0,0,0,0
Bacteria,B_L014,sulfur_chemolithotrophy,energy_acquisition,7,15,0.133333333333333,0,0,0.142857142857143,5,0.333333333333333
Bacteria,B_L014,trace_gas_energy,energy_acquisition,9,15,0.274074074074074,0.333333333333333,0.222222222222222,0.333333333333333,14,0.933333333333333
Bacteria,B_L015,cold_protein_quality,cell_maintenance,4,1,0,0,0,0,0,0
Bacteria,B_L015,dna_repair_radiation,cell_maintenance,13,1,0.307692307692308,0.307692307692308,0.307692307692308,0.307692307692308,1,1
Bacteria,B_L015,dormancy_resuscitation,cell_maintenance,5,1,0.2,0.2,0.2,0.2,1,1
Bacteria,B_L015,osmotic_desiccation_salt,cell_maintenance,17,1,0.0588235294117647,0.0588235294117647,0.0588235294117647,0.0588235294117647,1,1
Bacteria,B_L015,oxidative_redox,cell_maintenance,10,1,0.4,0.4,0.4,0.4,1,1
Bacteria,B_L015,light_energy,energy_acquisition,2,1,0,0,0,0,0,0
Bacteria,B_L015,sulfur_chemolithotrophy,energy_acquisition,7,1,0,0,0,0,0,0
Bacteria,B_L015,trace_gas_energy,energy_acquisition,9,1,0.333333333333333,0.333333333333333,0.333333333333333,0.333333333333333,1,1
Bacteria,B_L016,cold_protein_quality,cell_maintenance,4,1,0.5,0.5,0.5,0.5,1,1
Bacteria,B_L016,dna_repair_radiation,cell_maintenance,13,1,0.692307692307692,0.692307692307692,0.692307692307692,0.692307692307692,1,1
Bacteria,B_L016,dormancy_resuscitation,cell_maintenance,5,1,0.2,0.2,0.2,0.2,1,1
Bacteria,B_L016,osmotic_desiccation_salt,cell_maintenance,17,1,0.294117647058824,0.294117647058824,0.294117647058824,0.294117647058824,1,1
Bacteria,B_L016,oxidative_redox,cell_maintenance,10,1,0.6,0.6,0.6,0.6,1,1
Bacteria,B_L016,light_energy,energy_acquisition,2,1,0,0,0,0,0,0
Bacteria,B_L016,sulfur_chemolithotrophy,energy_acquisition,7,1,0.428571428571429,0.428571428571429,0.428571428571429,0.428571428571429,1,1
Bacteria,B_L016,trace_gas_energy,energy_acquisition,9,1,0.333333333333333,0.333333333333333,0.333333333333333,0.333333333333333,1,1
Bacteria,B_L017,cold_protein_quality,cell_maintenance,4,2,0.5,0.5,0.5,0.5,2,1
Bacteria,B_L017,dna_repair_radiation,cell_maintenance,13,2,0.730769230769231,0.730769230769231,0.711538461538461,0.75,2,1
Bacteria,B_L017,dormancy_resuscitation,cell_maintenance,5,2,0.2,0.2,0.2,0.2,2,1
Bacteria,B_L017,osmotic_desiccation_salt,cell_maintenance,17,2,0.323529411764706,0.323529411764706,0.308823529411765,0.338235294117647,2,1
Bacteria,B_L017,oxidative_redox,cell_maintenance,10,2,0.65,0.65,0.575,0.725,2,1
Bacteria,B_L017,light_energy,energy_acquisition,2,2,0,0,0,0,0,0
Bacteria,B_L017,sulfur_chemolithotrophy,energy_acquisition,7,2,0,0,0,0,0,0
Bacteria,B_L017,trace_gas_energy,energy_acquisition,9,2,0.333333333333333,0.333333333333333,0.333333333333333,0.333333333333333,2,1
Bacteria,B_L018,cold_protein_quality,cell_maintenance,4,25,0.53,0.5,0.5,0.75,24,0.96
Bacteria,B_L018,dna_repair_radiation,cell_maintenance,13,25,0.547692307692308,0.538461538461538,0.461538461538462,0.692307692307692,25,1
Bacteria,B_L018,dormancy_resuscitation,cell_maintenance,5,25,0.136,0.2,0,0.2,17,0.68
Bacteria,B_L018,osmotic_desiccation_salt,cell_maintenance,17,25,0.258823529411765,0.235294117647059,0.176470588235294,0.352941176470588,24,0.96
Bacteria,B_L018,oxidative_redox,cell_maintenance,10,25,0.56,0.6,0.5,0.6,25,1
Bacteria,B_L018,light_energy,energy_acquisition,2,25,0,0,0,0,0,0
Bacteria,B_L018,sulfur_chemolithotrophy,energy_acquisition,7,25,0.2,0,0,0.428571428571429,10,0.4
Bacteria,B_L018,trace_gas_energy,energy_acquisition,9,25,0.231111111111111,0.222222222222222,0,0.333333333333333,18,0.72
Bacteria,B_L019,cold_protein_quality,cell_maintenance,4,1,0.75,0.75,0.75,0.75,1,1
Bacteria,B_L019,dna_repair_radiation,cell_maintenance,13,1,0.846153846153846,0.846153846153846,0.846153846153846,0.846153846153846,1,1
Bacteria,B_L019,dormancy_resuscitation,cell_maintenance,5,1,0.2,0.2,0.2,0.2,1,1
Bacteria,B_L019,osmotic_desiccation_salt,cell_maintenance,17,1,0.411764705882353,0.411764705882353,0.411764705882353,0.411764705882353,1,1
Bacteria,B_L019,oxidative_redox,cell_maintenance,10,1,0.6,0.6,0.6,0.6,1,1
Bacteria,B_L019,light_energy,energy_acquisition,2,1,0,0,0,0,0,0
Bacteria,B_L019,sulfur_chemolithotrophy,energy_acquisition,7,1,0.714285714285714,0.714285714285714,0.714285714285714,0.714285714285714,1,1
Bacteria,B_L019,trace_gas_energy,energy_acquisition,9,1,0.333333333333333,0.333333333333333,0.333333333333333,0.333333333333333,1,1
Bacteria,B_L020,cold_protein_quality,cell_maintenance,4,1,0.25,0.25,0.25,0.25,1,1
Bacteria,B_L020,dna_repair_radiation,cell_maintenance,13,1,0.692307692307692,0.692307692307692,0.692307692307692,0.692307692307692,1,1
Bacteria,B_L020,dormancy_resuscitation,cell_maintenance,5,1,0.2,0.2,0.2,0.2,1,1
Bacteria,B_L020,osmotic_desiccation_salt,cell_maintenance,17,1,0,0,0,0,0,0
Bacteria,B_L020,oxidative_redox,cell_maintenance,10,1,0.5,0.5,0.5,0.5,1,1
Bacteria,B_L020,light_energy,energy_acquisition,2,1,0,0,0,0,0,0
Bacteria,B_L020,sulfur_chemolithotrophy,energy_acquisition,7,1,0,0,0,0,0,0
Bacteria,B_L020,trace_gas_energy,energy_acquisition,9,1,0,0,0,0,0,0
Bacteria,B_L021,cold_protein_quality,cell_maintenance,4,1,0.25,0.25,0.25,0.25,1,1
Bacteria,B_L021,dna_repair_radiation,cell_maintenance,13,1,0.692307692307692,0.692307692307692,0.692307692307692,0.692307692307692,1,1
Bacteria,B_L021,dormancy_resuscitation,cell_maintenance,5,1,0.2,0.2,0.2,0.2,1,1
Bacteria,B_L021,osmotic_desiccation_salt,cell_maintenance,17,1,0,0,0,0,0,0
Bacteria,B_L021,oxidative_redox,cell_maintenance,10,1,0.4,0.4,0.4,0.4,1,1
Bacteria,B_L021,light_energy,energy_acquisition,2,1,0,0,0,0,0,0
Bacteria,B_L021,sulfur_chemolithotrophy,energy_acquisition,7,1,0,0,0,0,0,0
Bacteria,B_L021,trace_gas_energy,energy_acquisition,9,1,0,0,0,0,0,0
Bacteria,B_L022,cold_protein_quality,cell_maintenance,4,2,0,0,0,0,0,0
Bacteria,B_L022,dna_repair_radiation,cell_maintenance,13,2,0.576923076923077,0.576923076923077,0.557692307692307,0.596153846153846,2,1
Bacteria,B_L022,dormancy_resuscitation,cell_maintenance,5,2,0,0,0,0,0,0
Bacteria,B_L022,osmotic_desiccation_salt,cell_maintenance,17,2,0,0,0,0,0,0
Bacteria,B_L022,oxidative_redox,cell_maintenance,10,2,0.25,0.25,0.225,0.275,2,1
Bacteria,B_L022,light_energy,energy_acquisition,2,2,0,0,0,0,0,0
Bacteria,B_L022,sulfur_chemolithotrophy,energy_acquisition,7,2,0,0,0,0,0,0
Bacteria,B_L022,trace_gas_energy,energy_acquisition,9,2,0,0,0,0,0,0
Bacteria,B_L023,cold_protein_quality,cell_maintenance,4,2,0.375,0.375,0.3125,0.4375,2,1
Bacteria,B_L023,dna_repair_radiation,cell_maintenance,13,2,0.461538461538462,0.461538461538462,0.423076923076923,0.5,2,1
Bacteria,B_L023,dormancy_resuscitation,cell_maintenance,5,2,0.1,0.1,0.05,0.15,1,0.5
Bacteria,B_L023,osmotic_desiccation_salt,cell_maintenance,17,2,0.323529411764706,0.323529411764706,0.161764705882353,0.485294117647059,1,0.5
Bacteria,B_L023,oxidative_redox,cell_maintenance,10,2,0.65,0.65,0.575,0.725,2,1
Bacteria,B_L023,light_energy,energy_acquisition,2,2,0,0,0,0,0,0
Bacteria,B_L023,sulfur_chemolithotrophy,energy_acquisition,7,2,0.571428571428572,0.571428571428572,0.5,0.642857142857143,2,1
Bacteria,B_L023,trace_gas_energy,energy_acquisition,9,2,0.222222222222222,0.222222222222222,0.222222222222222,0.222222222222222,2,1
Bacteria,B_L024,cold_protein_quality,cell_maintenance,4,1,0.25,0.25,0.25,0.25,1,1
Bacteria,B_L024,dna_repair_radiation,cell_maintenance,13,1,0.769230769230769,0.769230769230769,0.769230769230769,0.769230769230769,1,1
Bacteria,B_L024,dormancy_resuscitation,cell_maintenance,5,1,0.2,0.2,0.2,0.2,1,1
Bacteria,B_L024,osmotic_desiccation_salt,cell_maintenance,17,1,0,0,0,0,0,0
Bacteria,B_L024,oxidative_redox,cell_maintenance,10,1,0.6,0.6,0.6,0.6,1,1
Bacteria,B_L024,light_energy,energy_acquisition,2,1,0,0,0,0,0,0
Bacteria,B_L024,sulfur_chemolithotrophy,energy_acquisition,7,1,0,0,0,0,0,0
Bacteria,B_L024,trace_gas_energy,energy_acquisition,9,1,0.222222222222222,0.222222222222222,0.222222222222222,0.222222222222222,1,1
Bacteria,B_L025,cold_protein_quality,cell_maintenance,4,1,0.25,0.25,0.25,0.25,1,1
Bacteria,B_L025,dna_repair_radiation,cell_maintenance,13,1,0.230769230769231,0.230769230769231,0.230769230769231,0.230769230769231,1,1
Bacteria,B_L025,dormancy_resuscitation,cell_maintenance,5,1,0,0,0,0,0,0
Bacteria,B_L025,osmotic_desiccation_salt,cell_maintenance,17,1,0.176470588235294,0.176470588235294,0.176470588235294,0.176470588235294,1,1
Bacteria,B_L025,oxidative_redox,cell_maintenance,10,1,0.3,0.3,0.3,0.3,1,1
Bacteria,B_L025,light_energy,energy_acquisition,2,1,0,0,0,0,0,0
Bacteria,B_L025,sulfur_chemolithotrophy,energy_acquisition,7,1,0,0,0,0,0,0
Bacteria,B_L025,trace_gas_energy,energy_acquisition,9,1,0,0,0,0,0,0
Bacteria,B_L026,cold_protein_quality,cell_maintenance,4,1,0.5,0.5,0.5,0.5,1,1
Bacteria,B_L026,dna_repair_radiation,cell_maintenance,13,1,0.692307692307692,0.692307692307692,0.692307692307692,0.692307692307692,1,1
Bacteria,B_L026,dormancy_resuscitation,cell_maintenance,5,1,0,0,0,0,0,0
Bacteria,B_L026,osmotic_desiccation_salt,cell_maintenance,17,1,0.117647058823529,0.117647058823529,0.117647058823529,0.117647058823529,1,1
Bacteria,B_L026,oxidative_redox,cell_maintenance,10,1,0.6,0.6,0.6,0.6,1,1
Bacteria,B_L026,light_energy,energy_acquisition,2,1,0,0,0,0,0,0
Bacteria,B_L026,sulfur_chemolithotrophy,energy_acquisition,7,1,0,0,0,0,0,0
Bacteria,B_L026,trace_gas_energy,energy_acquisition,9,1,0.333333333333333,0.333333333333333,0.333333333333333,0.333333333333333,1,1
Bacteria,B_L027,cold_protein_quality,cell_maintenance,4,1,0.25,0.25,0.25,0.25,1,1
Bacteria,B_L027,dna_repair_radiation,cell_maintenance,13,1,0.615384615384615,0.615384615384615,0.615384615384615,0.615384615384615,1,1
Bacteria,B_L027,dormancy_resuscitation,cell_maintenance,5,1,0.2,0.2,0.2,0.2,1,1
Bacteria,B_L027,osmotic_desiccation_salt,cell_maintenance,17,1,0.294117647058824,0.294117647058824,0.294117647058824,0.294117647058824,1,1
Bacteria,B_L027,oxidative_redox,cell_maintenance,10,1,0.3,0.3,0.3,0.3,1,1
Bacteria,B_L027,light_energy,energy_acquisition,2,1,0,0,0,0,0,0
Bacteria,B_L027,sulfur_chemolithotrophy,energy_acquisition,7,1,0,0,0,0,0,0
Bacteria,B_L027,trace_gas_energy,energy_acquisition,9,1,0,0,0,0,0,0
Bacteria,B_L028,cold_protein_quality,cell_maintenance,4,2,0.5,0.5,0.5,0.5,2,1
Bacteria,B_L028,dna_repair_radiation,cell_maintenance,13,2,0.576923076923077,0.576923076923077,0.557692307692307,0.596153846153846,2,1
Bacteria,B_L028,dormancy_resuscitation,cell_maintenance,5,2,0.2,0.2,0.2,0.2,2,1
Bacteria,B_L028,osmotic_desiccation_salt,cell_maintenance,17,2,0.0294117647058824,0.0294117647058824,0.0147058823529412,0.0441176470588235,1,0.5
Bacteria,B_L028,oxidative_redox,cell_maintenance,10,2,0.45,0.45,0.425,0.475,2,1
Bacteria,B_L028,light_energy,energy_acquisition,2,2,0,0,0,0,0,0
Bacteria,B_L028,sulfur_chemolithotrophy,energy_acquisition,7,2,0,0,0,0,0,0
Bacteria,B_L028,trace_gas_energy,energy_acquisition,9,2,0.166666666666667,0.166666666666667,0.138888888888889,0.194444444444444,2,1
Bacteria,B_L029,cold_protein_quality,cell_maintenance,4,68,0.283088235294118,0.25,0.25,0.5,58,0.852941176470588
Bacteria,B_L029,dna_repair_radiation,cell_maintenance,13,68,0.56447963800905,0.615384615384615,0.461538461538462,0.634615384615384,68,1
Bacteria,B_L029,dormancy_resuscitation,cell_maintenance,5,68,0.102941176470588,0.1,0,0.2,34,0.5
Bacteria,B_L029,osmotic_desiccation_salt,cell_maintenance,17,68,0.153114186851211,0.117647058823529,0.0588235294117647,0.235294117647059,58,0.852941176470588
Bacteria,B_L029,oxidative_redox,cell_maintenance,10,68,0.379411764705882,0.4,0.3,0.5,68,1
Bacteria,B_L029,light_energy,energy_acquisition,2,68,0,0,0,0,0,0
Bacteria,B_L029,sulfur_chemolithotrophy,energy_acquisition,7,68,0.00210084033613446,0,0,0,1,0.0147058823529412
Bacteria,B_L029,trace_gas_energy,energy_acquisition,9,68,0.0375816993464052,0,0,0,14,0.205882352941176
Bacteria,B_L030,cold_protein_quality,cell_maintenance,4,57,0.0131578947368421,0,0,0,3,0.0526315789473684
Bacteria,B_L030,dna_repair_radiation,cell_maintenance,13,57,0.340080971659919,0.384615384615385,0.307692307692308,0.384615384615385,57,1
Bacteria,B_L030,dormancy_resuscitation,cell_maintenance,5,57,0.0245614035087719,0,0,0,7,0.12280701754386
Bacteria,B_L030,osmotic_desiccation_salt,cell_maintenance,17,57,0.0185758513931889,0,0,0.0588235294117647,16,0.280701754385965
Bacteria,B_L030,oxidative_redox,cell_maintenance,10,57,0.13859649122807,0.1,0.1,0.2,50,0.87719298245614
Bacteria,B_L030,light_energy,energy_acquisition,2,57,0,0,0,0,0,0
Bacteria,B_L030,sulfur_chemolithotrophy,energy_acquisition,7,57,0,0,0,0,0,0
Bacteria,B_L030,trace_gas_energy,energy_acquisition,9,57,0.00194931773879142,0,0,0,1,0.0175438596491228
Bacteria,B_L031,cold_protein_quality,cell_maintenance,4,12,0.354166666666667,0.375,0.25,0.5,11,0.916666666666667
Bacteria,B_L031,dna_repair_radiation,cell_maintenance,13,12,0.532051282051282,0.538461538461538,0.461538461538462,0.615384615384615,12,1
Bacteria,B_L031,dormancy_resuscitation,cell_maintenance,5,12,0.333333333333333,0.4,0.2,0.4,12,1
Bacteria,B_L031,osmotic_desiccation_salt,cell_maintenance,17,12,0.147058823529412,0.117647058823529,0.0441176470588235,0.191176470588235,9,0.75
Bacteria,B_L031,oxidative_redox,cell_maintenance,10,12,0.291666666666667,0.25,0.2,0.325,12,1
Bacteria,B_L031,light_energy,energy_acquisition,2,12,0,0,0,0,0,0
Bacteria,B_L031,sulfur_chemolithotrophy,energy_acquisition,7,12,0.0476190476190477,0,0,0.142857142857143,4,0.333333333333333
Bacteria,B_L031,trace_gas_energy,energy_acquisition,9,12,0,0,0,0,0,0
Bacteria,B_L032,cold_protein_quality,cell_maintenance,4,4,0.25,0.25,0.25,0.25,4,1
Bacteria,B_L032,dna_repair_radiation,cell_maintenance,13,4,0.634615384615384,0.653846153846154,0.596153846153846,0.692307692307692,4,1
Bacteria,B_L032,dormancy_resuscitation,cell_maintenance,5,4,0.15,0.2,0.15,0.2,3,0.75
Bacteria,B_L032,osmotic_desiccation_salt,cell_maintenance,17,4,0.235294117647059,0.264705882352942,0.205882352941177,0.294117647058824,4,1
Bacteria,B_L032,oxidative_redox,cell_maintenance,10,4,0.4,0.4,0.375,0.425,4,1
Bacteria,B_L032,light_energy,energy_acquisition,2,4,0,0,0,0,0,0
Bacteria,B_L032,sulfur_chemolithotrophy,energy_acquisition,7,4,0,0,0,0,0,0
Bacteria,B_L032,trace_gas_energy,energy_acquisition,9,4,0.0555555555555555,0.0555555555555555,0,0.111111111111111,2,0.5
Bacteria,B_L033,cold_protein_quality,cell_maintenance,4,24,0.447916666666667,0.5,0.25,0.5,22,0.916666666666667
Bacteria,B_L033,dna_repair_radiation,cell_maintenance,13,24,0.666666666666667,0.653846153846154,0.538461538461538,0.846153846153846,24,1
Bacteria,B_L033,dormancy_resuscitation,cell_maintenance,5,24,0.225,0.2,0.2,0.4,19,0.791666666666667
Bacteria,B_L033,osmotic_desiccation_salt,cell_maintenance,17,24,0.264705882352941,0.294117647058824,0.176470588235294,0.352941176470588,24,1
Bacteria,B_L033,oxidative_redox,cell_maintenance,10,24,0.404166666666667,0.4,0.3,0.5,24,1
Bacteria,B_L033,light_energy,energy_acquisition,2,24,0,0,0,0,0,0
Bacteria,B_L033,sulfur_chemolithotrophy,energy_acquisition,7,24,0.00595238095238096,0,0,0,1,0.0416666666666667
Bacteria,B_L033,trace_gas_energy,energy_acquisition,9,24,0.0277777777777778,0,0,0,5,0.208333333333333
Bacteria,B_L034,cold_protein_quality,cell_maintenance,4,3,0.416666666666667,0.25,0.25,0.5,3,1
Bacteria,B_L034,dna_repair_radiation,cell_maintenance,13,3,0.769230769230769,0.769230769230769,0.692307692307692,0.846153846153846,3,1
Bacteria,B_L034,dormancy_resuscitation,cell_maintenance,5,3,0.4,0.4,0.4,0.4,3,1
Bacteria,B_L034,osmotic_desiccation_salt,cell_maintenance,17,3,0.215686274509804,0.176470588235294,0.176470588235294,0.235294117647059,3,1
Bacteria,B_L034,oxidative_redox,cell_maintenance,10,3,0.4,0.4,0.3,0.5,3,1
Bacteria,B_L034,light_energy,energy_acquisition,2,3,0,0,0,0,0,0
Bacteria,B_L034,sulfur_chemolithotrophy,energy_acquisition,7,3,0.0476190476190477,0,0,0.0714285714285715,1,0.333333333333333
Bacteria,B_L034,trace_gas_energy,energy_acquisition,9,3,0,0,0,0,0,0
Bacteria,B_L035,cold_protein_quality,cell_maintenance,4,7,0.5,0.5,0.5,0.5,7,1
Bacteria,B_L035,dna_repair_radiation,cell_maintenance,13,7,0.56043956043956,0.538461538461538,0.5,0.653846153846154,7,1
Bacteria,B_L035,dormancy_resuscitation,cell_maintenance,5,7,0.285714285714286,0.2,0.2,0.4,7,1
Bacteria,B_L035,osmotic_desiccation_salt,cell_maintenance,17,7,0.117647058823529,0.117647058823529,0.117647058823529,0.147058823529411,6,0.857142857142857
Bacteria,B_L035,oxidative_redox,cell_maintenance,10,7,0.514285714285714,0.5,0.5,0.6,7,1
Bacteria,B_L035,light_energy,energy_acquisition,2,7,0,0,0,0,0,0
Bacteria,B_L035,sulfur_chemolithotrophy,energy_acquisition,7,7,0,0,0,0,0,0
Bacteria,B_L035,trace_gas_energy,energy_acquisition,9,7,0,0,0,0,0,0
Bacteria,B_L036,cold_protein_quality,cell_maintenance,4,5,0.45,0.5,0.5,0.5,5,1
Bacteria,B_L036,dna_repair_radiation,cell_maintenance,13,5,0.769230769230769,0.846153846153846,0.846153846153846,0.846153846153846,5,1
Bacteria,B_L036,dormancy_resuscitation,cell_maintenance,5,5,0.4,0.4,0.4,0.4,5,1
Bacteria,B_L036,osmotic_desiccation_salt,cell_maintenance,17,5,0.0941176470588232,0.117647058823529,0.117647058823529,0.117647058823529,4,0.8
Bacteria,B_L036,oxidative_redox,cell_maintenance,10,5,0.54,0.5,0.5,0.6,5,1
Bacteria,B_L036,light_energy,energy_acquisition,2,5,0,0,0,0,0,0
Bacteria,B_L036,sulfur_chemolithotrophy,energy_acquisition,7,5,0,0,0,0,0,0
Bacteria,B_L036,trace_gas_energy,energy_acquisition,9,5,0.111111111111111,0.111111111111111,0.111111111111111,0.111111111111111,5,1
Bacteria,B_L037,cold_protein_quality,cell_maintenance,4,1,0.5,0.5,0.5,0.5,1,1
Bacteria,B_L037,dna_repair_radiation,cell_maintenance,13,1,0.307692307692308,0.307692307692308,0.307692307692308,0.307692307692308,1,1
Bacteria,B_L037,dormancy_resuscitation,cell_maintenance,5,1,0.4,0.4,0.4,0.4,1,1
Bacteria,B_L037,osmotic_desiccation_salt,cell_maintenance,17,1,0.0588235294117647,0.0588235294117647,0.0588235294117647,0.0588235294117647,1,1
Bacteria,B_L037,oxidative_redox,cell_maintenance,10,1,0.4,0.4,0.4,0.4,1,1
Bacteria,B_L037,light_energy,energy_acquisition,2,1,0,0,0,0,0,0
Bacteria,B_L037,sulfur_chemolithotrophy,energy_acquisition,7,1,0,0,0,0,0,0
Bacteria,B_L037,trace_gas_energy,energy_acquisition,9,1,0.111111111111111,0.111111111111111,0.111111111111111,0.111111111111111,1,1
Bacteria,B_L038,cold_protein_quality,cell_maintenance,4,14,0.25,0.25,0.25,0.25,11,0.785714285714286
Bacteria,B_L038,dna_repair_radiation,cell_maintenance,13,14,0.456043956043956,0.423076923076924,0.326923076923077,0.596153846153846,14,1
Bacteria,B_L038,dormancy_resuscitation,cell_maintenance,5,14,0.242857142857143,0.3,0.05,0.4,10,0.714285714285714
Bacteria,B_L038,osmotic_desiccation_salt,cell_maintenance,17,14,0.11344537815126,0.0588235294117647,0.0588235294117647,0.176470588235294,12,0.857142857142857
Bacteria,B_L038,oxidative_redox,cell_maintenance,10,14,0.278571428571429,0.25,0.2,0.4,14,1
Bacteria,B_L038,light_energy,energy_acquisition,2,14,0,0,0,0,0,0
Bacteria,B_L038,sulfur_chemolithotrophy,energy_acquisition,7,14,0.122448979591837,0,0,0.214285714285714,4,0.285714285714286
Bacteria,B_L038,trace_gas_energy,energy_acquisition,9,14,0.142857142857143,0.111111111111111,0,0.222222222222222,9,0.642857142857143
Bacteria,B_L039,cold_protein_quality,cell_maintenance,4,1,0.25,0.25,0.25,0.25,1,1
Bacteria,B_L039,dna_repair_radiation,cell_maintenance,13,1,0.461538461538462,0.461538461538462,0.461538461538462,0.461538461538462,1,1
Bacteria,B_L039,dormancy_resuscitation,cell_maintenance,5,1,0,0,0,0,0,0
Bacteria,B_L039,osmotic_desiccation_salt,cell_maintenance,17,1,0.0588235294117647,0.0588235294117647,0.0588235294117647,0.0588235294117647,1,1
Bacteria,B_L039,oxidative_redox,cell_maintenance,10,1,0.1,0.1,0.1,0.1,1,1
Bacteria,B_L039,light_energy,energy_acquisition,2,1,0,0,0,0,0,0
Bacteria,B_L039,sulfur_chemolithotrophy,energy_acquisition,7,1,0,0,0,0,0,0
Bacteria,B_L039,trace_gas_energy,energy_acquisition,9,1,0,0,0,0,0,0
Bacteria,B_L040,cold_protein_quality,cell_maintenance,4,136,0.404411764705882,0.5,0.25,0.5,135,0.992647058823529
Bacteria,B_L040,dna_repair_radiation,cell_maintenance,13,136,0.510180995475113,0.538461538461538,0.461538461538462,0.615384615384615,136,1
Bacteria,B_L040,dormancy_resuscitation,cell_maintenance,5,136,0.289705882352941,0.3,0.2,0.4,129,0.948529411764706
Bacteria,B_L040,osmotic_desiccation_salt,cell_maintenance,17,136,0.189446366782007,0.176470588235294,0.117647058823529,0.235294117647059,133,0.977941176470588
Bacteria,B_L040,oxidative_redox,cell_maintenance,10,136,0.327205882352941,0.3,0.3,0.4,136,1
Bacteria,B_L040,light_energy,energy_acquisition,2,136,0,0,0,0,0,0
Bacteria,B_L040,sulfur_chemolithotrophy,energy_acquisition,7,136,0.0220588235294118,0,0,0,21,0.154411764705882
Bacteria,B_L040,trace_gas_energy,energy_acquisition,9,136,0.0596405228758169,0,0,0.111111111111111,42,0.308823529411765
Bacteria,B_L041,cold_protein_quality,cell_maintenance,4,3,0.25,0.25,0.25,0.25,3,1
Bacteria,B_L041,dna_repair_radiation,cell_maintenance,13,3,0.461538461538462,0.461538461538462,0.346153846153847,0.576923076923077,3,1
Bacteria,B_L041,dormancy_resuscitation,cell_maintenance,5,3,0.266666666666667,0.2,0.2,0.3,3,1
Bacteria,B_L041,osmotic_desiccation_salt,cell_maintenance,17,3,0.235294117647059,0.294117647058824,0.205882352941177,0.294117647058824,3,1
Bacteria,B_L041,oxidative_redox,cell_maintenance,10,3,0.3,0.3,0.2,0.4,3,1
Bacteria,B_L041,light_energy,energy_acquisition,2,3,0,0,0,0,0,0
Bacteria,B_L041,sulfur_chemolithotrophy,energy_acquisition,7,3,0,0,0,0,0,0
Bacteria,B_L041,trace_gas_energy,energy_acquisition,9,3,0.037037037037037,0,0,0.0555555555555555,1,0.333333333333333
Bacteria,B_L042,cold_protein_quality,cell_maintenance,4,12,0.0833333333333333,0,0,0.0625,3,0.25
Bacteria,B_L042,dna_repair_radiation,cell_maintenance,13,12,0.5,0.5,0.384615384615385,0.615384615384615,12,1
Bacteria,B_L042,dormancy_resuscitation,cell_maintenance,5,12,0.3,0.4,0.2,0.4,11,0.916666666666667
Bacteria,B_L042,osmotic_desiccation_salt,cell_maintenance,17,12,0.215686274509804,0.235294117647059,0.205882352941177,0.25,11,0.916666666666667
Bacteria,B_L042,oxidative_redox,cell_maintenance,10,12,0.375,0.4,0.3,0.425,12,1
Bacteria,B_L042,light_energy,energy_acquisition,2,12,0,0,0,0,0,0
Bacteria,B_L042,sulfur_chemolithotrophy,energy_acquisition,7,12,0.0357142857142857,0,0,0.0357142857142857,3,0.25
Bacteria,B_L042,trace_gas_energy,energy_acquisition,9,12,0.37037037037037,0.388888888888889,0.305555555555555,0.472222222222222,11,0.916666666666667
Bacteria,B_L043,cold_protein_quality,cell_maintenance,4,2,0.25,0.25,0.25,0.25,2,1
Bacteria,B_L043,dna_repair_radiation,cell_maintenance,13,2,0.538461538461538,0.538461538461538,0.538461538461538,0.538461538461538,2,1
Bacteria,B_L043,dormancy_resuscitation,cell_maintenance,5,2,0.4,0.4,0.4,0.4,2,1
Bacteria,B_L043,osmotic_desiccation_salt,cell_maintenance,17,2,0.411764705882353,0.411764705882353,0.411764705882353,0.411764705882353,2,1
Bacteria,B_L043,oxidative_redox,cell_maintenance,10,2,0.25,0.25,0.225,0.275,2,1
Bacteria,B_L043,light_energy,energy_acquisition,2,2,0,0,0,0,0,0
Bacteria,B_L043,sulfur_chemolithotrophy,energy_acquisition,7,2,0,0,0,0,0,0
Bacteria,B_L043,trace_gas_energy,energy_acquisition,9,2,0,0,0,0,0,0
Bacteria,B_L044,cold_protein_quality,cell_maintenance,4,99,0.328282828282828,0.25,0.25,0.5,76,0.767676767676768
Bacteria,B_L044,dna_repair_radiation,cell_maintenance,13,99,0.665889665889666,0.692307692307692,0.538461538461538,0.769230769230769,99,1
Bacteria,B_L044,dormancy_resuscitation,cell_maintenance,5,99,0.00606060606060606,0,0,0,3,0.0303030303030303
Bacteria,B_L044,osmotic_desiccation_salt,cell_maintenance,17,99,0.203802733214498,0.235294117647059,0.117647058823529,0.294117647058824,87,0.878787878787879
Bacteria,B_L044,oxidative_redox,cell_maintenance,10,99,0.336363636363636,0.3,0.3,0.4,98,0.98989898989899
Bacteria,B_L044,light_energy,energy_acquisition,2,99,0,0,0,0,0,0
Bacteria,B_L044,sulfur_chemolithotrophy,energy_acquisition,7,99,0.00432900432900433,0,0,0,3,0.0303030303030303
Bacteria,B_L044,trace_gas_energy,energy_acquisition,9,99,0.037037037037037,0,0,0.111111111111111,28,0.282828282828283
Bacteria,B_L045,cold_protein_quality,cell_maintenance,4,6,0.333333333333333,0.25,0.25,0.4375,6,1
Bacteria,B_L045,dna_repair_radiation,cell_maintenance,13,6,0.602564102564102,0.615384615384615,0.615384615384615,0.615384615384615,6,1
Bacteria,B_L045,dormancy_resuscitation,cell_maintenance,5,6,0.133333333333333,0.2,0.05,0.2,4,0.666666666666667
Bacteria,B_L045,osmotic_desiccation_salt,cell_maintenance,17,6,0.107843137254902,0.0588235294117647,0.0147058823529412,0.191176470588235,4,0.666666666666667
Bacteria,B_L045,oxidative_redox,cell_maintenance,10,6,0.333333333333333,0.35,0.225,0.4,6,1
Bacteria,B_L045,light_energy,energy_acquisition,2,6,0,0,0,0,0,0
Bacteria,B_L045,sulfur_chemolithotrophy,energy_acquisition,7,6,0,0,0,0,0,0
Bacteria,B_L045,trace_gas_energy,energy_acquisition,9,6,0.037037037037037,0,0,0.0833333333333333,2,0.333333333333333
Bacteria,B_L046,cold_protein_quality,cell_maintenance,4,21,0.285714285714286,0.25,0.25,0.5,18,0.857142857142857
Bacteria,B_L046,dna_repair_radiation,cell_maintenance,13,21,0.611721611721612,0.615384615384615,0.461538461538462,0.769230769230769,21,1
Bacteria,B_L046,dormancy_resuscitation,cell_maintenance,5,21,0.123809523809524,0.2,0,0.2,13,0.619047619047619
Bacteria,B_L046,osmotic_desiccation_salt,cell_maintenance,17,21,0.263305322128852,0.294117647058824,0.176470588235294,0.352941176470588,19,0.904761904761905
Bacteria,B_L046,oxidative_redox,cell_maintenance,10,21,0.423809523809524,0.4,0.3,0.5,21,1
Bacteria,B_L046,light_energy,energy_acquisition,2,21,0,0,0,0,0,0
Bacteria,B_L046,sulfur_chemolithotrophy,energy_acquisition,7,21,0.0204081632653061,0,0,0,2,0.0952380952380952
Bacteria,B_L046,trace_gas_energy,energy_acquisition,9,21,0.206349206349206,0.222222222222222,0.111111111111111,0.333333333333333,20,0.952380952380952
Bacteria,B_L047,cold_protein_quality,cell_maintenance,4,1,0,0,0,0,0,0
Bacteria,B_L047,dna_repair_radiation,cell_maintenance,13,1,0.538461538461538,0.538461538461538,0.538461538461538,0.538461538461538,1,1
Bacteria,B_L047,dormancy_resuscitation,cell_maintenance,5,1,0,0,0,0,0,0
Bacteria,B_L047,osmotic_desiccation_salt,cell_maintenance,17,1,0.0588235294117647,0.0588235294117647,0.0588235294117647,0.0588235294117647,1,1
Bacteria,B_L047,oxidative_redox,cell_maintenance,10,1,0.3,0.3,0.3,0.3,1,1
Bacteria,B_L047,light_energy,energy_acquisition,2,1,0,0,0,0,0,0
Bacteria,B_L047,sulfur_chemolithotrophy,energy_acquisition,7,1,0,0,0,0,0,0
Bacteria,B_L047,trace_gas_energy,energy_acquisition,9,1,0,0,0,0,0,0
Bacteria,B_L048,cold_protein_quality,cell_maintenance,4,332,0.29066265060241,0.25,0.25,0.25,306,0.921686746987952
Bacteria,B_L048,dna_repair_radiation,cell_maintenance,13,332,0.578313253012048,0.615384615384615,0.538461538461538,0.692307692307692,332,1
Bacteria,B_L048,dormancy_resuscitation,cell_maintenance,5,332,0.229518072289157,0.2,0.2,0.4,273,0.822289156626506
Bacteria,B_L048,osmotic_desiccation_salt,cell_maintenance,17,332,0.283132530120482,0.294117647058824,0.176470588235294,0.411764705882353,317,0.954819277108434
Bacteria,B_L048,oxidative_redox,cell_maintenance,10,332,0.373795180722892,0.4,0.3,0.4,330,0.993975903614458
Bacteria,B_L048,light_energy,energy_acquisition,2,332,0,0,0,0,0,0
Bacteria,B_L048,sulfur_chemolithotrophy,energy_acquisition,7,332,0.0176419965576592,0,0,0,32,0.0963855421686747
Bacteria,B_L048,trace_gas_energy,energy_acquisition,9,332,0.107429718875502,0.111111111111111,0,0.222222222222222,174,0.524096385542169
Bacteria,B_L049,cold_protein_quality,cell_maintenance,4,1,0.25,0.25,0.25,0.25,1,1
Bacteria,B_L049,dna_repair_radiation,cell_maintenance,13,1,0.307692307692308,0.307692307692308,0.307692307692308,0.307692307692308,1,1
Bacteria,B_L049,dormancy_resuscitation,cell_maintenance,5,1,0,0,0,0,0,0
Bacteria,B_L049,osmotic_desiccation_salt,cell_maintenance,17,1,0.294117647058824,0.294117647058824,0.294117647058824,0.294117647058824,1,1
Bacteria,B_L049,oxidative_redox,cell_maintenance,10,1,0.6,0.6,0.6,0.6,1,1
Bacteria,B_L049,light_energy,energy_acquisition,2,1,0,0,0,0,0,0
Bacteria,B_L049,sulfur_chemolithotrophy,energy_acquisition,7,1,0.142857142857143,0.142857142857143,0.142857142857143,0.142857142857143,1,1
Bacteria,B_L049,trace_gas_energy,energy_acquisition,9,1,0.333333333333333,0.333333333333333,0.333333333333333,0.333333333333333,1,1
Bacteria,B_L050,cold_protein_quality,cell_maintenance,4,1,0.25,0.25,0.25,0.25,1,1
Bacteria,B_L050,dna_repair_radiation,cell_maintenance,13,1,0.384615384615385,0.384615384615385,0.384615384615385,0.384615384615385,1,1
Bacteria,B_L050,dormancy_resuscitation,cell_maintenance,5,1,0.2,0.2,0.2,0.2,1,1
Bacteria,B_L050,osmotic_desiccation_salt,cell_maintenance,17,1,0.352941176470588,0.352941176470588,0.352941176470588,0.352941176470588,1,1
Bacteria,B_L050,oxidative_redox,cell_maintenance,10,1,0.4,0.4,0.4,0.4,1,1
Bacteria,B_L050,light_energy,energy_acquisition,2,1,0,0,0,0,0,0
Bacteria,B_L050,sulfur_chemolithotrophy,energy_acquisition,7,1,0,0,0,0,0,0
Bacteria,B_L050,trace_gas_energy,energy_acquisition,9,1,0.111111111111111,0.111111111111111,0.111111111111111,0.111111111111111,1,1
Bacteria,B_L051,cold_protein_quality,cell_maintenance,4,2,0.25,0.25,0.25,0.25,2,1
Bacteria,B_L051,dna_repair_radiation,cell_maintenance,13,2,0.769230769230769,0.769230769230769,0.73076923076923,0.807692307692308,2,1
Bacteria,B_L051,dormancy_resuscitation,cell_maintenance,5,2,0.4,0.4,0.4,0.4,2,1
Bacteria,B_L051,osmotic_desiccation_salt,cell_maintenance,17,2,0.352941176470589,0.352941176470589,0.323529411764706,0.382352941176471,2,1
Bacteria,B_L051,oxidative_redox,cell_maintenance,10,2,0.5,0.5,0.4,0.6,2,1
Bacteria,B_L051,light_energy,energy_acquisition,2,2,0,0,0,0,0,0
Bacteria,B_L051,sulfur_chemolithotrophy,energy_acquisition,7,2,0,0,0,0,0,0
Bacteria,B_L051,trace_gas_energy,energy_acquisition,9,2,0.111111111111111,0.111111111111111,0.111111111111111,0.111111111111111,2,1
Bacteria,B_L052,cold_protein_quality,cell_maintenance,4,27,0.259259259259259,0.25,0.25,0.25,26,0.962962962962963
Bacteria,B_L052,dna_repair_radiation,cell_maintenance,13,27,0.455840455840456,0.461538461538462,0.384615384615385,0.538461538461538,27,1
Bacteria,B_L052,dormancy_resuscitation,cell_maintenance,5,27,0.274074074074074,0.4,0.2,0.4,23,0.851851851851852
Bacteria,B_L052,osmotic_desiccation_salt,cell_maintenance,17,27,0.252723311546841,0.235294117647059,0.117647058823529,0.352941176470588,26,0.962962962962963
Bacteria,B_L052,oxidative_redox,cell_maintenance,10,27,0.322222222222222,0.3,0.3,0.4,27,1
Bacteria,B_L052,light_energy,energy_acquisition,2,27,0,0,0,0,0,0
Bacteria,B_L052,sulfur_chemolithotrophy,energy_acquisition,7,27,0,0,0,0,0,0
Bacteria,B_L052,trace_gas_energy,energy_acquisition,9,27,0.0288065843621399,0,0,0,3,0.111111111111111
Bacteria,B_L053,cold_protein_quality,cell_maintenance,4,31,0.32258064516129,0.25,0.25,0.5,31,1
Bacteria,B_L053,dna_repair_radiation,cell_maintenance,13,31,0.573200992555831,0.615384615384615,0.461538461538462,0.692307692307692,31,1
Bacteria,B_L053,dormancy_resuscitation,cell_maintenance,5,31,0.27741935483871,0.4,0.2,0.4,27,0.870967741935484
Bacteria,B_L053,osmotic_desiccation_salt,cell_maintenance,17,31,0.174573055028463,0.176470588235294,0.117647058823529,0.264705882352942,27,0.870967741935484
Bacteria,B_L053,oxidative_redox,cell_maintenance,10,31,0.329032258064516,0.4,0.3,0.4,30,0.967741935483871
Bacteria,B_L053,light_energy,energy_acquisition,2,31,0,0,0,0,0,0
Bacteria,B_L053,sulfur_chemolithotrophy,energy_acquisition,7,31,0.0184331797235023,0,0,0,4,0.129032258064516
Bacteria,B_L053,trace_gas_energy,energy_acquisition,9,31,0,0,0,0,0,0
Bacteria,B_L054,cold_protein_quality,cell_maintenance,4,3,0.333333333333333,0.25,0.25,0.375,3,1
Bacteria,B_L054,dna_repair_radiation,cell_maintenance,13,3,0.589743589743589,0.615384615384615,0.576923076923077,0.615384615384615,3,1
Bacteria,B_L054,dormancy_resuscitation,cell_maintenance,5,3,0.2,0.2,0.1,0.3,2,0.666666666666667
Bacteria,B_L054,osmotic_desiccation_salt,cell_maintenance,17,3,0.254901960784314,0.235294117647059,0.235294117647059,0.264705882352942,3,1
Bacteria,B_L054,oxidative_redox,cell_maintenance,10,3,0.366666666666667,0.4,0.35,0.4,3,1
Bacteria,B_L054,light_energy,energy_acquisition,2,3,0,0,0,0,0,0
Bacteria,B_L054,sulfur_chemolithotrophy,energy_acquisition,7,3,0,0,0,0,0,0
Bacteria,B_L054,trace_gas_energy,energy_acquisition,9,3,0,0,0,0,0,0
Bacteria,B_L055,cold_protein_quality,cell_maintenance,4,1,0.25,0.25,0.25,0.25,1,1
Bacteria,B_L055,dna_repair_radiation,cell_maintenance,13,1,0.615384615384615,0.615384615384615,0.615384615384615,0.615384615384615,1,1
Bacteria,B_L055,dormancy_resuscitation,cell_maintenance,5,1,0.4,0.4,0.4,0.4,1,1
Bacteria,B_L055,osmotic_desiccation_salt,cell_maintenance,17,1,0.294117647058824,0.294117647058824,0.294117647058824,0.294117647058824,1,1
Bacteria,B_L055,oxidative_redox,cell_maintenance,10,1,0.5,0.5,0.5,0.5,1,1
Bacteria,B_L055,light_energy,energy_acquisition,2,1,0,0,0,0,0,0
Bacteria,B_L055,sulfur_chemolithotrophy,energy_acquisition,7,1,0,0,0,0,0,0
Bacteria,B_L055,trace_gas_energy,energy_acquisition,9,1,0.111111111111111,0.111111111111111,0.111111111111111,0.111111111111111,1,1
Bacteria,B_L056,cold_protein_quality,cell_maintenance,4,1,0,0,0,0,0,0
Bacteria,B_L056,dna_repair_radiation,cell_maintenance,13,1,0.538461538461538,0.538461538461538,0.538461538461538,0.538461538461538,1,1
Bacteria,B_L056,dormancy_resuscitation,cell_maintenance,5,1,0.2,0.2,0.2,0.2,1,1
Bacteria,B_L056,osmotic_desiccation_salt,cell_maintenance,17,1,0.294117647058824,0.294117647058824,0.294117647058824,0.294117647058824,1,1
Bacteria,B_L056,oxidative_redox,cell_maintenance,10,1,0.3,0.3,0.3,0.3,1,1
Bacteria,B_L056,light_energy,energy_acquisition,2,1,0,0,0,0,0,0
Bacteria,B_L056,sulfur_chemolithotrophy,energy_acquisition,7,1,0,0,0,0,0,0
Bacteria,B_L056,trace_gas_energy,energy_acquisition,9,1,0.333333333333333,0.333333333333333,0.333333333333333,0.333333333333333,1,1
Bacteria,B_L057,cold_protein_quality,cell_maintenance,4,1,0.5,0.5,0.5,0.5,1,1
Bacteria,B_L057,dna_repair_radiation,cell_maintenance,13,1,0.846153846153846,0.846153846153846,0.846153846153846,0.846153846153846,1,1
Bacteria,B_L057,dormancy_resuscitation,cell_maintenance,5,1,0,0,0,0,0,0
Bacteria,B_L057,osmotic_desiccation_salt,cell_maintenance,17,1,0.294117647058824,0.294117647058824,0.294117647058824,0.294117647058824,1,1
Bacteria,B_L057,oxidative_redox,cell_maintenance,10,1,0.5,0.5,0.5,0.5,1,1
Bacteria,B_L057,light_energy,energy_acquisition,2,1,0,0,0,0,0,0
Bacteria,B_L057,sulfur_chemolithotrophy,energy_acquisition,7,1,0.285714285714286,0.285714285714286,0.285714285714286,0.285714285714286,1,1
Bacteria,B_L057,trace_gas_energy,energy_acquisition,9,1,0.111111111111111,0.111111111111111,0.111111111111111,0.111111111111111,1,1
Bacteria,B_L058,cold_protein_quality,cell_maintenance,4,7,0.428571428571429,0.5,0.25,0.625,6,0.857142857142857
Bacteria,B_L058,dna_repair_radiation,cell_maintenance,13,7,0.516483516483517,0.461538461538462,0.384615384615385,0.653846153846154,7,1
Bacteria,B_L058,dormancy_resuscitation,cell_maintenance,5,7,0.257142857142857,0.2,0.2,0.4,6,0.857142857142857
Bacteria,B_L058,osmotic_desiccation_salt,cell_maintenance,17,7,0.0924369747899159,0.0588235294117647,0,0.176470588235294,4,0.571428571428571
Bacteria,B_L058,oxidative_redox,cell_maintenance,10,7,0.328571428571429,0.3,0.3,0.35,7,1
Bacteria,B_L058,light_energy,energy_acquisition,2,7,0,0,0,0,0,0
Bacteria,B_L058,sulfur_chemolithotrophy,energy_acquisition,7,7,0.0816326530612246,0,0,0.142857142857143,2,0.285714285714286
Bacteria,B_L058,trace_gas_energy,energy_acquisition,9,7,0.142857142857143,0.111111111111111,0.111111111111111,0.166666666666667,7,1
Bacteria,B_L059,cold_protein_quality,cell_maintenance,4,3,0.25,0.25,0.25,0.25,3,1
Bacteria,B_L059,dna_repair_radiation,cell_maintenance,13,3,0.692307692307692,0.615384615384615,0.615384615384615,0.730769230769231,3,1
Bacteria,B_L059,dormancy_resuscitation,cell_maintenance,5,3,0.4,0.4,0.4,0.4,3,1
Bacteria,B_L059,osmotic_desiccation_salt,cell_maintenance,17,3,0.274509803921569,0.235294117647059,0.235294117647059,0.294117647058823,3,1
Bacteria,B_L059,oxidative_redox,cell_maintenance,10,3,0.333333333333333,0.4,0.3,0.4,3,1
Bacteria,B_L059,light_energy,energy_acquisition,2,3,0,0,0,0,0,0
Bacteria,B_L059,sulfur_chemolithotrophy,energy_acquisition,7,3,0.0476190476190477,0,0,0.0714285714285715,1,0.333333333333333
Bacteria,B_L059,trace_gas_energy,energy_acquisition,9,3,0,0,0,0,0,0
Bacteria,B_L060,cold_protein_quality,cell_maintenance,4,7,0.214285714285714,0.25,0.25,0.25,6,0.857142857142857
Bacteria,B_L060,dna_repair_radiation,cell_maintenance,13,7,0.351648351648352,0.384615384615385,0.26923076923077,0.423076923076924,7,1
Bacteria,B_L060,dormancy_resuscitation,cell_maintenance,5,7,0.142857142857143,0.2,0.1,0.2,5,0.714285714285714
Bacteria,B_L060,osmotic_desiccation_salt,cell_maintenance,17,7,0.142857142857143,0.176470588235294,0.0588235294117645,0.235294117647059,5,0.714285714285714
Bacteria,B_L060,oxidative_redox,cell_maintenance,10,7,0.157142857142857,0.2,0.1,0.2,6,0.857142857142857
Bacteria,B_L060,light_energy,energy_acquisition,2,7,0,0,0,0,0,0
Bacteria,B_L060,sulfur_chemolithotrophy,energy_acquisition,7,7,0.0408163265306123,0,0,0.0714285714285715,2,0.285714285714286
Bacteria,B_L060,trace_gas_energy,energy_acquisition,9,7,0.0952380952380951,0.111111111111111,0.111111111111111,0.111111111111111,6,0.857142857142857
Bacteria,B_L061,cold_protein_quality,cell_maintenance,4,3,0.25,0.25,0.25,0.25,3,1
Bacteria,B_L061,dna_repair_radiation,cell_maintenance,13,3,0.512820512820513,0.461538461538462,0.423076923076924,0.576923076923077,3,1
Bacteria,B_L061,dormancy_resuscitation,cell_maintenance,5,3,0.2,0.2,0.1,0.3,2,0.666666666666667
Bacteria,B_L061,osmotic_desiccation_salt,cell_maintenance,17,3,0.176470588235294,0.176470588235294,0.147058823529411,0.205882352941177,3,1
Bacteria,B_L061,oxidative_redox,cell_maintenance,10,3,0.3,0.3,0.3,0.3,3,1
Bacteria,B_L061,light_energy,energy_acquisition,2,3,0,0,0,0,0,0
Bacteria,B_L061,sulfur_chemolithotrophy,energy_acquisition,7,3,0,0,0,0,0,0
Bacteria,B_L061,trace_gas_energy,energy_acquisition,9,3,0.037037037037037,0,0,0.0555555555555555,1,0.333333333333333
Bacteria,B_L062,cold_protein_quality,cell_maintenance,4,25,0.51,0.5,0.25,0.75,23,0.92
Bacteria,B_L062,dna_repair_radiation,cell_maintenance,13,25,0.547692307692308,0.615384615384615,0.461538461538462,0.615384615384615,25,1
Bacteria,B_L062,dormancy_resuscitation,cell_maintenance,5,25,0.568,0.6,0.4,0.8,25,1
Bacteria,B_L062,osmotic_desiccation_salt,cell_maintenance,17,25,0.19764705882353,0.176470588235294,0.176470588235294,0.294117647058824,24,0.96
Bacteria,B_L062,oxidative_redox,cell_maintenance,10,25,0.284,0.3,0.2,0.3,25,1
Bacteria,B_L062,light_energy,energy_acquisition,2,25,0,0,0,0,0,0
Bacteria,B_L062,sulfur_chemolithotrophy,energy_acquisition,7,25,0.0171428571428572,0,0,0,3,0.12
Bacteria,B_L062,trace_gas_energy,energy_acquisition,9,25,0.04,0,0,0,5,0.2
Bacteria,B_L063,cold_protein_quality,cell_maintenance,4,13,0.403846153846154,0.5,0.25,0.5,12,0.923076923076923
Bacteria,B_L063,dna_repair_radiation,cell_maintenance,13,13,0.49112426035503,0.461538461538462,0.384615384615385,0.615384615384615,13,1
Bacteria,B_L063,dormancy_resuscitation,cell_maintenance,5,13,0.215384615384615,0.2,0.2,0.4,10,0.769230769230769
Bacteria,B_L063,osmotic_desiccation_salt,cell_maintenance,17,13,0.0271493212669683,0,0,0.0588235294117647,4,0.307692307692308
Bacteria,B_L063,oxidative_redox,cell_maintenance,10,13,0.407692307692308,0.4,0.3,0.5,13,1
Bacteria,B_L063,light_energy,energy_acquisition,2,13,0,0,0,0,0,0
Bacteria,B_L063,sulfur_chemolithotrophy,energy_acquisition,7,13,0,0,0,0,0,0
Bacteria,B_L063,trace_gas_energy,energy_acquisition,9,13,0.0427350427350427,0,0,0.111111111111111,4,0.307692307692308
Bacteria,B_L064,cold_protein_quality,cell_maintenance,4,31,0.346774193548387,0.25,0.25,0.5,29,0.935483870967742
Bacteria,B_L064,dna_repair_radiation,cell_maintenance,13,31,0.620347394540943,0.615384615384615,0.538461538461538,0.692307692307692,31,1
Bacteria,B_L064,dormancy_resuscitation,cell_maintenance,5,31,0.303225806451613,0.4,0.2,0.4,27,0.870967741935484
Bacteria,B_L064,osmotic_desiccation_salt,cell_maintenance,17,31,0.0550284629981024,0,0,0.117647058823529,15,0.483870967741936
Bacteria,B_L064,oxidative_redox,cell_maintenance,10,31,0.561290322580645,0.5,0.5,0.65,31,1
Bacteria,B_L064,light_energy,energy_acquisition,2,31,0,0,0,0,0,0
Bacteria,B_L064,sulfur_chemolithotrophy,energy_acquisition,7,31,0.00460829493087558,0,0,0,1,0.032258064516129
Bacteria,B_L064,trace_gas_energy,energy_acquisition,9,31,0.003584229390681,0,0,0,1,0.032258064516129
Bacteria,B_L065,cold_protein_quality,cell_maintenance,4,1,0.25,0.25,0.25,0.25,1,1
Bacteria,B_L065,dna_repair_radiation,cell_maintenance,13,1,0.846153846153846,0.846153846153846,0.846153846153846,0.846153846153846,1,1
Bacteria,B_L065,dormancy_resuscitation,cell_maintenance,5,1,0.2,0.2,0.2,0.2,1,1
Bacteria,B_L065,osmotic_desiccation_salt,cell_maintenance,17,1,0.0588235294117647,0.0588235294117647,0.0588235294117647,0.0588235294117647,1,1
Bacteria,B_L065,oxidative_redox,cell_maintenance,10,1,0.5,0.5,0.5,0.5,1,1
Bacteria,B_L065,light_energy,energy_acquisition,2,1,0,0,0,0,0,0
Bacteria,B_L065,sulfur_chemolithotrophy,energy_acquisition,7,1,0,0,0,0,0,0
Bacteria,B_L065,trace_gas_energy,energy_acquisition,9,1,0.111111111111111,0.111111111111111,0.111111111111111,0.111111111111111,1,1
Bacteria,B_L066,cold_protein_quality,cell_maintenance,4,1,0.5,0.5,0.5,0.5,1,1
Bacteria,B_L066,dna_repair_radiation,cell_maintenance,13,1,0.538461538461538,0.538461538461538,0.538461538461538,0.538461538461538,1,1
Bacteria,B_L066,dormancy_resuscitation,cell_maintenance,5,1,0.4,0.4,0.4,0.4,1,1
Bacteria,B_L066,osmotic_desiccation_salt,cell_maintenance,17,1,0.294117647058824,0.294117647058824,0.294117647058824,0.294117647058824,1,1
Bacteria,B_L066,oxidative_redox,cell_maintenance,10,1,0.5,0.5,0.5,0.5,1,1
Bacteria,B_L066,light_energy,energy_acquisition,2,1,0,0,0,0,0,0
Bacteria,B_L066,sulfur_chemolithotrophy,energy_acquisition,7,1,0,0,0,0,0,0
Bacteria,B_L066,trace_gas_energy,energy_acquisition,9,1,0,0,0,0,0,0
Bacteria,B_L067,cold_protein_quality,cell_maintenance,4,4,0.125,0.125,0,0.25,2,0.5
Bacteria,B_L067,dna_repair_radiation,cell_maintenance,13,4,0.961538461538461,0.961538461538461,0.923076923076923,1,4,1
Bacteria,B_L067,dormancy_resuscitation,cell_maintenance,5,4,0.1,0.1,0,0.2,2,0.5
Bacteria,B_L067,osmotic_desiccation_salt,cell_maintenance,17,4,0.073529411764706,0,0,0.073529411764706,1,0.25
Bacteria,B_L067,oxidative_redox,cell_maintenance,10,4,0.425,0.4,0.375,0.45,4,1
Bacteria,B_L067,light_energy,energy_acquisition,2,4,0,0,0,0,0,0
Bacteria,B_L067,sulfur_chemolithotrophy,energy_acquisition,7,4,0,0,0,0,0,0
Bacteria,B_L067,trace_gas_energy,energy_acquisition,9,4,0,0,0,0,0,0
Bacteria,B_L068,cold_protein_quality,cell_maintenance,4,6,0.416666666666667,0.5,0.3125,0.5,6,1
Bacteria,B_L068,dna_repair_radiation,cell_maintenance,13,6,0.602564102564103,0.615384615384615,0.5,0.673076923076923,6,1
Bacteria,B_L068,dormancy_resuscitation,cell_maintenance,5,6,0.333333333333333,0.4,0.25,0.4,6,1
Bacteria,B_L068,osmotic_desiccation_salt,cell_maintenance,17,6,0.205882352941176,0.176470588235294,0.13235294117647,0.308823529411765,6,1
Bacteria,B_L068,oxidative_redox,cell_maintenance,10,6,0.35,0.4,0.325,0.4,6,1
Bacteria,B_L068,light_energy,energy_acquisition,2,6,0,0,0,0,0,0
Bacteria,B_L068,sulfur_chemolithotrophy,energy_acquisition,7,6,0,0,0,0,0,0
Bacteria,B_L068,trace_gas_energy,energy_acquisition,9,6,0.0185185185185185,0,0,0,1,0.166666666666667
Bacteria,B_L069,cold_protein_quality,cell_maintenance,4,3,0.25,0.25,0.125,0.375,2,0.666666666666667
Bacteria,B_L069,dna_repair_radiation,cell_maintenance,13,3,0.538461538461538,0.538461538461538,0.5,0.576923076923077,3,1
Bacteria,B_L069,dormancy_resuscitation,cell_maintenance,5,3,0,0,0,0,0,0
Bacteria,B_L069,osmotic_desiccation_salt,cell_maintenance,17,3,0.137254901960784,0.176470588235294,0.117647058823529,0.176470588235294,3,1
Bacteria,B_L069,oxidative_redox,cell_maintenance,10,3,0.233333333333333,0.2,0.2,0.25,3,1
Bacteria,B_L069,light_energy,energy_acquisition,2,3,0,0,0,0,0,0
Bacteria,B_L069,sulfur_chemolithotrophy,energy_acquisition,7,3,0,0,0,0,0,0
Bacteria,B_L069,trace_gas_energy,energy_acquisition,9,3,0,0,0,0,0,0
Bacteria,B_L070,cold_protein_quality,cell_maintenance,4,1,0.5,0.5,0.5,0.5,1,1
Bacteria,B_L070,dna_repair_radiation,cell_maintenance,13,1,0.307692307692308,0.307692307692308,0.307692307692308,0.307692307692308,1,1
Bacteria,B_L070,dormancy_resuscitation,cell_maintenance,5,1,0.4,0.4,0.4,0.4,1,1
Bacteria,B_L070,osmotic_desiccation_salt,cell_maintenance,17,1,0.0588235294117647,0.0588235294117647,0.0588235294117647,0.0588235294117647,1,1
Bacteria,B_L070,oxidative_redox,cell_maintenance,10,1,0.4,0.4,0.4,0.4,1,1
Bacteria,B_L070,light_energy,energy_acquisition,2,1,0,0,0,0,0,0
Bacteria,B_L070,sulfur_chemolithotrophy,energy_acquisition,7,1,0,0,0,0,0,0
Bacteria,B_L070,trace_gas_energy,energy_acquisition,9,1,0,0,0,0,0,0
Bacteria,B_L071,cold_protein_quality,cell_maintenance,4,1,0.5,0.5,0.5,0.5,1,1
Bacteria,B_L071,dna_repair_radiation,cell_maintenance,13,1,0.230769230769231,0.230769230769231,0.230769230769231,0.230769230769231,1,1
Bacteria,B_L071,dormancy_resuscitation,cell_maintenance,5,1,0,0,0,0,0,0
Bacteria,B_L071,osmotic_desiccation_salt,cell_maintenance,17,1,0.117647058823529,0.117647058823529,0.117647058823529,0.117647058823529,1,1
Bacteria,B_L071,oxidative_redox,cell_maintenance,10,1,0.1,0.1,0.1,0.1,1,1
Bacteria,B_L071,light_energy,energy_acquisition,2,1,0,0,0,0,0,0
Bacteria,B_L071,sulfur_chemolithotrophy,energy_acquisition,7,1,0,0,0,0,0,0
Bacteria,B_L071,trace_gas_energy,energy_acquisition,9,1,0,0,0,0,0,0
Bacteria,B_L072,cold_protein_quality,cell_maintenance,4,3,0.333333333333333,0.25,0.125,0.5,2,0.666666666666667
Bacteria,B_L072,dna_repair_radiation,cell_maintenance,13,3,0.717948717948718,0.769230769230769,0.653846153846154,0.807692307692308,3,1
Bacteria,B_L072,dormancy_resuscitation,cell_maintenance,5,3,0.266666666666667,0.2,0.2,0.3,3,1
Bacteria,B_L072,osmotic_desiccation_salt,cell_maintenance,17,3,0.254901960784314,0.235294117647059,0.235294117647059,0.264705882352942,3,1
Bacteria,B_L072,oxidative_redox,cell_maintenance,10,3,0.3,0.3,0.2,0.4,3,1
Bacteria,B_L072,light_energy,energy_acquisition,2,3,0,0,0,0,0,0
Bacteria,B_L072,sulfur_chemolithotrophy,energy_acquisition,7,3,0,0,0,0,0,0
Bacteria,B_L072,trace_gas_energy,energy_acquisition,9,3,0.037037037037037,0,0,0.0555555555555555,1,0.333333333333333
Bacteria,B_L073,cold_protein_quality,cell_maintenance,4,1,0.5,0.5,0.5,0.5,1,1
Bacteria,B_L073,dna_repair_radiation,cell_maintenance,13,1,0.615384615384615,0.615384615384615,0.615384615384615,0.615384615384615,1,1
Bacteria,B_L073,dormancy_resuscitation,cell_maintenance,5,1,0.4,0.4,0.4,0.4,1,1
Bacteria,B_L073,osmotic_desiccation_salt,cell_maintenance,17,1,0.294117647058824,0.294117647058824,0.294117647058824,0.294117647058824,1,1
Bacteria,B_L073,oxidative_redox,cell_maintenance,10,1,0.3,0.3,0.3,0.3,1,1
Bacteria,B_L073,light_energy,energy_acquisition,2,1,0,0,0,0,0,0
Bacteria,B_L073,sulfur_chemolithotrophy,energy_acquisition,7,1,0,0,0,0,0,0
Bacteria,B_L073,trace_gas_energy,energy_acquisition,9,1,0,0,0,0,0,0
