Name	Completeness	Contamination	Completeness_Model_Used	Translation_Table_Used	Coding_Density	Contig_N50	Average_Gene_Length	Genome_Size	GC_Content	Total_Coding_Sequences	Total_Contigs	Max_Contig_Length	Additional_Notes	cohort	primary	strict	selection_hash
NEE56_danakil__GCA_034190465.1	92.13	1.15	Gradient Boost (General Model)	11	0.911	40248	257.8390966831334	1201103	0.61	1417	81	137665		danakil	True	True	69f190de08c00d78701ea3fe4d53cbb93acd4936b45e9453eed61e5d143912e4
NEE56_danakil__GCA_034190545.1	98.73	0.07	Neural Network (Specific Model)	11	0.909	39046	279.6914480077745	1895979	0.56	2058	117	125204		danakil	True	True	71cd288c55a858ec763599a274a78fcaae0a988062c773cdbbf7134e3d1cc1ea
NEE56_danakil__GCA_042218035.1	96.5	1.64	Gradient Boost (General Model)	11	0.874	26089	265.7627345844504	679484	0.37	746	50	76533		danakil	True	True	64cdd6a81c7a8c1800cc36276032c715f00f7f56a556c6d680dc1eac9de6ad6f
NEE56_danakil__GCA_042218065.1	93.73	1.6	Gradient Boost (General Model)	11	0.895	24955	299.4517506404782	1174119	0.37	1171	98	115952		danakil	True	True	821003c663c7e32efff0df256d7024ffe96e152d9230797bd00618fa2bda9ddb
NEE56_danakil__GCA_042218715.1	90.96	0.31	Gradient Boost (General Model)	11	0.867	15469	303.05005889281506	1777959	0.47	1698	208	48883		danakil	True	True	46104ac40736cee84ee71ed493497173174bc2e657eed3b386278e13c156ed03
NEE56_danakil__GCA_042219495.1	97.11	0.74	Neural Network (Specific Model)	11	0.833	23716	284.15735735735734	3402315	0.65	3330	211	158210		danakil	True	True	024b17bb6447dfd3ba9ae84669937228d4903412e1a334ce9f1464b9a3d6f459
NEE56_danakil__GCA_042219525.1	94.97	0.63	Neural Network (Specific Model)	11	0.831	22689	291.5289925494007	3245986	0.66	3087	207	158210		danakil	True	True	44635522a36dcef7c8b0693f0cfc0bfba9bcfabe54634b0d62d2ecd6adee09c7
NEE56_danakil__GCF_042216475.1	97.88	0.31	Neural Network (Specific Model)	11	0.912	139781	281.50924179554886	2451072	0.66	2651	26	244007		danakil	True	True	35acfe333562f54fdc8d5ae9a854c0d0d2d0cfd3de9e419be0dfb10ab7b32d02
NEE56_mackay__GCA_013697005.1	98.43	4.32	Gradient Boost (General Model)	11	0.892	11420	283.9668157213462	4045993	0.64	4249	479	63049		mackay	True	True	1867b1f8a4cafbbd8087c3d89fba02da305b25efc508639fd23bf1a63eaf2421
NEE56_mackay__GCA_013697905.1	94.14	3.77	Gradient Boost (General Model)	11	0.906	10440	281.7043028146231	2878447	0.68	3091	394	51318		mackay	True	True	10099f03f6f436422721717dcf030d0e2b708525ac4276d5f031b530a7085728
NEE56_mackay__GCA_013697915.1	99.43	1.1	Gradient Boost (General Model)	11	0.864	29695	307.36391509433963	4515099	0.54	4240	271	152910		mackay	True	True	0326139238efc8b0d5a364dbd9d6cb0ba4fd39a5f66bcf439eedbeba929230b8
NEE56_mackay__GCA_013815345.1	99.71	0.27	Gradient Boost (General Model)	11	0.881	114156	278.4266365688488	838886	0.48	886	27	193536		mackay	True	True	0ec20e97a0a74692992e1c116f6240dbe189471b90c8f6f39f99c9b3df669bf2
NEE56_mackay__GCA_013815775.1	98.66	0.04	Neural Network (Specific Model)	11	0.902	260758	287.581098339719	747099	0.45	783	4	329187		mackay	True	True	03d09efc70b3b9fb4d917b7ea5a6379471647ca564fac82a4af44279627f958a
NEE56_mackay__GCA_013816405.1	95.76	0.32	Gradient Boost (General Model)	11	0.908	36398	286.0873822975518	2501464	0.68	2655	102	101846		mackay	True	True	082393c64d2940f72d65a17cf2bb407f67ce58095c62d0aa82cc2d3dd08002f8
NEE56_mackay__GCA_013816855.1	94.19	0.52	Gradient Boost (General Model)	11	0.93	30617	310.71156957928804	2471524	0.61	2472	170	87964		mackay	True	True	0a218a29eed1dc46077e375c49b65f751e5bf91e02fe7e9365057277f173d3b7
NEE56_mackay__GCA_013817245.1	100.0	0.0	Gradient Boost (General Model)	11	0.908	284475	325.9484145764316	2271746	0.44	2113	20	596896		mackay	True	True	0dc511d136de778e37b96cffbb28900353edd196cd5877411e27eb097d52d328
